id,date,is_hebdo,is_published,created_at,updated_at
6806,2026-07-23,False,True,2026-07-23T01:00:01.730304+01:00,2026-07-23T01:00:01.730322+01:00
6805,2026-07-22,False,True,2026-07-22T01:00:14.714619+01:00,2026-07-22T01:00:14.714640+01:00
6804,2026-07-21,False,True,2026-07-21T01:00:14.962876+01:00,2026-07-21T01:00:14.962897+01:00
6803,2026-07-20,False,True,2026-07-20T01:00:14.679312+01:00,2026-07-20T01:00:14.679333+01:00
6802,2026-07-17,True,True,2026-07-17T01:00:14.960889+01:00,2026-07-17T01:00:14.960910+01:00
6801,2026-07-16,False,True,2026-07-16T01:00:17.249895+01:00,2026-07-16T01:00:17.249919+01:00
6800,2026-07-15,False,True,2026-07-15T01:00:15.028613+01:00,2026-07-15T01:00:15.028634+01:00
6799,2026-07-14,False,True,2026-07-14T01:00:01.416465+01:00,2026-07-14T01:00:01.416486+01:00
6798,2026-07-13,False,True,2026-07-13T01:00:15.351281+01:00,2026-07-13T01:00:15.351305+01:00
6797,2026-07-10,True,True,2026-07-10T01:00:14.628372+01:00,2026-07-10T01:00:14.628393+01:00
6796,2026-07-09,False,True,2026-07-09T01:00:02.512768+01:00,2026-07-09T01:00:02.512788+01:00
6795,2026-07-08,False,True,2026-07-08T01:00:19.946133+01:00,2026-07-08T01:00:19.946155+01:00
6794,2026-07-07,False,True,2026-07-07T01:00:22.020831+01:00,2026-07-07T01:00:22.020851+01:00
6793,2026-07-06,False,True,2026-07-06T01:00:14.708827+01:00,2026-07-06T01:00:14.708849+01:00
6792,2026-07-03,True,True,2026-07-03T01:00:02.477743+01:00,2026-07-03T01:00:02.477763+01:00
6791,2026-07-02,False,True,2026-07-02T01:00:01.036328+01:00,2026-07-02T01:00:01.036349+01:00
6790,2026-07-01,False,True,2026-07-01T01:00:00.259447+01:00,2026-07-01T01:00:00.259465+01:00
6789,2026-06-30,False,True,2026-06-30T01:00:20.422134+01:00,2026-06-30T01:00:20.422156+01:00
6788,2026-06-29,False,True,2026-06-29T01:00:14.517194+01:00,2026-06-29T01:00:14.517215+01:00
6787,2026-06-26,True,True,2026-06-26T01:00:02.892717+01:00,2026-06-26T01:00:02.892737+01:00
6786,2026-06-25,False,True,2026-06-25T01:00:14.956578+01:00,2026-06-25T01:00:14.956599+01:00
6785,2026-06-24,False,True,2026-06-24T01:00:15.355520+01:00,2026-06-24T01:00:15.355541+01:00
6784,2026-06-23,False,True,2026-06-23T01:00:20.540853+01:00,2026-06-23T01:00:20.540874+01:00
6783,2026-06-22,False,True,2026-06-22T01:00:14.352947+01:00,2026-06-22T01:00:14.352973+01:00
6782,2026-06-19,True,True,2026-06-19T01:00:02.728328+01:00,2026-06-19T01:00:02.728348+01:00
6781,2026-06-18,False,True,2026-06-18T01:00:14.517880+01:00,2026-06-18T01:00:14.517901+01:00
6780,2026-06-16,False,True,2026-06-16T01:00:14.922330+01:00,2026-06-16T01:00:14.922353+01:00
6779,2026-06-15,False,True,2026-06-15T01:00:03.575346+01:00,2026-06-15T01:00:03.575366+01:00
6778,2026-06-12,True,True,2026-06-12T01:00:14.695553+01:00,2026-06-12T01:00:14.695574+01:00
6777,2026-06-11,False,True,2026-06-11T01:00:02.105364+01:00,2026-06-11T01:00:02.105383+01:00
6776,2026-06-10,False,True,2026-06-10T01:00:15.121939+01:00,2026-06-10T01:00:15.121962+01:00
6775,2026-06-09,False,True,2026-06-09T01:00:14.547238+01:00,2026-06-09T01:00:14.547260+01:00
6774,2026-06-08,False,True,2026-06-08T01:00:14.558405+01:00,2026-06-08T01:00:14.558426+01:00
6773,2026-06-05,True,True,2026-06-05T01:00:14.501335+01:00,2026-06-05T01:00:14.501356+01:00
6772,2026-06-04,False,True,2026-06-04T01:00:17.661224+01:00,2026-06-04T01:00:17.661244+01:00
6771,2026-06-03,False,True,2026-06-03T01:00:01.642748+01:00,2026-06-03T01:00:01.642766+01:00
6770,2026-06-02,False,True,2026-06-02T01:00:02.606679+01:00,2026-06-02T01:00:02.606698+01:00
6769,2026-06-01,True,True,2026-05-29T01:00:01.415076+01:00,2026-05-29T01:00:01.415096+01:00
6768,2026-05-26,False,True,2026-05-26T01:00:14.332668+01:00,2026-05-26T01:00:14.332689+01:00
6767,2026-05-25,False,True,2026-05-25T01:00:14.811554+01:00,2026-05-25T01:00:14.811574+01:00
6766,2026-05-22,True,True,2026-05-22T01:00:14.761062+01:00,2026-05-22T01:00:14.761084+01:00
6765,2026-05-21,False,True,2026-05-21T01:00:00.232687+01:00,2026-05-21T01:00:00.232703+01:00
6764,2026-05-20,False,True,2026-05-20T01:00:00.221551+01:00,2026-05-20T01:00:00.221569+01:00
6763,2026-05-19,False,True,2026-05-19T01:00:15.233740+01:00,2026-05-19T01:00:15.233761+01:00
6762,2026-05-18,False,True,2026-05-18T01:00:14.244648+01:00,2026-05-18T01:00:14.244669+01:00
6761,2026-05-15,True,True,2026-05-15T01:00:17.788429+01:00,2026-05-15T01:00:17.788452+01:00
6760,2026-05-14,False,True,2026-05-14T01:00:15.853018+01:00,2026-05-14T01:00:15.853042+01:00
6759,2026-05-13,False,True,2026-05-13T01:00:14.416362+01:00,2026-05-13T01:00:14.416382+01:00
6758,2026-05-12,False,True,2026-05-12T01:00:17.102042+01:00,2026-05-12T01:00:17.102067+01:00
6757,2026-05-11,False,True,2026-05-11T01:00:00.720976+01:00,2026-05-11T01:00:00.720996+01:00
6756,2026-05-08,True,True,2026-05-08T01:00:01.191771+01:00,2026-05-08T01:00:01.191790+01:00
6755,2026-05-07,False,True,2026-05-07T01:00:16.260018+01:00,2026-05-07T01:00:16.260042+01:00
6754,2026-05-06,False,True,2026-05-06T01:00:14.188561+01:00,2026-05-06T01:00:14.188582+01:00
6753,2026-05-05,False,True,2026-05-05T01:00:14.623208+01:00,2026-05-05T01:00:14.623230+01:00
6752,2026-05-04,True,True,2026-05-01T01:00:00.646873+01:00,2026-05-01T01:00:00.646932+01:00
6751,2026-04-30,False,True,2026-04-30T01:00:14.933576+01:00,2026-04-30T01:00:14.933597+01:00
6750,2026-04-29,False,True,2026-04-29T01:00:02.123511+01:00,2026-04-29T01:00:02.123533+01:00
6749,2026-04-28,False,True,2026-04-28T01:00:00.347157+01:00,2026-04-28T01:00:00.347174+01:00
6748,2026-04-27,False,True,2026-04-27T01:00:14.061941+01:00,2026-04-27T01:00:14.061964+01:00
6747,2026-04-24,True,True,2026-04-24T01:00:13.941797+01:00,2026-04-24T01:00:13.941819+01:00
6746,2026-04-23,False,True,2026-04-23T01:00:13.952956+01:00,2026-04-23T01:00:13.952978+01:00
6745,2026-04-22,False,True,2026-04-22T01:00:02.243131+01:00,2026-04-22T01:00:02.243151+01:00
6744,2026-04-21,False,True,2026-04-21T01:00:15.810370+01:00,2026-04-21T01:00:15.810395+01:00
6743,2026-04-20,False,True,2026-04-20T01:00:14.115541+01:00,2026-04-20T01:00:14.115561+01:00
6742,2026-04-17,True,True,2026-04-17T01:00:15.610731+01:00,2026-04-17T01:00:15.610761+01:00
6741,2026-04-16,False,True,2026-04-16T01:00:01.795242+01:00,2026-04-16T01:00:01.795261+01:00
6740,2026-04-15,False,True,2026-04-15T01:00:14.739971+01:00,2026-04-15T01:00:14.739992+01:00
6739,2026-04-14,False,True,2026-04-14T01:00:14.551787+01:00,2026-04-14T01:00:14.551808+01:00
6738,2026-04-13,False,True,2026-04-13T01:00:00.826572+01:00,2026-04-13T01:00:00.826589+01:00
6737,2026-04-10,True,True,2026-04-10T01:00:01.524602+01:00,2026-04-10T01:00:01.524623+01:00
6736,2026-04-09,False,True,2026-04-09T01:00:13.556290+01:00,2026-04-09T01:00:13.556311+01:00
6735,2026-04-08,False,True,2026-04-08T01:00:14.706128+01:00,2026-04-08T01:00:14.706150+01:00
6734,2026-04-07,False,True,2026-04-07T01:00:01.207933+01:00,2026-04-07T01:00:01.207951+01:00
6733,2026-04-06,False,True,2026-04-06T01:00:00.762379+01:00,2026-04-06T01:00:00.762396+01:00
6732,2026-04-03,True,True,2026-04-03T01:00:14.492137+01:00,2026-04-03T01:00:14.492158+01:00
6731,2026-04-02,False,True,2026-04-02T01:00:14.071713+01:00,2026-04-02T01:00:14.071735+01:00
6730,2026-04-01,False,True,2026-04-01T01:00:15.190355+01:00,2026-04-01T01:00:15.190378+01:00
6729,2026-03-31,False,True,2026-03-31T01:00:17.920839+01:00,2026-03-31T01:00:17.920860+01:00
6728,2026-03-30,False,True,2026-03-30T01:00:13.594815+01:00,2026-03-30T01:00:13.594836+01:00
6727,2026-03-27,True,True,2026-03-27T01:00:14.190668+01:00,2026-03-27T01:00:14.190692+01:00
6726,2026-03-26,False,True,2026-03-26T01:00:13.962706+01:00,2026-03-26T01:00:13.962727+01:00
6725,2026-03-25,False,True,2026-03-25T01:00:00.750249+01:00,2026-03-25T01:00:00.750266+01:00
6724,2026-03-24,True,True,2026-03-24T21:16:20.814838+01:00,2026-03-24T21:16:20.814866+01:00
6721,2026-03-19,False,True,2026-03-19T00:00:14.690454Z,2026-03-19T00:00:14.690480Z
6720,2026-03-18,False,True,2026-03-18T00:00:01.210256Z,2026-03-18T00:00:01.210280Z
6719,2026-03-17,False,True,2026-03-17T00:00:19.209563Z,2026-03-17T00:00:19.209586Z
6718,2026-03-16,False,True,2026-03-16T00:00:16.604750Z,2026-03-16T00:00:16.604773Z
6717,2026-03-13,True,True,2026-03-13T00:00:00.763276Z,2026-03-13T00:00:00.763293Z
6716,2026-03-12,False,True,2026-03-12T00:00:14.996468Z,2026-03-12T00:00:14.996488Z
6715,2026-03-11,False,True,2026-03-11T00:00:24.358355Z,2026-03-11T00:00:24.358377Z
6714,2026-03-10,False,True,2026-03-10T00:00:01.313362Z,2026-03-10T00:00:01.313384Z
6713,2026-03-09,False,True,2026-03-09T00:00:14.168441Z,2026-03-10T12:25:50.944614Z
6712,2026-03-06,True,True,2026-03-06T00:00:15.442456Z,2026-03-09T14:26:29.828540Z
6711,2026-03-05,False,True,2026-03-05T00:00:14.565159Z,2026-03-06T11:53:59.390383Z
6710,2026-03-04,False,True,2026-03-04T00:00:01.601547Z,2026-03-05T11:15:34.448780Z
6709,2026-03-03,False,True,2026-03-03T00:00:16.904432Z,2026-03-04T14:51:55.477896Z
6708,2026-03-02,False,True,2026-03-02T00:00:01.315792Z,2026-03-03T17:15:00.348178Z
6707,2026-02-27,True,True,2026-02-27T00:00:00.853397Z,2026-03-02T14:35:37.106195Z
6706,2026-02-26,False,True,2026-02-26T00:00:14.528007Z,2026-02-27T12:13:20.199467Z
6705,2026-02-25,False,True,2026-02-25T00:00:01.317685Z,2026-02-26T12:52:19.101176Z
6704,2026-02-24,False,True,2026-02-24T00:00:01.498590Z,2026-02-25T12:19:43.696747Z
6703,2026-02-23,False,True,2026-02-23T00:00:13.848299Z,2026-02-24T13:24:13.404063Z
6702,2026-02-20,True,True,2026-02-20T00:00:00.818802Z,2026-02-23T15:20:33.246792Z
6700,2026-02-19,False,True,2026-02-19T00:00:13.791393Z,2026-02-20T11:42:46.824827Z
6701,2026-02-18,False,True,2026-02-19T06:45:30Z,2026-02-19T12:14:05.187378Z
6699,2026-02-17,False,True,2026-02-17T23:00:13.217099Z,2026-02-18T11:42:11.899486Z
6698,2026-02-16,False,True,2026-02-16T23:00:01.827922Z,2026-02-17T12:07:23.920114Z
6697,2026-02-13,True,True,2026-02-13T00:00:00.477408+01:00,2026-02-16T16:49:15.692679Z
6696,2026-02-12,False,True,2026-02-12T00:00:14.994035+01:00,2026-02-13T12:29:45.629130+01:00
6695,2026-02-11,False,True,2026-02-11T00:00:14.052627+01:00,2026-02-12T12:33:01.612291+01:00
6694,2026-02-10,False,True,2026-02-10T00:00:00.304867+01:00,2026-02-11T11:36:00.456710+01:00
6693,2026-02-09,False,True,2026-02-09T00:00:13.161943+01:00,2026-02-10T11:40:53.756792+01:00
6692,2026-02-06,True,True,2026-02-06T00:00:13.014657+01:00,2026-02-09T16:36:13.555350+01:00
6691,2026-02-05,False,True,2026-02-05T00:00:13.584884+01:00,2026-02-09T13:14:27.488142+01:00
6690,2026-02-04,False,True,2026-02-04T00:00:00.737896+01:00,2026-02-05T17:01:02.429532+01:00
6689,2026-02-03,False,True,2026-02-03T01:09:49.762869+01:00,2026-02-04T16:59:30.084426+01:00
6688,2026-02-02,False,True,2026-02-02T00:00:12.197881+01:00,2026-02-02T00:00:12.197903+01:00
6687,2026-01-30,True,True,2026-01-30T00:00:12.550357+01:00,2026-02-02T13:34:55.483072+01:00
6686,2026-01-29,False,True,2026-01-29T00:00:15.329027+01:00,2026-01-30T13:09:26.808140+01:00
6685,2026-01-28,False,True,2026-01-28T00:00:11.985582+01:00,2026-01-29T15:14:07.019350+01:00
6684,2026-01-27,False,True,2026-01-27T00:00:12.137939+01:00,2026-01-28T16:52:34.308653+01:00
6683,2026-01-26,False,True,2026-01-26T00:00:12.217299+01:00,2026-01-27T11:56:47.712148+01:00
6682,2026-01-23,True,True,2026-01-23T00:00:00.012482+01:00,2026-01-26T16:52:25.273450+01:00
6681,2026-01-22,False,True,2026-01-22T00:00:14.639853+01:00,2026-01-23T11:25:53.649182+01:00
6680,2026-01-21,False,True,2026-01-21T00:00:00.524219+01:00,2026-01-22T12:19:26.981720+01:00
6679,2026-01-20,False,True,2026-01-20T00:00:14.101649+01:00,2026-01-21T17:51:32.946302+01:00
6678,2026-01-19,False,True,2026-01-19T00:00:13.368009+01:00,2026-01-20T11:54:24.052458+01:00
6677,2026-01-16,True,True,2026-01-16T00:00:14.118702+01:00,2026-01-19T16:12:55.526113+01:00
6676,2026-01-15,False,True,2026-01-15T00:00:14.478008+01:00,2026-01-16T12:58:07.073808+01:00
6675,2026-01-13,False,True,2026-01-13T00:00:00.296792+01:00,2026-01-15T13:23:31.110941+01:00
6674,2026-01-12,False,True,2026-01-12T00:00:13.803719+01:00,2026-01-13T17:58:16.001154+01:00
6673,2026-01-09,True,True,2026-01-09T00:00:13.957993+01:00,2026-01-12T16:54:00.491068+01:00
6672,2026-01-08,False,True,2026-01-08T00:00:01.343331+01:00,2026-01-09T17:02:32.127165+01:00
6671,2026-01-07,False,True,2026-01-07T00:00:00.309868+01:00,2026-01-08T18:25:22.344810+01:00
6670,2026-01-06,False,True,2026-01-06T00:00:13.587387+01:00,2026-01-07T17:26:31.465352+01:00
6669,2026-01-05,False,True,2026-01-05T00:00:14.306373+01:00,2026-01-07T13:07:48.388714+01:00
6668,2026-01-02,True,True,2026-01-02T00:00:13.942791+01:00,2026-01-07T13:07:48.939477+01:00
6666,2025-12-31,False,True,2025-12-31T00:00:14.840553+01:00,2026-01-07T13:07:49.590303+01:00
6665,2025-12-30,False,True,2025-12-30T00:00:00.383099+01:00,2026-01-07T13:07:50.255468+01:00
6664,2025-12-29,False,True,2025-12-29T00:00:13.700269+01:00,2026-01-07T13:07:50.921008+01:00
6663,2025-12-26,True,True,2025-12-26T00:00:14.550616+01:00,2026-01-07T13:07:51.468366+01:00
6662,2025-12-25,False,True,2025-12-25T00:00:00.135431+01:00,2026-01-07T13:07:52.109218+01:00
6661,2025-12-24,False,True,2025-12-24T00:00:12.990543+01:00,2026-01-07T13:07:52.763752+01:00
6660,2025-12-23,False,True,2025-12-23T00:00:16.673052+01:00,2026-01-07T13:07:53.400451+01:00
6659,2025-12-22,False,True,2025-12-22T00:00:13.045585+01:00,2026-01-07T13:07:54.028643+01:00
6658,2025-12-19,True,True,2025-12-19T00:00:12.812711+01:00,2026-01-07T13:07:54.540007+01:00
6657,2025-12-18,False,True,2025-12-18T00:00:13.919357+01:00,2026-01-07T13:07:55.365371+01:00
6656,2025-12-17,False,True,2025-12-17T00:00:13.668729+01:00,2026-01-07T13:07:56.365043+01:00
6655,2025-12-16,False,True,2025-12-16T00:00:14.703266+01:00,2026-01-07T13:07:57.371491+01:00
6654,2025-12-15,False,True,2025-12-15T00:00:13.171906+01:00,2026-01-07T13:07:58.065969+01:00
6653,2025-12-12,True,True,2025-12-12T00:00:13.399774+01:00,2026-01-07T13:07:58.776817+01:00
6652,2025-12-11,False,True,2025-12-11T00:00:14.065198+01:00,2026-01-07T13:07:59.443315+01:00
6651,2025-12-10,False,True,2025-12-10T00:00:15.048289+01:00,2026-01-07T13:08:00.134988+01:00
6650,2025-12-09,False,True,2025-12-09T00:00:00.206017+01:00,2026-01-07T13:08:00.771525+01:00
6649,2025-12-08,False,True,2025-12-08T00:00:13.131997+01:00,2026-01-07T13:08:01.412809+01:00
6648,2025-12-05,True,True,2025-12-07T07:13:25.092173+01:00,2026-01-07T13:06:42.521495+01:00
6647,2025-12-04,False,True,2025-12-07T07:13:25.090119+01:00,2025-12-07T07:13:25.090139+01:00
6646,2025-12-03,False,True,2025-12-07T07:13:25.088011+01:00,2025-12-07T07:13:25.088032+01:00
6645,2025-12-02,False,True,2025-12-07T07:13:25.085572+01:00,2025-12-07T07:13:25.085594+01:00
6644,2025-12-01,False,True,2025-12-07T07:13:25.083310+01:00,2025-12-07T07:13:25.083342+01:00
6362,2025-11-28,True,True,2025-12-07T07:13:13.110957+01:00,2026-01-07T13:08:04.642352+01:00
1,2025-11-27,False,True,2025-12-07T07:12:53.071616+01:00,2025-12-07T07:12:53.071658+01:00
2,2025-11-26,False,True,2025-12-07T07:12:53.075154+01:00,2025-12-07T07:12:53.075178+01:00
3,2025-11-25,False,True,2025-12-07T07:12:53.078106+01:00,2025-12-07T07:12:53.078127+01:00
4,2025-11-24,False,True,2025-12-07T07:12:53.086848+01:00,2025-12-07T07:12:53.086870+01:00
5,2025-11-21,True,True,2025-12-07T07:12:53.088915+01:00,2026-01-07T13:08:07.805357+01:00
6,2025-11-20,False,True,2025-12-07T07:12:53.090605+01:00,2025-12-07T07:12:53.090636+01:00
7,2025-11-19,False,True,2025-12-07T07:12:53.093966+01:00,2025-12-07T07:12:53.093985+01:00
8,2025-11-17,False,True,2025-12-07T07:12:53.095553+01:00,2025-12-07T07:12:53.095571+01:00
9,2025-11-14,True,True,2025-12-07T07:12:53.097115+01:00,2026-01-07T13:08:10.308199+01:00
10,2025-11-13,False,True,2025-12-07T07:12:53.098620+01:00,2025-12-07T07:12:53.098639+01:00
11,2025-11-12,False,True,2025-12-07T07:12:53.101006+01:00,2025-12-07T07:12:53.101025+01:00
12,2025-11-11,False,True,2025-12-07T07:12:53.102576+01:00,2025-12-07T07:12:53.102594+01:00
13,2025-11-10,False,True,2025-12-07T07:12:53.103985+01:00,2025-12-07T07:12:53.104004+01:00
14,2025-11-07,True,True,2025-12-07T07:12:53.105383+01:00,2026-01-07T13:08:13.688398+01:00
15,2025-11-05,False,True,2025-12-07T07:12:53.106890+01:00,2025-12-07T07:12:53.106909+01:00
16,2025-11-04,False,True,2025-12-07T07:12:53.113244+01:00,2025-12-07T07:12:53.113264+01:00
17,2025-11-03,False,True,2025-12-07T07:12:53.115414+01:00,2025-12-07T07:12:53.115432+01:00
18,2025-10-31,True,True,2025-12-07T07:12:53.116930+01:00,2026-01-07T13:08:16.229477+01:00
19,2025-10-30,False,True,2025-12-07T07:12:53.118527+01:00,2025-12-07T07:12:53.118545+01:00
20,2025-10-29,False,True,2025-12-07T07:12:53.120038+01:00,2025-12-07T07:12:53.120056+01:00
21,2025-10-28,False,True,2025-12-07T07:12:53.121432+01:00,2025-12-07T07:12:53.121450+01:00
22,2025-10-27,False,True,2025-12-07T07:12:53.122921+01:00,2025-12-07T07:12:53.122939+01:00
23,2025-10-24,True,True,2025-12-07T07:12:53.124369+01:00,2026-01-07T13:08:19.274652+01:00
24,2025-10-23,False,True,2025-12-07T07:12:53.125841+01:00,2025-12-07T07:12:53.125859+01:00
25,2025-10-22,False,True,2025-12-07T07:12:53.127307+01:00,2025-12-07T07:12:53.127326+01:00
26,2025-10-21,False,True,2025-12-07T07:12:53.128801+01:00,2025-12-07T07:12:53.128819+01:00
27,2025-10-20,False,True,2025-12-07T07:12:53.130391+01:00,2025-12-07T07:12:53.130409+01:00
28,2025-10-17,True,True,2025-12-07T07:12:53.131880+01:00,2026-01-07T13:08:22.432092+01:00
29,2025-10-16,False,True,2025-12-07T07:12:53.133359+01:00,2025-12-07T07:12:53.133378+01:00
30,2025-10-15,False,True,2025-12-07T07:12:53.134850+01:00,2025-12-07T07:12:53.134869+01:00
31,2025-10-14,False,True,2025-12-07T07:12:53.136290+01:00,2025-12-07T07:12:53.136308+01:00
32,2025-10-13,False,True,2025-12-07T07:12:53.137757+01:00,2025-12-07T07:12:53.137776+01:00
33,2025-10-10,True,True,2025-12-07T07:12:53.140539+01:00,2026-01-07T12:52:11.256173+01:00
34,2025-10-09,False,True,2025-12-07T07:12:53.142087+01:00,2025-12-07T07:12:53.142105+01:00
35,2025-10-08,False,True,2025-12-07T07:12:53.143630+01:00,2025-12-07T07:12:53.143648+01:00
36,2025-10-07,False,True,2025-12-07T07:12:53.145165+01:00,2025-12-07T07:12:53.145184+01:00
37,2025-10-06,False,True,2025-12-07T07:12:53.146666+01:00,2025-12-07T07:12:53.146691+01:00
38,2025-10-03,True,True,2025-12-07T07:12:53.148184+01:00,2026-01-07T13:08:29.037265+01:00
39,2025-10-02,False,True,2025-12-07T07:12:53.149648+01:00,2025-12-07T07:12:53.149666+01:00
40,2025-10-01,False,True,2025-12-07T07:12:53.151100+01:00,2025-12-07T07:12:53.151118+01:00
42,2025-09-29,False,True,2025-12-07T07:12:53.154134+01:00,2025-12-07T07:12:53.154153+01:00
43,2025-09-26,True,True,2025-12-07T07:12:53.155583+01:00,2026-01-07T13:08:33.729106+01:00
44,2025-09-25,False,True,2025-12-07T07:12:53.157107+01:00,2025-12-07T07:12:53.157125+01:00
45,2025-09-24,False,True,2025-12-07T07:12:53.158504+01:00,2025-12-07T07:12:53.158522+01:00
46,2025-09-23,False,True,2025-12-07T07:12:53.160472+01:00,2025-12-07T07:12:53.160490+01:00
47,2025-09-22,False,True,2025-12-07T07:12:53.161966+01:00,2025-12-07T07:12:53.161985+01:00
48,2025-09-19,True,True,2025-12-07T07:12:53.163498+01:00,2026-01-07T13:08:37.164129+01:00
49,2025-09-18,False,True,2025-12-07T07:12:53.165032+01:00,2025-12-07T07:12:53.165050+01:00
50,2025-09-17,False,True,2025-12-07T07:12:53.166511+01:00,2025-12-07T07:12:53.166529+01:00
51,2025-09-16,False,True,2025-12-07T07:12:53.168026+01:00,2025-12-07T07:12:53.168045+01:00
52,2025-09-15,False,True,2025-12-07T07:12:53.169582+01:00,2025-12-07T07:12:53.169600+01:00
53,2025-09-12,True,True,2025-12-07T07:12:53.171168+01:00,2026-01-07T13:08:40.640889+01:00
54,2025-09-11,False,True,2025-12-07T07:12:53.173665+01:00,2025-12-07T07:12:53.173690+01:00
55,2025-09-10,False,True,2025-12-07T07:12:53.175209+01:00,2025-12-07T07:12:53.175228+01:00
56,2025-09-09,False,True,2025-12-07T07:12:53.176775+01:00,2025-12-07T07:12:53.176794+01:00
57,2025-09-08,True,True,2025-12-07T07:12:53.178294+01:00,2026-01-07T13:08:43.714537+01:00
58,2025-09-04,False,True,2025-12-07T07:12:53.179977+01:00,2025-12-07T07:12:53.179996+01:00
59,2025-09-03,False,True,2025-12-07T07:12:53.181699+01:00,2025-12-07T07:12:53.181718+01:00
60,2025-09-02,False,True,2025-12-07T07:12:53.183181+01:00,2025-12-07T07:12:53.183199+01:00
61,2025-09-01,False,True,2025-12-07T07:12:53.184644+01:00,2025-12-07T07:12:53.184663+01:00
62,2025-08-29,True,True,2025-12-07T07:12:53.186668+01:00,2026-01-07T13:08:47.206939+01:00
63,2025-08-28,False,True,2025-12-07T07:12:53.188230+01:00,2025-12-07T07:12:53.188248+01:00
64,2025-08-27,False,True,2025-12-07T07:12:53.189799+01:00,2025-12-07T07:12:53.189819+01:00
65,2025-08-26,False,True,2025-12-07T07:12:53.191187+01:00,2025-12-07T07:12:53.191205+01:00
66,2025-08-25,False,True,2025-12-07T07:12:53.193015+01:00,2025-12-07T07:12:53.193033+01:00
67,2025-08-22,True,True,2025-12-07T07:12:53.194461+01:00,2026-01-07T13:08:50.420501+01:00
68,2025-08-19,False,True,2025-12-07T07:12:53.195959+01:00,2025-12-07T07:12:53.195978+01:00
69,2025-08-18,False,True,2025-12-07T07:12:53.197569+01:00,2025-12-07T07:12:53.197632+01:00
70,2025-08-15,True,True,2025-12-07T07:12:53.199206+01:00,2026-01-07T13:08:52.204983+01:00
71,2025-08-13,False,True,2025-12-07T07:12:53.200636+01:00,2025-12-07T07:12:53.200654+01:00
72,2025-08-12,False,True,2025-12-07T07:12:53.202828+01:00,2025-12-07T07:12:53.202846+01:00
73,2025-08-11,False,True,2025-12-07T07:12:53.204321+01:00,2025-12-07T07:12:53.204340+01:00
74,2025-08-08,True,True,2025-12-07T07:12:53.206086+01:00,2026-01-07T13:08:54.857046+01:00
75,2025-08-07,False,True,2025-12-07T07:12:53.207547+01:00,2025-12-07T07:12:53.207565+01:00
76,2025-08-06,False,True,2025-12-07T07:12:53.208958+01:00,2025-12-07T07:12:53.208976+01:00
77,2025-08-05,False,True,2025-12-07T07:12:53.210553+01:00,2025-12-07T07:12:53.210571+01:00
78,2025-08-04,False,True,2025-12-07T07:12:53.211994+01:00,2025-12-07T07:12:53.212012+01:00
80,2025-07-31,False,True,2025-12-07T07:12:53.214997+01:00,2025-12-07T07:12:53.215016+01:00
81,2025-07-29,False,True,2025-12-07T07:12:53.216476+01:00,2025-12-07T07:12:53.216494+01:00
82,2025-07-28,False,True,2025-12-07T07:12:53.218011+01:00,2025-12-07T07:12:53.218029+01:00
83,2025-07-25,True,True,2025-12-07T07:12:53.219543+01:00,2026-01-07T13:09:00.467283+01:00
84,2025-07-24,False,True,2025-12-07T07:12:53.221029+01:00,2025-12-07T07:12:53.221060+01:00
85,2025-07-23,False,True,2025-12-07T07:12:53.222636+01:00,2025-12-07T07:12:53.222655+01:00
86,2025-07-22,False,True,2025-12-07T07:12:53.224116+01:00,2025-12-07T07:12:53.224134+01:00
87,2025-07-21,False,True,2025-12-07T07:12:53.225634+01:00,2025-12-07T07:12:53.225652+01:00
88,2025-07-18,True,True,2025-12-07T07:12:53.227162+01:00,2026-01-07T13:09:05.353334+01:00
89,2025-07-17,False,True,2025-12-07T07:12:53.228745+01:00,2025-12-07T07:12:53.228764+01:00
90,2025-07-16,False,True,2025-12-07T07:12:53.230269+01:00,2025-12-07T07:12:53.230287+01:00
91,2025-07-15,False,True,2025-12-07T07:12:53.231774+01:00,2025-12-07T07:12:53.231793+01:00
92,2025-07-14,False,True,2025-12-07T07:12:53.233463+01:00,2025-12-07T07:12:53.233483+01:00
93,2025-07-11,True,True,2025-12-07T07:12:53.235010+01:00,2026-01-07T12:57:29.734180+01:00
94,2025-07-10,False,True,2025-12-07T07:12:53.236916+01:00,2025-12-07T07:12:53.236934+01:00
95,2025-07-09,False,True,2025-12-07T07:12:53.239389+01:00,2025-12-07T07:12:53.239407+01:00
96,2025-07-08,False,True,2025-12-07T07:12:53.240812+01:00,2025-12-07T07:12:53.240831+01:00
97,2025-07-07,False,True,2025-12-07T07:12:53.242331+01:00,2025-12-07T07:12:53.242349+01:00
98,2025-07-04,True,True,2025-12-07T07:12:53.243887+01:00,2026-01-07T12:54:09.689663+01:00
99,2025-07-03,False,True,2025-12-07T07:12:53.245398+01:00,2025-12-07T07:12:53.245417+01:00
100,2025-07-02,False,True,2025-12-07T07:12:53.246930+01:00,2025-12-07T07:12:53.246948+01:00
101,2025-07-01,False,True,2025-12-07T07:12:53.248509+01:00,2025-12-07T07:12:53.248527+01:00
102,2025-06-30,True,True,2025-12-07T07:12:53.250013+01:00,2026-01-07T13:09:13.325551+01:00
103,2025-06-26,False,True,2025-12-07T07:12:53.251764+01:00,2025-12-07T07:12:53.251782+01:00
104,2025-06-25,False,True,2025-12-07T07:12:53.254189+01:00,2025-12-07T07:12:53.254207+01:00
105,2025-06-24,False,True,2025-12-07T07:12:53.255842+01:00,2025-12-07T07:12:53.255860+01:00
106,2025-06-23,False,True,2025-12-07T07:12:53.258286+01:00,2025-12-07T07:12:53.258304+01:00
107,2025-06-20,True,True,2025-12-07T07:12:53.259858+01:00,2026-01-07T13:09:16.505150+01:00
108,2025-06-19,False,True,2025-12-07T07:12:53.261614+01:00,2025-12-07T07:12:53.261635+01:00
109,2025-06-18,False,True,2025-12-07T07:12:53.263151+01:00,2025-12-07T07:12:53.263171+01:00
110,2025-06-17,False,True,2025-12-07T07:12:53.265341+01:00,2025-12-07T07:12:53.265359+01:00
111,2025-06-16,False,True,2025-12-07T07:12:53.266874+01:00,2025-12-07T07:12:53.266892+01:00
112,2025-06-13,True,True,2025-12-07T07:12:53.268301+01:00,2026-01-07T13:09:19.709511+01:00
113,2025-06-12,False,True,2025-12-07T07:12:53.269920+01:00,2025-12-07T07:12:53.269939+01:00
114,2025-06-11,False,True,2025-12-07T07:12:53.271946+01:00,2025-12-07T07:12:53.271965+01:00
115,2025-06-10,False,True,2025-12-07T07:12:53.273457+01:00,2025-12-07T07:12:53.273477+01:00
116,2025-06-06,True,True,2025-12-07T07:12:53.274952+01:00,2026-01-07T13:09:22.397808+01:00
117,2025-06-05,False,True,2025-12-07T07:12:53.276462+01:00,2025-12-07T07:12:53.276482+01:00
118,2025-06-04,False,True,2025-12-07T07:12:53.278264+01:00,2025-12-07T07:12:53.278282+01:00
119,2025-06-03,False,True,2025-12-07T07:12:53.279772+01:00,2025-12-07T07:12:53.279793+01:00
120,2025-06-02,False,True,2025-12-07T07:12:53.281234+01:00,2025-12-07T07:12:53.281254+01:00
121,2025-05-30,True,True,2025-12-07T07:12:53.282699+01:00,2026-01-07T13:09:25.556273+01:00
122,2025-05-29,False,True,2025-12-07T07:12:53.284128+01:00,2025-12-07T07:12:53.284147+01:00
123,2025-05-28,False,True,2025-12-07T07:12:53.285614+01:00,2025-12-07T07:12:53.285633+01:00
124,2025-05-27,False,True,2025-12-07T07:12:53.287151+01:00,2025-12-07T07:12:53.287169+01:00
125,2025-05-26,False,True,2025-12-07T07:12:53.288626+01:00,2025-12-07T07:12:53.288644+01:00
126,2025-05-23,True,True,2025-12-07T07:12:53.290037+01:00,2026-01-07T13:04:10.991693+01:00
127,2025-05-22,False,True,2025-12-07T07:12:53.291546+01:00,2025-12-07T07:12:53.291565+01:00
128,2025-05-21,False,True,2025-12-07T07:12:53.293048+01:00,2025-12-07T07:12:53.293066+01:00
129,2025-05-20,False,True,2025-12-07T07:12:53.294494+01:00,2025-12-07T07:12:53.294513+01:00
130,2025-05-19,False,True,2025-12-07T07:12:53.295946+01:00,2025-12-07T07:12:53.295964+01:00
131,2025-05-16,True,True,2025-12-07T07:12:53.297459+01:00,2026-01-07T13:09:31.534797+01:00
132,2025-05-15,False,True,2025-12-07T07:12:53.299021+01:00,2025-12-07T07:12:53.299040+01:00
133,2025-05-14,False,True,2025-12-07T07:12:53.300597+01:00,2025-12-07T07:12:53.300615+01:00
134,2025-05-13,False,True,2025-12-07T07:12:53.302103+01:00,2025-12-07T07:12:53.302122+01:00
135,2025-05-12,False,True,2025-12-07T07:12:53.303595+01:00,2025-12-07T07:12:53.303613+01:00
136,2025-05-09,True,True,2025-12-07T07:12:53.305132+01:00,2026-01-07T13:09:34.904256+01:00
137,2025-05-08,False,True,2025-12-07T07:12:53.306603+01:00,2025-12-07T07:12:53.306621+01:00
138,2025-05-07,False,True,2025-12-07T07:12:53.308031+01:00,2025-12-07T07:12:53.308050+01:00
139,2025-05-06,False,True,2025-12-07T07:12:53.309454+01:00,2025-12-07T07:12:53.309473+01:00
140,2025-05-05,False,True,2025-12-07T07:12:53.310918+01:00,2025-12-07T07:12:53.310936+01:00
141,2025-05-02,True,True,2025-12-07T07:12:53.312843+01:00,2026-01-07T13:09:38.202733+01:00
142,2025-04-30,False,True,2025-12-07T07:12:53.314491+01:00,2025-12-07T07:12:53.314511+01:00
143,2025-04-29,False,True,2025-12-07T07:12:53.317121+01:00,2025-12-07T07:12:53.317140+01:00
144,2025-04-28,False,True,2025-12-07T07:12:53.318645+01:00,2025-12-07T07:12:53.318664+01:00
145,2025-04-25,True,True,2025-12-07T07:12:53.320047+01:00,2026-01-07T13:09:40.597661+01:00
146,2025-04-24,False,True,2025-12-07T07:12:53.321481+01:00,2025-12-07T07:12:53.321500+01:00
147,2025-04-23,False,True,2025-12-07T07:12:53.322970+01:00,2025-12-07T07:12:53.322990+01:00
148,2025-04-22,False,True,2025-12-07T07:12:53.324471+01:00,2025-12-07T07:12:53.324489+01:00
149,2025-04-21,False,True,2025-12-07T07:12:53.325918+01:00,2025-12-07T07:12:53.325937+01:00
150,2025-04-18,True,True,2025-12-07T07:12:53.327388+01:00,2026-01-07T13:09:43.817601+01:00
151,2025-04-17,False,True,2025-12-07T07:12:53.328850+01:00,2025-12-07T07:12:53.328870+01:00
152,2025-04-16,False,True,2025-12-07T07:12:53.330351+01:00,2025-12-07T07:12:53.330369+01:00
153,2025-04-15,False,True,2025-12-07T07:12:53.331726+01:00,2025-12-07T07:12:53.331745+01:00
154,2025-04-14,False,True,2025-12-07T07:12:53.333189+01:00,2025-12-07T07:12:53.333208+01:00
155,2025-04-11,True,True,2025-12-07T07:12:53.334627+01:00,2026-01-07T13:09:47.060529+01:00
156,2025-04-10,False,True,2025-12-07T07:12:53.335985+01:00,2025-12-07T07:12:53.336019+01:00
157,2025-04-09,False,True,2025-12-07T07:12:53.337428+01:00,2025-12-07T07:12:53.337447+01:00
158,2025-04-08,False,True,2025-12-07T07:12:53.338908+01:00,2025-12-07T07:12:53.338927+01:00
159,2025-04-07,False,True,2025-12-07T07:12:53.341515+01:00,2025-12-07T07:12:53.341534+01:00
160,2025-04-04,True,True,2025-12-07T07:12:53.342950+01:00,2026-01-07T13:09:50.397737+01:00
161,2025-04-03,False,True,2025-12-07T07:12:53.344472+01:00,2025-12-07T07:12:53.344492+01:00
162,2025-04-02,False,True,2025-12-07T07:12:53.345853+01:00,2025-12-07T07:12:53.345890+01:00
163,2025-03-28,True,True,2025-12-07T07:12:53.347275+01:00,2026-01-07T12:58:26.432042+01:00
164,2025-03-27,False,True,2025-12-07T07:12:53.348625+01:00,2025-12-07T07:12:53.348644+01:00
165,2025-03-26,False,True,2025-12-07T07:12:53.350151+01:00,2025-12-07T07:12:53.350170+01:00
166,2025-03-25,False,True,2025-12-07T07:12:53.351604+01:00,2025-12-07T07:12:53.351623+01:00
167,2025-03-24,False,True,2025-12-07T07:12:53.353020+01:00,2025-12-07T07:12:53.353039+01:00
168,2025-03-21,True,True,2025-12-07T07:12:53.354537+01:00,2026-01-07T13:09:54.655204+01:00
169,2025-03-20,False,True,2025-12-07T07:12:53.356598+01:00,2025-12-07T07:12:53.356618+01:00
170,2025-03-19,False,True,2025-12-07T07:12:53.358484+01:00,2025-12-07T07:12:53.358503+01:00
171,2025-03-18,False,True,2025-12-07T07:12:53.359988+01:00,2025-12-07T07:12:53.360008+01:00
172,2025-03-17,False,True,2025-12-07T07:12:53.361679+01:00,2025-12-07T07:12:53.361708+01:00
173,2025-03-14,True,True,2025-12-07T07:12:53.363228+01:00,2026-01-07T13:09:57.739283+01:00
174,2025-03-13,False,True,2025-12-07T07:12:53.364863+01:00,2025-12-07T07:12:53.364883+01:00
175,2025-03-12,False,True,2025-12-07T07:12:53.366440+01:00,2025-12-07T07:12:53.366460+01:00
176,2025-03-11,False,True,2025-12-07T07:12:53.368484+01:00,2025-12-07T07:12:53.368503+01:00
177,2025-03-10,False,True,2025-12-07T07:12:53.370149+01:00,2025-12-07T07:12:53.370168+01:00
178,2025-03-07,True,True,2025-12-07T07:12:53.371628+01:00,2026-01-07T13:10:00.818278+01:00
179,2025-03-06,False,True,2025-12-07T07:12:53.373129+01:00,2025-12-07T07:12:53.373149+01:00
180,2025-03-05,False,True,2025-12-07T07:12:53.374620+01:00,2025-12-07T07:12:53.374640+01:00
181,2025-03-04,False,True,2025-12-07T07:12:53.376076+01:00,2025-12-07T07:12:53.376095+01:00
182,2025-03-03,False,True,2025-12-07T07:12:53.377531+01:00,2025-12-07T07:12:53.377551+01:00
183,2025-02-28,True,True,2025-12-07T07:12:53.379035+01:00,2026-01-07T13:10:04.207665+01:00
184,2025-02-27,False,True,2025-12-07T07:12:53.380476+01:00,2025-12-07T07:12:53.380496+01:00
185,2025-02-26,False,True,2025-12-07T07:12:53.381926+01:00,2025-12-07T07:12:53.381945+01:00
186,2025-02-25,False,True,2025-12-07T07:12:53.383259+01:00,2025-12-07T07:12:53.383294+01:00
187,2025-02-24,False,True,2025-12-07T07:12:53.384766+01:00,2025-12-07T07:12:53.384786+01:00
188,2025-02-21,True,True,2025-12-07T07:12:53.386235+01:00,2026-01-07T12:55:16.190052+01:00
189,2025-02-20,False,True,2025-12-07T07:12:53.387700+01:00,2025-12-07T07:12:53.387720+01:00
190,2025-02-19,False,True,2025-12-07T07:12:53.389235+01:00,2025-12-07T07:12:53.389255+01:00
191,2025-02-18,False,True,2025-12-07T07:12:53.390709+01:00,2025-12-07T07:12:53.390729+01:00
192,2025-02-17,False,True,2025-12-07T07:12:53.392179+01:00,2025-12-07T07:12:53.392198+01:00
193,2025-02-14,True,True,2025-12-07T07:12:53.393662+01:00,2026-01-07T13:10:09.893982+01:00
194,2025-02-13,False,True,2025-12-07T07:12:53.395124+01:00,2025-12-07T07:12:53.395144+01:00
195,2025-02-12,False,True,2025-12-07T07:12:53.396678+01:00,2025-12-07T07:12:53.396702+01:00
196,2025-02-11,False,True,2025-12-07T07:12:53.398166+01:00,2025-12-07T07:12:53.398186+01:00
197,2025-02-10,False,True,2025-12-07T07:12:53.399644+01:00,2025-12-07T07:12:53.399663+01:00
198,2025-02-07,True,True,2025-12-07T07:12:53.401095+01:00,2026-01-07T13:10:13.014323+01:00
199,2025-02-06,False,True,2025-12-07T07:12:53.402569+01:00,2025-12-07T07:12:53.402588+01:00
200,2025-02-05,False,True,2025-12-07T07:12:53.404579+01:00,2025-12-07T07:12:53.404599+01:00
201,2025-02-04,False,True,2025-12-07T07:12:53.406042+01:00,2025-12-07T07:12:53.406061+01:00
202,2025-02-03,False,True,2025-12-07T07:12:53.407469+01:00,2025-12-07T07:12:53.407489+01:00
203,2025-01-31,True,True,2025-12-07T07:12:53.408913+01:00,2026-01-07T13:10:16.038583+01:00
204,2025-01-30,False,True,2025-12-07T07:12:53.410330+01:00,2025-12-07T07:12:53.410350+01:00
205,2025-01-29,False,True,2025-12-07T07:12:53.411760+01:00,2025-12-07T07:12:53.411780+01:00
206,2025-01-28,False,True,2025-12-07T07:12:53.413200+01:00,2025-12-07T07:12:53.413219+01:00
207,2025-01-27,False,True,2025-12-07T07:12:53.414705+01:00,2025-12-07T07:12:53.414724+01:00
208,2025-01-24,True,True,2025-12-07T07:12:53.416089+01:00,2026-01-07T13:10:20.970042+01:00
209,2025-01-23,False,True,2025-12-07T07:12:53.417563+01:00,2025-12-07T07:12:53.417581+01:00
210,2025-01-22,False,True,2025-12-07T07:12:53.418899+01:00,2025-12-07T07:12:53.418917+01:00
211,2025-01-21,False,True,2025-12-07T07:12:53.420390+01:00,2025-12-07T07:12:53.420408+01:00
212,2025-01-20,False,True,2025-12-07T07:12:53.421758+01:00,2025-12-07T07:12:53.421782+01:00
213,2025-01-17,True,True,2025-12-07T07:12:53.423164+01:00,2026-01-07T13:10:26.548578+01:00
214,2025-01-16,False,True,2025-12-07T07:12:53.424504+01:00,2025-12-07T07:12:53.424522+01:00
215,2025-01-15,False,True,2025-12-07T07:12:53.426033+01:00,2025-12-07T07:12:53.426053+01:00
216,2025-01-13,False,True,2025-12-07T07:12:53.427460+01:00,2025-12-07T07:12:53.427478+01:00
217,2025-01-10,True,True,2025-12-07T07:12:53.429105+01:00,2026-01-07T13:10:40.383576+01:00
218,2025-01-09,False,True,2025-12-07T07:12:53.430465+01:00,2025-12-07T07:12:53.430504+01:00
219,2025-01-08,False,True,2025-12-07T07:12:53.432008+01:00,2025-12-07T07:12:53.432026+01:00
220,2025-01-07,False,True,2025-12-07T07:12:53.433400+01:00,2025-12-07T07:12:53.433421+01:00
221,2025-01-06,False,True,2025-12-07T07:12:53.434915+01:00,2025-12-07T07:12:53.434934+01:00
222,2025-01-03,True,True,2025-12-07T07:12:53.436291+01:00,2026-01-07T13:10:59.043797+01:00
223,2025-01-02,False,True,2025-12-07T07:12:53.437646+01:00,2025-12-07T07:12:53.437664+01:00
224,2024-12-31,False,True,2025-12-07T07:12:53.439121+01:00,2025-12-07T07:12:53.439141+01:00
225,2024-12-30,False,True,2025-12-07T07:12:53.440461+01:00,2025-12-07T07:12:53.440497+01:00
226,2024-12-27,True,True,2025-12-07T07:12:53.441827+01:00,2026-01-07T13:04:55.966376+01:00
227,2024-12-26,False,True,2025-12-07T07:12:53.443208+01:00,2025-12-07T07:12:53.443247+01:00
228,2024-12-25,False,True,2025-12-07T07:12:53.444568+01:00,2025-12-07T07:12:53.444603+01:00
229,2024-12-24,False,True,2025-12-07T07:12:53.446020+01:00,2025-12-07T07:12:53.446039+01:00
230,2024-12-23,False,True,2025-12-07T07:12:53.447404+01:00,2025-12-07T07:12:53.447423+01:00
231,2024-12-20,True,True,2025-12-07T07:12:53.448788+01:00,2026-01-07T13:11:23.780692+01:00
232,2024-12-19,False,True,2025-12-07T07:12:53.450202+01:00,2025-12-07T07:12:53.450223+01:00
233,2024-12-18,False,True,2025-12-07T07:12:53.451661+01:00,2025-12-07T07:12:53.451680+01:00
234,2024-12-17,False,True,2025-12-07T07:12:53.453134+01:00,2025-12-07T07:12:53.453154+01:00
235,2024-12-16,False,True,2025-12-07T07:12:53.454485+01:00,2025-12-07T07:12:53.454523+01:00
236,2024-12-13,True,True,2025-12-07T07:12:53.456009+01:00,2026-01-07T13:11:27.668524+01:00
237,2024-12-12,False,True,2025-12-07T07:12:53.457405+01:00,2025-12-07T07:12:53.457424+01:00
238,2024-12-11,False,True,2025-12-07T07:12:53.458855+01:00,2025-12-07T07:12:53.458874+01:00
239,2024-12-10,False,True,2025-12-07T07:12:53.460182+01:00,2025-12-07T07:12:53.460201+01:00
240,2024-12-09,False,True,2025-12-07T07:12:53.461592+01:00,2025-12-07T07:12:53.461612+01:00
241,2024-12-06,True,True,2025-12-07T07:12:53.463018+01:00,2026-01-07T13:11:30.836342+01:00
242,2024-12-05,False,True,2025-12-07T07:12:53.464426+01:00,2025-12-07T07:12:53.464445+01:00
243,2024-12-04,False,True,2025-12-07T07:12:53.465861+01:00,2025-12-07T07:12:53.465880+01:00
244,2024-12-03,False,True,2025-12-07T07:12:53.467306+01:00,2025-12-07T07:12:53.467324+01:00
245,2024-12-02,False,True,2025-12-07T07:12:53.468670+01:00,2025-12-07T07:12:53.468717+01:00
246,2024-11-29,True,True,2025-12-07T07:12:53.470379+01:00,2026-01-07T13:11:34.389318+01:00
247,2024-11-28,False,True,2025-12-07T07:12:53.471878+01:00,2025-12-07T07:12:53.471908+01:00
248,2024-11-27,False,True,2025-12-07T07:12:53.473321+01:00,2025-12-07T07:12:53.473340+01:00
249,2024-11-26,False,True,2025-12-07T07:12:53.474709+01:00,2025-12-07T07:12:53.474752+01:00
250,2024-11-25,False,True,2025-12-07T07:12:53.476198+01:00,2025-12-07T07:12:53.476217+01:00
251,2024-11-22,True,True,2025-12-07T07:12:53.477552+01:00,2026-01-07T13:11:37.537076+01:00
252,2024-11-21,False,True,2025-12-07T07:12:53.479068+01:00,2025-12-07T07:12:53.479088+01:00
253,2024-11-20,False,True,2025-12-07T07:12:53.480476+01:00,2025-12-07T07:12:53.480495+01:00
254,2024-11-19,False,True,2025-12-07T07:12:53.481965+01:00,2025-12-07T07:12:53.481984+01:00
255,2024-11-15,True,True,2025-12-07T07:12:53.483361+01:00,2026-01-07T13:04:13.456964+01:00
256,2024-11-14,False,True,2025-12-07T07:12:53.484708+01:00,2025-12-07T07:12:53.484730+01:00
257,2024-11-13,False,True,2025-12-07T07:12:53.486941+01:00,2025-12-07T07:12:53.486959+01:00
258,2024-11-12,False,True,2025-12-07T07:12:53.488448+01:00,2025-12-07T07:12:53.488467+01:00
259,2024-11-11,False,True,2025-12-07T07:12:53.489829+01:00,2025-12-07T07:12:53.489867+01:00
260,2024-11-08,True,True,2025-12-07T07:12:53.491238+01:00,2026-01-07T13:11:42.583239+01:00
261,2024-11-07,False,True,2025-12-07T07:12:53.492577+01:00,2025-12-07T07:12:53.492614+01:00
262,2024-11-05,False,True,2025-12-07T07:12:53.494004+01:00,2025-12-07T07:12:53.494023+01:00
263,2024-11-04,False,True,2025-12-07T07:12:53.495337+01:00,2025-12-07T07:12:53.495355+01:00
264,2024-11-01,True,True,2025-12-07T07:12:53.496716+01:00,2026-01-07T13:11:44.944356+01:00
265,2024-10-31,False,True,2025-12-07T07:12:53.498171+01:00,2025-12-07T07:12:53.498191+01:00
266,2024-10-30,False,True,2025-12-07T07:12:53.499842+01:00,2025-12-07T07:12:53.499861+01:00
267,2024-10-29,False,True,2025-12-07T07:12:53.501404+01:00,2025-12-07T07:12:53.501424+01:00
268,2024-10-28,False,True,2025-12-07T07:12:53.502886+01:00,2025-12-07T07:12:53.502910+01:00
269,2024-10-25,True,True,2025-12-07T07:12:53.504444+01:00,2026-01-07T13:11:48.001851+01:00
270,2024-10-24,False,True,2025-12-07T07:12:53.505997+01:00,2025-12-07T07:12:53.506017+01:00
271,2024-10-23,False,True,2025-12-07T07:12:53.507515+01:00,2025-12-07T07:12:53.507534+01:00
272,2024-10-22,False,True,2025-12-07T07:12:53.509044+01:00,2025-12-07T07:12:53.509066+01:00
273,2024-10-21,False,True,2025-12-07T07:12:53.510603+01:00,2025-12-07T07:12:53.510622+01:00
274,2024-10-18,True,True,2025-12-07T07:12:53.512222+01:00,2026-01-07T13:11:51.364019+01:00
275,2024-10-17,False,True,2025-12-07T07:12:53.513764+01:00,2025-12-07T07:12:53.513784+01:00
276,2024-10-16,False,True,2025-12-07T07:12:53.515258+01:00,2025-12-07T07:12:53.515292+01:00
277,2024-10-15,False,True,2025-12-07T07:12:53.516834+01:00,2025-12-07T07:12:53.516854+01:00
278,2024-10-14,False,True,2025-12-07T07:12:53.518384+01:00,2025-12-07T07:12:53.518404+01:00
279,2024-10-11,True,True,2025-12-07T07:12:53.519978+01:00,2026-01-07T13:11:54.583515+01:00
280,2024-10-10,False,True,2025-12-07T07:12:53.521807+01:00,2025-12-07T07:12:53.521825+01:00
281,2024-10-09,False,True,2025-12-07T07:12:53.523383+01:00,2025-12-07T07:12:53.523407+01:00
282,2024-10-08,False,True,2025-12-07T07:12:53.525064+01:00,2025-12-07T07:12:53.525082+01:00
283,2024-10-07,False,True,2025-12-07T07:12:53.526483+01:00,2025-12-07T07:12:53.526502+01:00
284,2024-10-04,True,True,2025-12-07T07:12:53.527988+01:00,2026-01-07T13:11:57.560210+01:00
285,2024-10-03,False,True,2025-12-07T07:12:53.529449+01:00,2025-12-07T07:12:53.529468+01:00
286,2024-10-02,False,True,2025-12-07T07:12:53.530902+01:00,2025-12-07T07:12:53.530921+01:00
287,2024-10-01,False,True,2025-12-07T07:12:53.532345+01:00,2025-12-07T07:12:53.532363+01:00
288,2024-09-30,False,True,2025-12-07T07:12:53.533900+01:00,2025-12-07T07:12:53.533924+01:00
289,2024-09-27,True,True,2025-12-07T07:12:53.535477+01:00,2026-01-07T13:12:00.537106+01:00
290,2024-09-26,False,True,2025-12-07T07:12:53.536907+01:00,2025-12-07T07:12:53.536947+01:00
291,2024-09-25,False,True,2025-12-07T07:12:53.538410+01:00,2025-12-07T07:12:53.538429+01:00
292,2024-09-24,False,True,2025-12-07T07:12:53.539849+01:00,2025-12-07T07:12:53.539868+01:00
293,2024-09-23,False,True,2025-12-07T07:12:53.541339+01:00,2025-12-07T07:12:53.541381+01:00
294,2024-09-20,True,True,2025-12-07T07:12:53.542897+01:00,2026-01-07T13:12:03.554929+01:00
295,2024-09-19,False,True,2025-12-07T07:12:53.544456+01:00,2025-12-07T07:12:53.544494+01:00
296,2024-09-18,False,True,2025-12-07T07:12:53.545898+01:00,2025-12-07T07:12:53.545917+01:00
297,2024-09-13,True,True,2025-12-07T07:12:53.547468+01:00,2026-01-07T13:12:05.349785+01:00
298,2024-09-12,False,True,2025-12-07T07:12:53.548936+01:00,2025-12-07T07:12:53.548963+01:00
299,2024-09-11,False,True,2025-12-07T07:12:53.550436+01:00,2025-12-07T07:12:53.550455+01:00
300,2024-09-10,False,True,2025-12-07T07:12:53.551926+01:00,2025-12-07T07:12:53.551947+01:00
301,2024-09-09,False,True,2025-12-07T07:12:53.553499+01:00,2025-12-07T07:12:53.553520+01:00
302,2024-09-06,True,True,2025-12-07T07:12:53.555019+01:00,2026-01-07T13:12:08.327148+01:00
303,2024-09-05,False,True,2025-12-07T07:12:53.556719+01:00,2025-12-07T07:12:53.556738+01:00
304,2024-09-04,False,True,2025-12-07T07:12:53.558309+01:00,2025-12-07T07:12:53.558330+01:00
305,2024-09-03,False,True,2025-12-07T07:12:53.559884+01:00,2025-12-07T07:12:53.559904+01:00
306,2024-09-02,False,True,2025-12-07T07:12:53.561414+01:00,2025-12-07T07:12:53.561435+01:00
307,2024-08-30,True,True,2025-12-07T07:12:53.563100+01:00,2026-01-07T13:12:11.385260+01:00
308,2024-08-29,False,True,2025-12-07T07:12:53.564576+01:00,2025-12-07T07:12:53.564623+01:00
309,2024-08-28,False,True,2025-12-07T07:12:53.566144+01:00,2025-12-07T07:12:53.566164+01:00
310,2024-08-27,False,True,2025-12-07T07:12:53.567677+01:00,2025-12-07T07:12:53.567705+01:00
311,2024-08-26,False,True,2025-12-07T07:12:53.569291+01:00,2025-12-07T07:12:53.569310+01:00
312,2024-08-23,True,True,2025-12-07T07:12:53.570845+01:00,2026-01-07T12:51:30.342096+01:00
313,2024-08-22,False,True,2025-12-07T07:12:53.572413+01:00,2025-12-07T07:12:53.572433+01:00
314,2024-08-19,False,True,2025-12-07T07:12:53.573887+01:00,2025-12-07T07:12:53.573908+01:00
315,2024-08-16,True,True,2025-12-07T07:12:53.575415+01:00,2026-01-07T13:12:15.728957+01:00
316,2024-08-15,False,True,2025-12-07T07:12:53.577085+01:00,2025-12-07T07:12:53.577104+01:00
317,2024-08-13,False,True,2025-12-07T07:12:53.578779+01:00,2025-12-07T07:12:53.578799+01:00
318,2024-08-12,False,True,2025-12-07T07:12:53.580312+01:00,2025-12-07T07:12:53.580332+01:00
319,2024-08-09,True,True,2025-12-07T07:12:53.581929+01:00,2026-01-07T13:12:18.053387+01:00
320,2024-08-08,False,True,2025-12-07T07:12:53.583424+01:00,2025-12-07T07:12:53.583442+01:00
321,2024-08-07,False,True,2025-12-07T07:12:53.585090+01:00,2025-12-07T07:12:53.585109+01:00
322,2024-08-06,False,True,2025-12-07T07:12:53.586688+01:00,2025-12-07T07:12:53.586709+01:00
323,2024-08-05,False,True,2025-12-07T07:12:53.588228+01:00,2025-12-07T07:12:53.588250+01:00
324,2024-08-02,True,True,2025-12-07T07:12:53.589759+01:00,2026-01-07T13:12:21.174914+01:00
325,2024-08-01,False,True,2025-12-07T07:12:53.591282+01:00,2025-12-07T07:12:53.591301+01:00
326,2024-07-31,False,True,2025-12-07T07:12:53.592700+01:00,2025-12-07T07:12:53.592725+01:00
327,2024-07-29,False,True,2025-12-07T07:12:53.594164+01:00,2025-12-07T07:12:53.594186+01:00
328,2024-07-26,True,True,2025-12-07T07:12:53.595670+01:00,2026-01-07T13:12:23.899840+01:00
329,2024-07-25,False,True,2025-12-07T07:12:53.598445+01:00,2025-12-07T07:12:53.598464+01:00
330,2024-07-24,False,True,2025-12-07T07:12:53.599987+01:00,2025-12-07T07:12:53.600007+01:00
331,2024-07-23,False,True,2025-12-07T07:12:53.601617+01:00,2025-12-07T07:12:53.601635+01:00
332,2024-07-22,False,True,2025-12-07T07:12:53.603089+01:00,2025-12-07T07:12:53.603108+01:00
333,2024-07-19,True,True,2025-12-07T07:12:53.605016+01:00,2026-01-07T13:12:26.915405+01:00
334,2024-07-18,False,True,2025-12-07T07:12:53.606479+01:00,2025-12-07T07:12:53.606500+01:00
335,2024-07-17,False,True,2025-12-07T07:12:53.608063+01:00,2025-12-07T07:12:53.608087+01:00
336,2024-07-16,False,True,2025-12-07T07:12:53.609563+01:00,2025-12-07T07:12:53.609584+01:00
337,2024-07-15,False,True,2025-12-07T07:12:53.611143+01:00,2025-12-07T07:12:53.611166+01:00
338,2024-07-12,True,True,2025-12-07T07:12:53.612614+01:00,2026-01-07T13:12:29.870490+01:00
339,2024-07-11,False,True,2025-12-07T07:12:53.614298+01:00,2025-12-07T07:12:53.614317+01:00
340,2024-07-10,False,True,2025-12-07T07:12:53.615861+01:00,2025-12-07T07:12:53.615883+01:00
341,2024-07-09,False,True,2025-12-07T07:12:53.617283+01:00,2025-12-07T07:12:53.617302+01:00
342,2024-07-08,False,True,2025-12-07T07:12:53.618787+01:00,2025-12-07T07:12:53.618808+01:00
343,2024-07-05,True,True,2025-12-07T07:12:53.620273+01:00,2026-01-07T13:12:32.840073+01:00
344,2024-07-04,False,True,2025-12-07T07:12:53.621739+01:00,2025-12-07T07:12:53.621758+01:00
345,2024-07-03,False,True,2025-12-07T07:12:53.623191+01:00,2025-12-07T07:12:53.623224+01:00
346,2024-07-02,False,True,2025-12-07T07:12:53.624722+01:00,2025-12-07T07:12:53.624754+01:00
347,2024-07-01,False,True,2025-12-07T07:12:53.626211+01:00,2025-12-07T07:12:53.626246+01:00
348,2024-06-28,True,True,2025-12-07T07:12:53.627659+01:00,2026-01-07T13:12:35.923386+01:00
349,2024-06-27,False,True,2025-12-07T07:12:53.629271+01:00,2025-12-07T07:12:53.629291+01:00
350,2024-06-26,False,True,2025-12-07T07:12:53.630777+01:00,2025-12-07T07:12:53.630796+01:00
351,2024-06-25,False,True,2025-12-07T07:12:53.632314+01:00,2025-12-07T07:12:53.632333+01:00
352,2024-06-24,False,True,2025-12-07T07:12:53.633739+01:00,2025-12-07T07:12:53.633759+01:00
353,2024-06-21,True,True,2025-12-07T07:12:53.635252+01:00,2026-01-07T13:12:38.936993+01:00
354,2024-06-20,False,True,2025-12-07T07:12:53.636777+01:00,2025-12-07T07:12:53.636798+01:00
355,2024-06-19,False,True,2025-12-07T07:12:53.638242+01:00,2025-12-07T07:12:53.638278+01:00
356,2024-06-14,True,True,2025-12-07T07:12:53.640818+01:00,2026-01-07T13:12:40.817997+01:00
357,2024-06-13,False,True,2025-12-07T07:12:53.642359+01:00,2025-12-07T07:12:53.642378+01:00
358,2024-06-12,False,True,2025-12-07T07:12:53.643875+01:00,2025-12-07T07:12:53.643894+01:00
359,2024-06-11,False,True,2025-12-07T07:12:53.645541+01:00,2025-12-07T07:12:53.645560+01:00
360,2024-06-10,False,True,2025-12-07T07:12:53.647010+01:00,2025-12-07T07:12:53.647028+01:00
361,2024-06-07,True,True,2025-12-07T07:12:53.648476+01:00,2026-01-07T13:12:44.291066+01:00
362,2024-06-06,False,True,2025-12-07T07:12:53.649957+01:00,2025-12-07T07:12:53.649976+01:00
363,2024-06-05,False,True,2025-12-07T07:12:53.651400+01:00,2025-12-07T07:12:53.651418+01:00
364,2024-06-04,False,True,2025-12-07T07:12:53.652873+01:00,2025-12-07T07:12:53.652891+01:00
365,2024-06-03,False,True,2025-12-07T07:12:53.654439+01:00,2025-12-07T07:12:53.654457+01:00
366,2024-05-31,True,True,2025-12-07T07:12:53.655840+01:00,2026-01-07T13:12:47.271431+01:00
367,2024-05-30,False,True,2025-12-07T07:12:53.657240+01:00,2025-12-07T07:12:53.657260+01:00
368,2024-05-29,False,True,2025-12-07T07:12:53.658791+01:00,2025-12-07T07:12:53.658810+01:00
369,2024-05-28,False,True,2025-12-07T07:12:53.660397+01:00,2025-12-07T07:12:53.660416+01:00
370,2024-05-27,False,True,2025-12-07T07:12:53.662153+01:00,2025-12-07T07:12:53.662172+01:00
371,2024-05-24,True,True,2025-12-07T07:12:53.663762+01:00,2026-01-07T13:12:50.353000+01:00
372,2024-05-23,False,True,2025-12-07T07:12:53.665320+01:00,2025-12-07T07:12:53.665338+01:00
373,2024-05-22,False,True,2025-12-07T07:12:53.667079+01:00,2025-12-07T07:12:53.667099+01:00
374,2024-05-21,False,True,2025-12-07T07:12:53.668739+01:00,2025-12-07T07:12:53.668778+01:00
375,2024-05-20,False,True,2025-12-07T07:12:53.670356+01:00,2025-12-07T07:12:53.670374+01:00
376,2024-05-17,True,True,2025-12-07T07:12:53.671857+01:00,2026-01-07T13:04:12.189251+01:00
377,2024-05-16,False,True,2025-12-07T07:12:53.673386+01:00,2025-12-07T07:12:53.673404+01:00
378,2024-05-15,False,True,2025-12-07T07:12:53.675035+01:00,2025-12-07T07:12:53.675054+01:00
379,2024-05-14,False,True,2025-12-07T07:12:53.676524+01:00,2025-12-07T07:12:53.676542+01:00
380,2024-05-13,False,True,2025-12-07T07:12:53.678021+01:00,2025-12-07T07:12:53.678039+01:00
381,2024-05-10,True,True,2025-12-07T07:12:53.679592+01:00,2026-01-07T13:12:56.243547+01:00
382,2024-05-09,False,True,2025-12-07T07:12:53.681433+01:00,2025-12-07T07:12:53.681451+01:00
383,2024-05-08,False,True,2025-12-07T07:12:53.682972+01:00,2025-12-07T07:12:53.682991+01:00
384,2024-05-07,False,True,2025-12-07T07:12:53.684534+01:00,2025-12-07T07:12:53.684554+01:00
385,2024-05-06,False,True,2025-12-07T07:12:53.686202+01:00,2025-12-07T07:12:53.686220+01:00
386,2024-05-03,True,True,2025-12-07T07:12:53.687817+01:00,2026-01-07T13:12:59.406625+01:00
387,2024-05-02,False,True,2025-12-07T07:12:53.689485+01:00,2025-12-07T07:12:53.689505+01:00
388,2024-04-30,False,True,2025-12-07T07:12:53.691161+01:00,2025-12-07T07:12:53.691179+01:00
389,2024-04-29,False,True,2025-12-07T07:12:53.692793+01:00,2025-12-07T07:12:53.692812+01:00
390,2024-04-26,True,True,2025-12-07T07:12:53.694399+01:00,2026-01-07T13:13:01.888788+01:00
391,2024-04-25,False,True,2025-12-07T07:12:53.695958+01:00,2025-12-07T07:12:53.695977+01:00
392,2024-04-24,False,True,2025-12-07T07:12:53.697476+01:00,2025-12-07T07:12:53.697495+01:00
393,2024-04-23,False,True,2025-12-07T07:12:53.699206+01:00,2025-12-07T07:12:53.699226+01:00
394,2024-04-22,False,True,2025-12-07T07:12:53.700799+01:00,2025-12-07T07:12:53.700819+01:00
395,2024-04-19,True,True,2025-12-07T07:12:53.702492+01:00,2026-01-07T13:13:05.208596+01:00
396,2024-04-18,False,True,2025-12-07T07:12:53.704009+01:00,2025-12-07T07:12:53.704040+01:00
397,2024-04-17,False,True,2025-12-07T07:12:53.705633+01:00,2025-12-07T07:12:53.705653+01:00
398,2024-04-16,False,True,2025-12-07T07:12:53.707159+01:00,2025-12-07T07:12:53.707177+01:00
399,2024-04-15,True,True,2025-12-07T07:12:53.708743+01:00,2026-01-07T13:13:07.623389+01:00
400,2024-04-09,False,True,2025-12-07T07:12:53.710422+01:00,2025-12-07T07:12:53.710440+01:00
401,2024-04-08,False,True,2025-12-07T07:12:53.712007+01:00,2025-12-07T07:12:53.712026+01:00
402,2024-04-05,True,True,2025-12-07T07:12:53.713518+01:00,2026-01-07T13:13:09.370126+01:00
403,2024-04-04,False,True,2025-12-07T07:12:53.715090+01:00,2025-12-07T07:12:53.715109+01:00
404,2024-04-03,False,True,2025-12-07T07:12:53.716646+01:00,2025-12-07T07:12:53.716664+01:00
405,2024-04-02,False,True,2025-12-07T07:12:53.718161+01:00,2025-12-07T07:12:53.718180+01:00
406,2024-04-01,False,True,2025-12-07T07:12:53.719720+01:00,2025-12-07T07:12:53.719740+01:00
407,2024-03-29,True,True,2025-12-07T07:12:53.721280+01:00,2026-01-07T13:13:13.100388+01:00
408,2024-03-28,False,True,2025-12-07T07:12:53.722820+01:00,2025-12-07T07:12:53.722838+01:00
409,2024-03-27,False,True,2025-12-07T07:12:53.724320+01:00,2025-12-07T07:12:53.724338+01:00
410,2024-03-26,False,True,2025-12-07T07:12:53.725819+01:00,2025-12-07T07:12:53.725838+01:00
411,2024-03-25,False,True,2025-12-07T07:12:53.727337+01:00,2025-12-07T07:12:53.727355+01:00
412,2024-03-22,True,True,2025-12-07T07:12:53.728832+01:00,2026-01-07T13:13:16.287250+01:00
413,2024-03-21,False,True,2025-12-07T07:12:53.730363+01:00,2025-12-07T07:12:53.730382+01:00
414,2024-03-20,False,True,2025-12-07T07:12:53.731890+01:00,2025-12-07T07:12:53.731908+01:00
415,2024-03-19,False,True,2025-12-07T07:12:53.733380+01:00,2025-12-07T07:12:53.733399+01:00
416,2024-03-18,False,True,2025-12-07T07:12:53.735118+01:00,2025-12-07T07:12:53.735136+01:00
417,2024-03-15,True,True,2025-12-07T07:12:53.736614+01:00,2026-01-07T13:13:20.942174+01:00
418,2024-03-14,False,True,2025-12-07T07:12:53.738101+01:00,2025-12-07T07:12:53.738119+01:00
419,2024-03-13,False,True,2025-12-07T07:12:53.739771+01:00,2025-12-07T07:12:53.739789+01:00
420,2024-03-12,False,True,2025-12-07T07:12:53.741280+01:00,2025-12-07T07:12:53.741299+01:00
421,2024-03-11,False,True,2025-12-07T07:12:53.742789+01:00,2025-12-07T07:12:53.742807+01:00
422,2024-03-08,True,True,2025-12-07T07:12:53.744270+01:00,2026-01-07T13:13:25.658749+01:00
423,2024-03-07,False,True,2025-12-07T07:12:53.745764+01:00,2025-12-07T07:12:53.745782+01:00
424,2024-03-06,False,True,2025-12-07T07:12:53.747289+01:00,2025-12-07T07:12:53.747308+01:00
425,2024-03-05,False,True,2025-12-07T07:12:53.748920+01:00,2025-12-07T07:12:53.748938+01:00
426,2024-03-04,False,True,2025-12-07T07:12:53.750596+01:00,2025-12-07T07:12:53.750615+01:00
427,2024-03-01,True,True,2025-12-07T07:12:53.752123+01:00,2026-01-07T13:13:28.686401+01:00
428,2024-02-29,False,True,2025-12-07T07:12:53.753725+01:00,2025-12-07T07:12:53.753744+01:00
429,2024-02-28,False,True,2025-12-07T07:12:53.755221+01:00,2025-12-07T07:12:53.755239+01:00
430,2024-02-27,False,True,2025-12-07T07:12:53.756699+01:00,2025-12-07T07:12:53.756718+01:00
431,2024-02-26,False,True,2025-12-07T07:12:53.758319+01:00,2025-12-07T07:12:53.758338+01:00
432,2024-02-23,True,True,2025-12-07T07:12:53.760037+01:00,2026-01-07T13:13:31.738889+01:00
433,2024-02-22,False,True,2025-12-07T07:12:53.761554+01:00,2025-12-07T07:12:53.761572+01:00
434,2024-02-21,False,True,2025-12-07T07:12:53.763041+01:00,2025-12-07T07:12:53.763059+01:00
435,2024-02-20,False,True,2025-12-07T07:12:53.764586+01:00,2025-12-07T07:12:53.764606+01:00
436,2024-02-19,False,True,2025-12-07T07:12:53.766108+01:00,2025-12-07T07:12:53.766143+01:00
437,2024-02-16,True,True,2025-12-07T07:12:53.767636+01:00,2026-01-07T13:13:34.786093+01:00
438,2024-02-15,False,True,2025-12-07T07:12:53.769164+01:00,2025-12-07T07:12:53.769183+01:00
439,2024-02-14,False,True,2025-12-07T07:12:53.770673+01:00,2025-12-07T07:12:53.770698+01:00
440,2024-02-13,False,True,2025-12-07T07:12:53.772184+01:00,2025-12-07T07:12:53.772203+01:00
441,2024-02-12,False,True,2025-12-07T07:12:53.773719+01:00,2025-12-07T07:12:53.773737+01:00
442,2024-02-09,True,True,2025-12-07T07:12:53.775323+01:00,2026-01-07T13:13:37.804454+01:00
443,2024-02-08,False,True,2025-12-07T07:12:53.776878+01:00,2025-12-07T07:12:53.776896+01:00
444,2024-02-07,False,True,2025-12-07T07:12:53.778455+01:00,2025-12-07T07:12:53.778475+01:00
445,2024-02-06,False,True,2025-12-07T07:12:53.780014+01:00,2025-12-07T07:12:53.780034+01:00
446,2024-02-05,False,True,2025-12-07T07:12:53.781615+01:00,2025-12-07T07:12:53.781635+01:00
447,2024-02-02,True,True,2025-12-07T07:12:53.783148+01:00,2026-01-07T13:13:40.787779+01:00
448,2024-02-01,False,True,2025-12-07T07:12:53.784801+01:00,2025-12-07T07:12:53.784820+01:00
449,2024-01-31,False,True,2025-12-07T07:12:53.786397+01:00,2025-12-07T07:12:53.786416+01:00
450,2024-01-30,False,True,2025-12-07T07:12:53.788015+01:00,2025-12-07T07:12:53.788034+01:00
451,2024-01-29,False,True,2025-12-07T07:12:53.789597+01:00,2025-12-07T07:12:53.789616+01:00
452,2024-01-26,True,True,2025-12-07T07:12:53.791095+01:00,2026-01-07T13:13:44.179797+01:00
453,2024-01-25,False,True,2025-12-07T07:12:53.792651+01:00,2025-12-07T07:12:53.792671+01:00
454,2024-01-24,False,True,2025-12-07T07:12:53.794242+01:00,2025-12-07T07:12:53.794261+01:00
455,2024-01-23,False,True,2025-12-07T07:12:53.795848+01:00,2025-12-07T07:12:53.795886+01:00
456,2024-01-22,False,True,2025-12-07T07:12:53.797444+01:00,2025-12-07T07:12:53.797463+01:00
457,2024-01-19,True,True,2025-12-07T07:12:53.799191+01:00,2026-01-07T13:13:47.154906+01:00
458,2024-01-18,False,True,2025-12-07T07:12:53.800786+01:00,2025-12-07T07:12:53.800805+01:00
459,2024-01-17,False,True,2025-12-07T07:12:53.802422+01:00,2025-12-07T07:12:53.802442+01:00
460,2024-01-16,False,True,2025-12-07T07:12:53.803927+01:00,2025-12-07T07:12:53.803945+01:00
461,2024-01-15,False,True,2025-12-07T07:12:53.805440+01:00,2025-12-07T07:12:53.805491+01:00
462,2024-01-12,True,True,2025-12-07T07:12:53.807006+01:00,2026-01-07T13:13:50.348270+01:00
463,2024-01-10,False,True,2025-12-07T07:12:53.808559+01:00,2025-12-07T07:12:53.808577+01:00
464,2024-01-09,False,True,2025-12-07T07:12:53.810051+01:00,2025-12-07T07:12:53.810069+01:00
465,2024-01-08,False,True,2025-12-07T07:12:53.811551+01:00,2025-12-07T07:12:53.811569+01:00
466,2024-01-05,True,True,2025-12-07T07:12:53.813035+01:00,2026-01-07T13:13:53.131905+01:00
467,2024-01-04,False,True,2025-12-07T07:12:53.814626+01:00,2025-12-07T07:12:53.814645+01:00
468,2024-01-03,False,True,2025-12-07T07:12:53.816179+01:00,2025-12-07T07:12:53.816199+01:00
469,2024-01-02,False,True,2025-12-07T07:12:53.817789+01:00,2025-12-07T07:12:53.817809+01:00
470,2023-12-29,True,True,2025-12-07T07:12:53.819375+01:00,2026-01-07T13:13:55.592387+01:00
471,2023-12-28,False,True,2025-12-07T07:12:53.820977+01:00,2025-12-07T07:12:53.820996+01:00
472,2023-12-27,False,True,2025-12-07T07:12:53.822521+01:00,2025-12-07T07:12:53.822541+01:00
473,2023-12-26,False,True,2025-12-07T07:12:53.824085+01:00,2025-12-07T07:12:53.824104+01:00
474,2023-12-25,False,True,2025-12-07T07:12:53.825633+01:00,2025-12-07T07:12:53.825653+01:00
475,2023-12-22,True,True,2025-12-07T07:12:53.827215+01:00,2026-01-07T13:13:58.687317+01:00
476,2023-12-21,False,True,2025-12-07T07:12:53.828764+01:00,2025-12-07T07:12:53.828783+01:00
477,2023-12-20,False,True,2025-12-07T07:12:53.830369+01:00,2025-12-07T07:12:53.830388+01:00
478,2023-12-19,False,True,2025-12-07T07:12:53.831912+01:00,2025-12-07T07:12:53.831931+01:00
479,2023-12-18,False,True,2025-12-07T07:12:53.833488+01:00,2025-12-07T07:12:53.833508+01:00
480,2023-12-15,True,True,2025-12-07T07:12:53.834978+01:00,2026-01-07T13:14:01.941712+01:00
481,2023-12-14,False,True,2025-12-07T07:12:53.836481+01:00,2025-12-07T07:12:53.836500+01:00
482,2023-12-13,False,True,2025-12-07T07:12:53.837987+01:00,2025-12-07T07:12:53.838006+01:00
483,2023-12-12,False,True,2025-12-07T07:12:53.839515+01:00,2025-12-07T07:12:53.839533+01:00
484,2023-12-11,False,True,2025-12-07T07:12:53.841110+01:00,2025-12-07T07:12:53.841130+01:00
485,2023-12-08,True,True,2025-12-07T07:12:53.842789+01:00,2026-01-07T13:14:05.107482+01:00
486,2023-12-07,False,True,2025-12-07T07:12:53.844245+01:00,2025-12-07T07:12:53.844263+01:00
487,2023-12-06,False,True,2025-12-07T07:12:53.845765+01:00,2025-12-07T07:12:53.845784+01:00
488,2023-12-05,False,True,2025-12-07T07:12:53.847273+01:00,2025-12-07T07:12:53.847292+01:00
489,2023-12-04,False,True,2025-12-07T07:12:53.848869+01:00,2025-12-07T07:12:53.848888+01:00
490,2023-12-01,True,True,2025-12-07T07:12:53.850491+01:00,2026-01-07T12:59:12.632449+01:00
491,2023-11-30,False,True,2025-12-07T07:12:53.852040+01:00,2025-12-07T07:12:53.852059+01:00
492,2023-11-29,False,True,2025-12-07T07:12:53.854035+01:00,2025-12-07T07:12:53.854054+01:00
493,2023-11-28,False,True,2025-12-07T07:12:53.855536+01:00,2025-12-07T07:12:53.855555+01:00
494,2023-11-27,False,True,2025-12-07T07:12:53.857012+01:00,2025-12-07T07:12:53.857031+01:00
495,2023-11-24,True,True,2025-12-07T07:12:53.858590+01:00,2026-01-07T13:14:10.700772+01:00
496,2023-11-23,False,True,2025-12-07T07:12:53.860179+01:00,2025-12-07T07:12:53.860197+01:00
497,2023-11-22,False,True,2025-12-07T07:12:53.861766+01:00,2025-12-07T07:12:53.861785+01:00
498,2023-11-21,False,True,2025-12-07T07:12:53.863337+01:00,2025-12-07T07:12:53.863356+01:00
499,2023-11-20,False,True,2025-12-07T07:12:53.864927+01:00,2025-12-07T07:12:53.864946+01:00
500,2023-11-17,True,True,2025-12-07T07:12:53.866510+01:00,2026-01-07T13:14:13.827082+01:00
501,2023-11-16,False,True,2025-12-07T07:12:53.868102+01:00,2025-12-07T07:12:53.868123+01:00
502,2023-11-15,False,True,2025-12-07T07:12:53.869716+01:00,2025-12-07T07:12:53.869735+01:00
503,2023-11-14,False,True,2025-12-07T07:12:53.871228+01:00,2025-12-07T07:12:53.871246+01:00
504,2023-11-13,False,True,2025-12-07T07:12:53.872692+01:00,2025-12-07T07:12:53.872711+01:00
505,2023-11-10,True,True,2025-12-07T07:12:53.874188+01:00,2026-01-07T13:14:17.073528+01:00
506,2023-11-09,False,True,2025-12-07T07:12:53.875757+01:00,2025-12-07T07:12:53.875793+01:00
507,2023-11-08,False,True,2025-12-07T07:12:53.877307+01:00,2025-12-07T07:12:53.877325+01:00
508,2023-11-07,False,True,2025-12-07T07:12:53.878815+01:00,2025-12-07T07:12:53.878835+01:00
509,2023-11-03,True,True,2025-12-07T07:12:53.880361+01:00,2026-01-07T13:14:19.623746+01:00
510,2023-11-02,False,True,2025-12-07T07:12:53.881825+01:00,2025-12-07T07:12:53.881844+01:00
511,2023-11-01,False,True,2025-12-07T07:12:53.883316+01:00,2025-12-07T07:12:53.883334+01:00
512,2023-10-31,False,True,2025-12-07T07:12:53.884971+01:00,2025-12-07T07:12:53.884989+01:00
513,2023-10-30,False,True,2025-12-07T07:12:53.886456+01:00,2025-12-07T07:12:53.886475+01:00
514,2023-10-27,True,True,2025-12-07T07:12:53.888007+01:00,2026-01-07T13:14:22.849589+01:00
515,2023-10-26,False,True,2025-12-07T07:12:53.889760+01:00,2025-12-07T07:12:53.889781+01:00
516,2023-10-25,False,True,2025-12-07T07:12:53.891349+01:00,2025-12-07T07:12:53.891367+01:00
517,2023-10-24,False,True,2025-12-07T07:12:53.892873+01:00,2025-12-07T07:12:53.892892+01:00
518,2023-10-23,False,True,2025-12-07T07:12:53.894363+01:00,2025-12-07T07:12:53.894381+01:00
519,2023-10-20,True,True,2025-12-07T07:12:53.895985+01:00,2026-01-07T13:14:26.099465+01:00
520,2023-10-19,False,True,2025-12-07T07:12:53.897578+01:00,2025-12-07T07:12:53.897596+01:00
521,2023-10-18,False,True,2025-12-07T07:12:53.899294+01:00,2025-12-07T07:12:53.899314+01:00
522,2023-10-17,False,True,2025-12-07T07:12:53.900856+01:00,2025-12-07T07:12:53.900876+01:00
523,2023-10-16,False,True,2025-12-07T07:12:53.902422+01:00,2025-12-07T07:12:53.902441+01:00
524,2023-10-13,True,True,2025-12-07T07:12:53.904061+01:00,2026-01-07T13:14:29.329380+01:00
525,2023-10-12,False,True,2025-12-07T07:12:53.905626+01:00,2025-12-07T07:12:53.905645+01:00
526,2023-10-11,False,True,2025-12-07T07:12:53.907226+01:00,2025-12-07T07:12:53.907245+01:00
527,2023-10-10,False,True,2025-12-07T07:12:53.908847+01:00,2025-12-07T07:12:53.908866+01:00
528,2023-10-09,False,True,2025-12-07T07:12:53.910360+01:00,2025-12-07T07:12:53.910379+01:00
529,2023-10-06,True,True,2025-12-07T07:12:53.911963+01:00,2026-01-07T13:14:32.560505+01:00
530,2023-10-05,False,True,2025-12-07T07:12:53.913475+01:00,2025-12-07T07:12:53.913494+01:00
531,2023-10-04,False,True,2025-12-07T07:12:53.915006+01:00,2025-12-07T07:12:53.915025+01:00
532,2023-10-03,False,True,2025-12-07T07:12:53.916497+01:00,2025-12-07T07:12:53.916516+01:00
533,2023-10-02,True,True,2025-12-07T07:12:53.918023+01:00,2026-01-07T13:14:35.175288+01:00
534,2023-09-27,False,True,2025-12-07T07:12:53.919502+01:00,2025-12-07T07:12:53.919521+01:00
535,2023-09-26,False,True,2025-12-07T07:12:53.921041+01:00,2025-12-07T07:12:53.921059+01:00
536,2023-09-25,False,True,2025-12-07T07:12:53.922580+01:00,2025-12-07T07:12:53.922599+01:00
537,2023-09-22,True,True,2025-12-07T07:12:53.924097+01:00,2026-01-07T13:14:38.180352+01:00
538,2023-09-21,False,True,2025-12-07T07:12:53.925759+01:00,2025-12-07T07:12:53.925779+01:00
539,2023-09-20,False,True,2025-12-07T07:12:53.927240+01:00,2025-12-07T07:12:53.927259+01:00
540,2023-09-19,False,True,2025-12-07T07:12:53.928745+01:00,2025-12-07T07:12:53.928765+01:00
541,2023-09-18,False,True,2025-12-07T07:12:53.930124+01:00,2025-12-07T07:12:53.930143+01:00
542,2023-09-15,True,True,2025-12-07T07:12:53.931491+01:00,2026-01-07T13:14:41.365996+01:00
543,2023-09-14,False,True,2025-12-07T07:12:53.932945+01:00,2025-12-07T07:12:53.932964+01:00
544,2023-09-13,False,True,2025-12-07T07:12:53.934343+01:00,2025-12-07T07:12:53.934361+01:00
545,2023-09-12,False,True,2025-12-07T07:12:53.935704+01:00,2025-12-07T07:12:53.935722+01:00
546,2023-09-11,False,True,2025-12-07T07:12:53.937126+01:00,2025-12-07T07:12:53.937145+01:00
547,2023-09-08,True,True,2025-12-07T07:12:53.938735+01:00,2026-01-07T13:14:44.478879+01:00
548,2023-09-07,False,True,2025-12-07T07:12:53.940338+01:00,2025-12-07T07:12:53.940358+01:00
549,2023-09-06,False,True,2025-12-07T07:12:53.941897+01:00,2025-12-07T07:12:53.941916+01:00
550,2023-09-05,False,True,2025-12-07T07:12:53.943340+01:00,2025-12-07T07:12:53.943361+01:00
551,2023-09-04,False,True,2025-12-07T07:12:53.944838+01:00,2025-12-07T07:12:53.944857+01:00
552,2023-09-01,True,True,2025-12-07T07:12:53.946262+01:00,2026-01-07T13:14:47.550640+01:00
553,2023-08-31,False,True,2025-12-07T07:12:53.947670+01:00,2025-12-07T07:12:53.947695+01:00
554,2023-08-30,False,True,2025-12-07T07:12:53.949112+01:00,2025-12-07T07:12:53.949133+01:00
555,2023-08-29,False,True,2025-12-07T07:12:53.950616+01:00,2025-12-07T07:12:53.950636+01:00
556,2023-08-28,False,True,2025-12-07T07:12:53.952104+01:00,2025-12-07T07:12:53.952122+01:00
557,2023-08-25,True,True,2025-12-07T07:12:53.953537+01:00,2026-01-07T13:14:50.610323+01:00
558,2023-08-24,False,True,2025-12-07T07:12:53.954952+01:00,2025-12-07T07:12:53.954971+01:00
559,2023-08-23,False,True,2025-12-07T07:12:53.956394+01:00,2025-12-07T07:12:53.956414+01:00
560,2023-08-22,False,True,2025-12-07T07:12:53.957822+01:00,2025-12-07T07:12:53.957842+01:00
561,2023-08-18,True,True,2025-12-07T07:12:53.959267+01:00,2026-01-07T13:14:53.040178+01:00
562,2023-08-17,False,True,2025-12-07T07:12:53.960699+01:00,2025-12-07T07:12:53.960719+01:00
563,2023-08-16,False,True,2025-12-07T07:12:53.962143+01:00,2025-12-07T07:12:53.962162+01:00
564,2023-08-15,False,True,2025-12-07T07:12:53.963495+01:00,2025-12-07T07:12:53.963514+01:00
565,2023-08-11,True,True,2025-12-07T07:12:53.965036+01:00,2026-01-07T13:14:55.522134+01:00
566,2023-08-10,False,True,2025-12-07T07:12:53.966477+01:00,2025-12-07T07:12:53.966497+01:00
567,2023-08-09,False,True,2025-12-07T07:12:53.968022+01:00,2025-12-07T07:12:53.968041+01:00
568,2023-08-08,False,True,2025-12-07T07:12:53.969444+01:00,2025-12-07T07:12:53.969462+01:00
569,2023-08-07,False,True,2025-12-07T07:12:53.970971+01:00,2025-12-07T07:12:53.970991+01:00
570,2023-08-04,True,True,2025-12-07T07:12:53.972376+01:00,2026-01-07T13:14:58.581400+01:00
571,2023-08-03,False,True,2025-12-07T07:12:53.973788+01:00,2025-12-07T07:12:53.973806+01:00
572,2023-08-02,False,True,2025-12-07T07:12:53.975205+01:00,2025-12-07T07:12:53.975224+01:00
573,2023-08-01,False,True,2025-12-07T07:12:53.976572+01:00,2025-12-07T07:12:53.976591+01:00
574,2023-07-31,False,True,2025-12-07T07:12:53.978113+01:00,2025-12-07T07:12:53.978131+01:00
575,2023-07-28,True,True,2025-12-07T07:12:53.979527+01:00,2026-01-07T13:15:01.679514+01:00
576,2023-07-27,False,True,2025-12-07T07:12:53.980992+01:00,2025-12-07T07:12:53.981012+01:00
577,2023-07-26,False,True,2025-12-07T07:12:53.982439+01:00,2025-12-07T07:12:53.982458+01:00
578,2023-07-25,False,True,2025-12-07T07:12:53.983886+01:00,2025-12-07T07:12:53.983904+01:00
579,2023-07-24,False,True,2025-12-07T07:12:53.985247+01:00,2025-12-07T07:12:53.985266+01:00
580,2023-07-21,True,True,2025-12-07T07:12:53.986713+01:00,2026-01-07T13:15:04.964960+01:00
581,2023-07-20,False,True,2025-12-07T07:12:53.988141+01:00,2025-12-07T07:12:53.988160+01:00
582,2023-07-18,False,True,2025-12-07T07:12:53.989560+01:00,2025-12-07T07:12:53.989579+01:00
583,2023-07-17,False,True,2025-12-07T07:12:53.990946+01:00,2025-12-07T07:12:53.990966+01:00
584,2023-07-14,True,True,2025-12-07T07:12:53.992359+01:00,2026-01-07T13:15:07.343864+01:00
585,2023-07-13,False,True,2025-12-07T07:12:53.993811+01:00,2025-12-07T07:12:53.993830+01:00
586,2023-07-12,False,True,2025-12-07T07:12:53.995213+01:00,2025-12-07T07:12:53.995232+01:00
587,2023-07-11,False,True,2025-12-07T07:12:53.996629+01:00,2025-12-07T07:12:53.996649+01:00
588,2023-07-10,False,True,2025-12-07T07:12:53.998058+01:00,2025-12-07T07:12:53.998077+01:00
589,2023-07-07,True,True,2025-12-07T07:12:53.999420+01:00,2026-01-07T13:15:10.497043+01:00
590,2023-07-06,False,True,2025-12-07T07:12:54.000892+01:00,2025-12-07T07:12:54.000912+01:00
591,2023-07-05,False,True,2025-12-07T07:12:54.002271+01:00,2025-12-07T07:12:54.002290+01:00
592,2023-07-04,False,True,2025-12-07T07:12:54.003645+01:00,2025-12-07T07:12:54.003664+01:00
593,2023-07-03,True,True,2025-12-07T07:12:54.005175+01:00,2026-01-07T13:15:12.886932+01:00
594,2023-06-28,False,True,2025-12-07T07:12:54.006608+01:00,2025-12-07T07:12:54.006627+01:00
595,2023-06-27,False,True,2025-12-07T07:12:54.008031+01:00,2025-12-07T07:12:54.008049+01:00
596,2023-06-26,False,True,2025-12-07T07:12:54.009541+01:00,2025-12-07T07:12:54.009563+01:00
597,2023-06-23,True,True,2025-12-07T07:12:54.010960+01:00,2026-01-07T13:15:15.300183+01:00
598,2023-06-22,False,True,2025-12-07T07:12:54.012320+01:00,2025-12-07T07:12:54.012338+01:00
599,2023-06-21,False,True,2025-12-07T07:12:54.013671+01:00,2025-12-07T07:12:54.013699+01:00
600,2023-06-20,False,True,2025-12-07T07:12:54.015085+01:00,2025-12-07T07:12:54.015104+01:00
601,2023-06-19,False,True,2025-12-07T07:12:54.016561+01:00,2025-12-07T07:12:54.016580+01:00
602,2023-06-16,True,True,2025-12-07T07:12:54.017986+01:00,2026-01-07T13:15:18.506416+01:00
605,2023-06-13,False,True,2025-12-07T07:12:54.022316+01:00,2025-12-07T07:12:54.022335+01:00
606,2023-06-12,False,True,2025-12-07T07:12:54.023700+01:00,2025-12-07T07:12:54.023719+01:00
607,2023-06-09,True,True,2025-12-07T07:12:54.025109+01:00,2026-01-07T13:15:21.615374+01:00
608,2023-06-08,False,True,2025-12-07T07:12:54.026481+01:00,2025-12-07T07:12:54.026500+01:00
609,2023-06-07,False,True,2025-12-07T07:12:54.027973+01:00,2025-12-07T07:12:54.027992+01:00
610,2023-06-06,False,True,2025-12-07T07:12:54.029413+01:00,2025-12-07T07:12:54.029432+01:00
611,2023-06-05,False,True,2025-12-07T07:12:54.030797+01:00,2025-12-07T07:12:54.030816+01:00
612,2023-06-02,True,True,2025-12-07T07:12:54.032211+01:00,2026-01-07T13:15:24.565338+01:00
613,2023-06-01,False,True,2025-12-07T07:12:54.033592+01:00,2025-12-07T07:12:54.033611+01:00
614,2023-05-31,False,True,2025-12-07T07:12:54.035054+01:00,2025-12-07T07:12:54.035073+01:00
615,2023-05-30,False,True,2025-12-07T07:12:54.036465+01:00,2025-12-07T07:12:54.036484+01:00
616,2023-05-29,False,True,2025-12-07T07:12:54.037908+01:00,2025-12-07T07:12:54.037928+01:00
617,2023-05-26,True,True,2025-12-07T07:12:54.039409+01:00,2026-01-07T13:15:27.684838+01:00
618,2023-05-25,False,True,2025-12-07T07:12:54.040808+01:00,2025-12-07T07:12:54.040826+01:00
619,2023-05-24,False,True,2025-12-07T07:12:54.042244+01:00,2025-12-07T07:12:54.042263+01:00
620,2023-05-23,False,True,2025-12-07T07:12:54.043644+01:00,2025-12-07T07:12:54.043663+01:00
621,2023-05-22,False,True,2025-12-07T07:12:54.045118+01:00,2025-12-07T07:12:54.045136+01:00
622,2023-05-19,True,True,2025-12-07T07:12:54.046501+01:00,2026-01-07T13:15:30.701231+01:00
623,2023-05-18,False,True,2025-12-07T07:12:54.047874+01:00,2025-12-07T07:12:54.047892+01:00
624,2023-05-17,False,True,2025-12-07T07:12:54.049264+01:00,2025-12-07T07:12:54.049283+01:00
625,2023-05-16,False,True,2025-12-07T07:12:54.050665+01:00,2025-12-07T07:12:54.050691+01:00
626,2023-05-15,False,True,2025-12-07T07:12:54.052011+01:00,2025-12-07T07:12:54.052030+01:00
627,2023-05-12,True,True,2025-12-07T07:12:54.053420+01:00,2026-01-07T13:15:33.785108+01:00
628,2023-05-11,False,True,2025-12-07T07:12:54.054818+01:00,2025-12-07T07:12:54.054836+01:00
629,2023-05-10,False,True,2025-12-07T07:12:54.056176+01:00,2025-12-07T07:12:54.056194+01:00
630,2023-05-09,False,True,2025-12-07T07:12:54.057530+01:00,2025-12-07T07:12:54.057548+01:00
631,2023-05-08,False,True,2025-12-07T07:12:54.058939+01:00,2025-12-07T07:12:54.058957+01:00
632,2023-05-05,True,True,2025-12-07T07:12:54.060331+01:00,2026-01-07T13:15:36.838272+01:00
633,2023-05-04,False,True,2025-12-07T07:12:54.061777+01:00,2025-12-07T07:12:54.061796+01:00
634,2023-05-03,False,True,2025-12-07T07:12:54.063160+01:00,2025-12-07T07:12:54.063178+01:00
635,2023-05-02,False,True,2025-12-07T07:12:54.064587+01:00,2025-12-07T07:12:54.064606+01:00
636,2023-04-28,True,True,2025-12-07T07:12:54.066007+01:00,2026-01-07T13:15:39.426069+01:00
637,2023-04-27,False,True,2025-12-07T07:12:54.067381+01:00,2025-12-07T07:12:54.067400+01:00
638,2023-04-26,False,True,2025-12-07T07:12:54.068737+01:00,2025-12-07T07:12:54.068756+01:00
639,2023-04-25,False,True,2025-12-07T07:12:54.070164+01:00,2025-12-07T07:12:54.070182+01:00
640,2023-04-21,True,True,2025-12-07T07:12:54.071565+01:00,2026-01-07T13:05:43.052776+01:00
641,2023-04-20,False,True,2025-12-07T07:12:54.074164+01:00,2025-12-07T07:12:54.074183+01:00
642,2023-04-19,False,True,2025-12-07T07:12:54.075567+01:00,2025-12-07T07:12:54.075585+01:00
643,2023-04-18,False,True,2025-12-07T07:12:54.077025+01:00,2025-12-07T07:12:54.077045+01:00
644,2023-04-17,False,True,2025-12-07T07:12:54.078396+01:00,2025-12-07T07:12:54.078414+01:00
645,2023-04-14,True,True,2025-12-07T07:12:54.079808+01:00,2026-01-07T13:15:44.735647+01:00
646,2023-04-13,False,True,2025-12-07T07:12:54.081210+01:00,2025-12-07T07:12:54.081230+01:00
647,2023-04-12,False,True,2025-12-07T07:12:54.082624+01:00,2025-12-07T07:12:54.082643+01:00
648,2023-04-11,False,True,2025-12-07T07:12:54.084033+01:00,2025-12-07T07:12:54.084052+01:00
649,2023-04-10,False,True,2025-12-07T07:12:54.085447+01:00,2025-12-07T07:12:54.085466+01:00
650,2023-04-07,True,True,2025-12-07T07:12:54.086983+01:00,2026-01-07T13:15:47.880303+01:00
651,2023-04-06,False,True,2025-12-07T07:12:54.088351+01:00,2025-12-07T07:12:54.088370+01:00
652,2023-04-05,False,True,2025-12-07T07:12:54.089766+01:00,2025-12-07T07:12:54.089785+01:00
653,2023-04-04,False,True,2025-12-07T07:12:54.091237+01:00,2025-12-07T07:12:54.091257+01:00
654,2023-04-03,False,True,2025-12-07T07:12:54.092721+01:00,2025-12-07T07:12:54.092740+01:00
655,2023-03-31,True,True,2025-12-07T07:12:54.094104+01:00,2026-01-07T13:15:51.076036+01:00
656,2023-03-30,False,True,2025-12-07T07:12:54.095557+01:00,2025-12-07T07:12:54.095576+01:00
657,2023-03-29,False,True,2025-12-07T07:12:54.097004+01:00,2025-12-07T07:12:54.097022+01:00
658,2023-03-28,False,True,2025-12-07T07:12:54.098497+01:00,2025-12-07T07:12:54.098521+01:00
659,2023-03-27,False,True,2025-12-07T07:12:54.099960+01:00,2025-12-07T07:12:54.099980+01:00
660,2023-03-24,True,True,2025-12-07T07:12:54.101375+01:00,2026-01-07T13:15:54.301144+01:00
661,2023-03-23,False,True,2025-12-07T07:12:54.102789+01:00,2025-12-07T07:12:54.102809+01:00
662,2023-03-22,False,True,2025-12-07T07:12:54.104196+01:00,2025-12-07T07:12:54.104216+01:00
663,2023-03-21,False,True,2025-12-07T07:12:54.105641+01:00,2025-12-07T07:12:54.105660+01:00
664,2023-03-20,False,True,2025-12-07T07:12:54.107071+01:00,2025-12-07T07:12:54.107091+01:00
665,2023-03-17,True,True,2025-12-07T07:12:54.108490+01:00,2026-01-07T13:15:57.260649+01:00
666,2023-03-16,False,True,2025-12-07T07:12:54.109924+01:00,2025-12-07T07:12:54.109944+01:00
667,2023-03-15,False,True,2025-12-07T07:12:54.111325+01:00,2025-12-07T07:12:54.111344+01:00
668,2023-03-14,False,True,2025-12-07T07:12:54.112763+01:00,2025-12-07T07:12:54.112782+01:00
669,2023-03-13,False,True,2025-12-07T07:12:54.114180+01:00,2025-12-07T07:12:54.114198+01:00
670,2023-03-10,True,True,2025-12-07T07:12:54.115505+01:00,2026-01-07T13:16:00.219755+01:00
671,2023-03-09,False,True,2025-12-07T07:12:54.116894+01:00,2025-12-07T07:12:54.116913+01:00
672,2023-03-08,False,True,2025-12-07T07:12:54.118320+01:00,2025-12-07T07:12:54.118340+01:00
673,2023-03-07,False,True,2025-12-07T07:12:54.119739+01:00,2025-12-07T07:12:54.119759+01:00
674,2023-03-06,False,True,2025-12-07T07:12:54.121189+01:00,2025-12-07T07:12:54.121208+01:00
675,2023-03-03,True,True,2025-12-07T07:12:54.122602+01:00,2026-01-07T13:16:03.269759+01:00
676,2023-03-02,False,True,2025-12-07T07:12:54.124026+01:00,2025-12-07T07:12:54.124046+01:00
677,2023-03-01,False,True,2025-12-07T07:12:54.125492+01:00,2025-12-07T07:12:54.125512+01:00
678,2023-02-28,False,True,2025-12-07T07:12:54.126949+01:00,2025-12-07T07:12:54.126969+01:00
679,2023-02-27,False,True,2025-12-07T07:12:54.128338+01:00,2025-12-07T07:12:54.128358+01:00
680,2023-02-24,True,True,2025-12-07T07:12:54.129743+01:00,2026-01-07T13:16:06.486949+01:00
681,2023-02-23,False,True,2025-12-07T07:12:54.131136+01:00,2025-12-07T07:12:54.131154+01:00
682,2023-02-22,False,True,2025-12-07T07:12:54.132536+01:00,2025-12-07T07:12:54.132555+01:00
683,2023-02-21,False,True,2025-12-07T07:12:54.134005+01:00,2025-12-07T07:12:54.134025+01:00
684,2023-02-20,False,True,2025-12-07T07:12:54.135392+01:00,2025-12-07T07:12:54.135410+01:00
685,2023-02-17,True,True,2025-12-07T07:12:54.136811+01:00,2026-01-07T13:07:36.828844+01:00
686,2023-02-16,False,True,2025-12-07T07:12:54.138233+01:00,2025-12-07T07:12:54.138253+01:00
687,2023-02-15,False,True,2025-12-07T07:12:54.139638+01:00,2025-12-07T07:12:54.139657+01:00
688,2023-02-14,False,True,2025-12-07T07:12:54.141066+01:00,2025-12-07T07:12:54.141085+01:00
689,2023-02-13,False,True,2025-12-07T07:12:54.142451+01:00,2025-12-07T07:12:54.142469+01:00
690,2023-02-10,True,True,2025-12-07T07:12:54.143790+01:00,2026-01-07T13:16:12.170065+01:00
691,2023-02-09,False,True,2025-12-07T07:12:54.145254+01:00,2025-12-07T07:12:54.145273+01:00
692,2023-02-08,False,True,2025-12-07T07:12:54.146644+01:00,2025-12-07T07:12:54.146663+01:00
693,2023-02-07,False,True,2025-12-07T07:12:54.148056+01:00,2025-12-07T07:12:54.148075+01:00
694,2023-02-06,False,True,2025-12-07T07:12:54.149380+01:00,2025-12-07T07:12:54.149399+01:00
695,2023-02-03,True,True,2025-12-07T07:12:54.150782+01:00,2026-01-07T13:16:15.213144+01:00
696,2023-02-02,False,True,2025-12-07T07:12:54.152165+01:00,2025-12-07T07:12:54.152183+01:00
697,2023-02-01,False,True,2025-12-07T07:12:54.153510+01:00,2025-12-07T07:12:54.153528+01:00
698,2023-01-31,False,True,2025-12-07T07:12:54.154981+01:00,2025-12-07T07:12:54.155000+01:00
699,2023-01-30,False,True,2025-12-07T07:12:54.156425+01:00,2025-12-07T07:12:54.156444+01:00
700,2023-01-27,True,True,2025-12-07T07:12:54.157835+01:00,2026-01-07T13:16:18.247046+01:00
702,2023-01-25,False,True,2025-12-07T07:12:54.160717+01:00,2025-12-07T07:12:54.160737+01:00
703,2023-01-24,False,True,2025-12-07T07:12:54.162107+01:00,2025-12-07T07:12:54.162126+01:00
704,2023-01-23,False,True,2025-12-07T07:12:54.163475+01:00,2025-12-07T07:12:54.163494+01:00
705,2023-01-20,True,True,2025-12-07T07:12:54.164977+01:00,2026-01-07T13:16:21.344909+01:00
706,2023-01-19,False,True,2025-12-07T07:12:54.166287+01:00,2025-12-07T07:12:54.166306+01:00
707,2023-01-18,False,True,2025-12-07T07:12:54.167749+01:00,2025-12-07T07:12:54.167769+01:00
708,2023-01-17,False,True,2025-12-07T07:12:54.169091+01:00,2025-12-07T07:12:54.169109+01:00
709,2023-01-16,False,True,2025-12-07T07:12:54.170563+01:00,2025-12-07T07:12:54.170583+01:00
710,2023-01-13,True,True,2025-12-07T07:12:54.172082+01:00,2026-01-07T13:16:24.404439+01:00
711,2023-01-12,False,True,2025-12-07T07:12:54.173463+01:00,2025-12-07T07:12:54.173481+01:00
712,2023-01-10,False,True,2025-12-07T07:12:54.174805+01:00,2025-12-07T07:12:54.174824+01:00
713,2023-01-09,False,True,2025-12-07T07:12:54.176144+01:00,2025-12-07T07:12:54.176162+01:00
714,2023-01-06,True,True,2025-12-07T07:12:54.177483+01:00,2026-01-07T13:16:26.803724+01:00
715,2023-01-05,False,True,2025-12-07T07:12:54.178966+01:00,2025-12-07T07:12:54.178985+01:00
716,2023-01-04,False,True,2025-12-07T07:12:54.180284+01:00,2025-12-07T07:12:54.180302+01:00
717,2023-01-03,False,True,2025-12-07T07:12:54.181731+01:00,2025-12-07T07:12:54.181749+01:00
718,2023-01-02,False,True,2025-12-07T07:12:54.183098+01:00,2025-12-07T07:12:54.183116+01:00
719,2022-12-30,True,True,2025-12-07T07:12:54.184532+01:00,2026-01-07T13:16:29.882337+01:00
720,2022-12-29,False,True,2025-12-07T07:12:54.185970+01:00,2025-12-07T07:12:54.185988+01:00
721,2022-12-28,False,True,2025-12-07T07:12:54.187349+01:00,2025-12-07T07:12:54.187368+01:00
722,2022-12-27,False,True,2025-12-07T07:12:54.188765+01:00,2025-12-07T07:12:54.188784+01:00
723,2022-12-26,False,True,2025-12-07T07:12:54.190374+01:00,2025-12-07T07:12:54.190394+01:00
724,2022-12-23,True,True,2025-12-07T07:12:54.191817+01:00,2026-01-07T13:16:33.134253+01:00
725,2022-12-22,False,True,2025-12-07T07:12:54.193178+01:00,2025-12-07T07:12:54.193196+01:00
726,2022-12-21,False,True,2025-12-07T07:12:54.194620+01:00,2025-12-07T07:12:54.194639+01:00
727,2022-12-20,False,True,2025-12-07T07:12:54.196020+01:00,2025-12-07T07:12:54.196040+01:00
728,2022-12-19,False,True,2025-12-07T07:12:54.197427+01:00,2025-12-07T07:12:54.197447+01:00
729,2022-12-16,True,True,2025-12-07T07:12:54.198887+01:00,2026-01-07T13:16:36.180323+01:00
730,2022-12-15,False,True,2025-12-07T07:12:54.200321+01:00,2025-12-07T07:12:54.200340+01:00
731,2022-12-14,False,True,2025-12-07T07:12:54.201700+01:00,2025-12-07T07:12:54.201718+01:00
732,2022-12-13,False,True,2025-12-07T07:12:54.203128+01:00,2025-12-07T07:12:54.203147+01:00
733,2022-12-12,False,True,2025-12-07T07:12:54.204532+01:00,2025-12-07T07:12:54.204551+01:00
734,2022-12-09,True,True,2025-12-07T07:12:54.205990+01:00,2026-01-07T13:16:39.443824+01:00
735,2022-12-08,False,True,2025-12-07T07:12:54.207362+01:00,2025-12-07T07:12:54.207381+01:00
736,2022-12-07,False,True,2025-12-07T07:12:54.208837+01:00,2025-12-07T07:12:54.208857+01:00
737,2022-12-06,False,True,2025-12-07T07:12:54.210269+01:00,2025-12-07T07:12:54.210299+01:00
738,2022-12-05,False,True,2025-12-07T07:12:54.211729+01:00,2025-12-07T07:12:54.211749+01:00
739,2022-12-02,True,True,2025-12-07T07:12:54.213157+01:00,2026-01-07T13:16:43.077641+01:00
740,2022-12-01,False,True,2025-12-07T07:12:54.214689+01:00,2025-12-07T07:12:54.214709+01:00
741,2022-11-30,False,True,2025-12-07T07:12:54.216061+01:00,2025-12-07T07:12:54.216079+01:00
742,2022-11-29,False,True,2025-12-07T07:12:54.217405+01:00,2025-12-07T07:12:54.217425+01:00
743,2022-11-28,False,True,2025-12-07T07:12:54.218850+01:00,2025-12-07T07:12:54.218870+01:00
744,2022-11-25,True,True,2025-12-07T07:12:54.220269+01:00,2026-01-07T12:53:23.280093+01:00
745,2022-11-24,False,True,2025-12-07T07:12:54.221696+01:00,2025-12-07T07:12:54.221714+01:00
746,2022-11-23,False,True,2025-12-07T07:12:54.223083+01:00,2025-12-07T07:12:54.223103+01:00
747,2022-11-22,False,True,2025-12-07T07:12:54.224504+01:00,2025-12-07T07:12:54.224524+01:00
748,2022-11-21,True,True,2025-12-07T07:12:54.225922+01:00,2026-01-07T13:16:48.477560+01:00
750,2022-11-16,False,True,2025-12-07T07:12:54.228674+01:00,2025-12-07T07:12:54.228699+01:00
751,2022-11-15,False,True,2025-12-07T07:12:54.230010+01:00,2025-12-07T07:12:54.230029+01:00
752,2022-11-14,False,True,2025-12-07T07:12:54.231432+01:00,2025-12-07T07:12:54.231452+01:00
753,2022-11-11,True,True,2025-12-07T07:12:54.232893+01:00,2026-01-07T13:16:51.731601+01:00
754,2022-11-10,False,True,2025-12-07T07:12:54.234297+01:00,2025-12-07T07:12:54.234315+01:00
755,2022-11-09,False,True,2025-12-07T07:12:54.235645+01:00,2025-12-07T07:12:54.235663+01:00
756,2022-11-08,False,True,2025-12-07T07:12:54.237115+01:00,2025-12-07T07:12:54.237145+01:00
757,2022-11-07,False,True,2025-12-07T07:12:54.238495+01:00,2025-12-07T07:12:54.238513+01:00
758,2022-11-04,True,True,2025-12-07T07:12:54.239888+01:00,2026-01-07T13:16:54.864494+01:00
759,2022-11-03,False,True,2025-12-07T07:12:54.241242+01:00,2025-12-07T07:12:54.241261+01:00
760,2022-11-02,False,True,2025-12-07T07:12:54.242640+01:00,2025-12-07T07:12:54.242659+01:00
761,2022-11-01,False,True,2025-12-07T07:12:54.244054+01:00,2025-12-07T07:12:54.244073+01:00
762,2022-10-31,False,True,2025-12-07T07:12:54.245389+01:00,2025-12-07T07:12:54.245408+01:00
763,2022-10-28,True,True,2025-12-07T07:12:54.246740+01:00,2026-01-07T13:16:58.014086+01:00
764,2022-10-27,False,True,2025-12-07T07:12:54.248104+01:00,2025-12-07T07:12:54.248123+01:00
765,2022-10-26,False,True,2025-12-07T07:12:54.249435+01:00,2025-12-07T07:12:54.249454+01:00
766,2022-10-25,False,True,2025-12-07T07:12:54.250806+01:00,2025-12-07T07:12:54.250825+01:00
767,2022-10-24,False,True,2025-12-07T07:12:54.255798+01:00,2025-12-07T07:12:54.255817+01:00
768,2022-10-21,True,True,2025-12-07T07:12:54.257186+01:00,2026-01-07T13:17:01.226705+01:00
769,2022-10-20,False,True,2025-12-07T07:12:54.258580+01:00,2025-12-07T07:12:54.258598+01:00
770,2022-10-19,False,True,2025-12-07T07:12:54.260024+01:00,2025-12-07T07:12:54.260043+01:00
771,2022-10-18,False,True,2025-12-07T07:12:54.261429+01:00,2025-12-07T07:12:54.261447+01:00
772,2022-10-17,False,True,2025-12-07T07:12:54.262782+01:00,2025-12-07T07:12:54.262800+01:00
773,2022-10-14,True,True,2025-12-07T07:12:54.264158+01:00,2026-01-07T13:17:04.230238+01:00
774,2022-10-13,False,True,2025-12-07T07:12:54.265653+01:00,2025-12-07T07:12:54.265672+01:00
775,2022-10-12,False,True,2025-12-07T07:12:54.267119+01:00,2025-12-07T07:12:54.267138+01:00
776,2022-10-11,False,True,2025-12-07T07:12:54.268547+01:00,2025-12-07T07:12:54.268567+01:00
777,2022-10-07,True,True,2025-12-07T07:12:54.270004+01:00,2026-01-07T13:17:06.731968+01:00
778,2022-10-06,False,True,2025-12-07T07:12:54.271404+01:00,2025-12-07T07:12:54.271423+01:00
779,2022-10-05,False,True,2025-12-07T07:12:54.272835+01:00,2025-12-07T07:12:54.272854+01:00
780,2022-10-04,False,True,2025-12-07T07:12:54.274361+01:00,2025-12-07T07:12:54.274381+01:00
781,2022-10-03,False,True,2025-12-07T07:12:54.275810+01:00,2025-12-07T07:12:54.275830+01:00
782,2022-09-30,True,True,2025-12-07T07:12:54.277228+01:00,2026-01-07T13:17:09.875065+01:00
783,2022-09-29,False,True,2025-12-07T07:12:54.278581+01:00,2025-12-07T07:12:54.278600+01:00
784,2022-09-28,False,True,2025-12-07T07:12:54.279967+01:00,2025-12-07T07:12:54.279986+01:00
785,2022-09-27,False,True,2025-12-07T07:12:54.281374+01:00,2025-12-07T07:12:54.281393+01:00
786,2022-09-26,False,True,2025-12-07T07:12:54.282808+01:00,2025-12-07T07:12:54.282827+01:00
787,2022-09-23,True,True,2025-12-07T07:12:54.284171+01:00,2026-01-07T13:17:12.909444+01:00
788,2022-09-22,False,True,2025-12-07T07:12:54.285634+01:00,2025-12-07T07:12:54.285652+01:00
789,2022-09-21,False,True,2025-12-07T07:12:54.287062+01:00,2025-12-07T07:12:54.287080+01:00
790,2022-09-20,False,True,2025-12-07T07:12:54.288494+01:00,2025-12-07T07:12:54.288513+01:00
791,2022-09-19,False,True,2025-12-07T07:12:54.289987+01:00,2025-12-07T07:12:54.290007+01:00
792,2022-09-16,True,True,2025-12-07T07:12:54.291498+01:00,2026-01-07T13:17:15.940664+01:00
793,2022-09-15,False,True,2025-12-07T07:12:54.292977+01:00,2025-12-07T07:12:54.292997+01:00
794,2022-09-14,False,True,2025-12-07T07:12:54.294463+01:00,2025-12-07T07:12:54.294483+01:00
795,2022-09-13,False,True,2025-12-07T07:12:54.295904+01:00,2025-12-07T07:12:54.295923+01:00
796,2022-09-12,False,True,2025-12-07T07:12:54.297376+01:00,2025-12-07T07:12:54.297395+01:00
797,2022-09-09,True,True,2025-12-07T07:12:54.298816+01:00,2026-01-07T13:17:19.269953+01:00
798,2022-09-08,False,True,2025-12-07T07:12:54.300329+01:00,2025-12-07T07:12:54.300348+01:00
799,2022-09-07,False,True,2025-12-07T07:12:54.301840+01:00,2025-12-07T07:12:54.301860+01:00
800,2022-09-06,False,True,2025-12-07T07:12:54.303328+01:00,2025-12-07T07:12:54.303347+01:00
801,2022-09-05,False,True,2025-12-07T07:12:54.304760+01:00,2025-12-07T07:12:54.304780+01:00
802,2022-09-02,True,True,2025-12-07T07:12:54.306185+01:00,2026-01-07T13:17:22.252612+01:00
803,2022-09-01,False,True,2025-12-07T07:12:54.307612+01:00,2025-12-07T07:12:54.307632+01:00
804,2022-08-31,False,True,2025-12-07T07:12:54.309113+01:00,2025-12-07T07:12:54.309133+01:00
805,2022-08-30,False,True,2025-12-07T07:12:54.310524+01:00,2025-12-07T07:12:54.310543+01:00
806,2022-08-29,False,True,2025-12-07T07:12:54.311974+01:00,2025-12-07T07:12:54.311994+01:00
807,2022-08-26,True,True,2025-12-07T07:12:54.313459+01:00,2026-01-07T13:17:25.270012+01:00
808,2022-08-25,False,True,2025-12-07T07:12:54.314897+01:00,2025-12-07T07:12:54.314916+01:00
809,2022-08-24,False,True,2025-12-07T07:12:54.316318+01:00,2025-12-07T07:12:54.316337+01:00
810,2022-08-23,False,True,2025-12-07T07:12:54.317813+01:00,2025-12-07T07:12:54.317832+01:00
811,2022-08-22,False,True,2025-12-07T07:12:54.319274+01:00,2025-12-07T07:12:54.319294+01:00
812,2022-08-19,True,True,2025-12-07T07:12:54.320768+01:00,2026-01-07T13:17:28.350562+01:00
813,2022-08-18,False,True,2025-12-07T07:12:54.322269+01:00,2025-12-07T07:12:54.322288+01:00
814,2022-08-17,False,True,2025-12-07T07:12:54.323702+01:00,2025-12-07T07:12:54.323721+01:00
815,2022-08-16,False,True,2025-12-07T07:12:54.325192+01:00,2025-12-07T07:12:54.325212+01:00
816,2022-08-15,False,True,2025-12-07T07:12:54.326675+01:00,2025-12-07T07:12:54.326716+01:00
817,2022-08-12,True,True,2025-12-07T07:12:54.328071+01:00,2026-01-07T13:17:31.314029+01:00
818,2022-08-11,False,True,2025-12-07T07:12:54.329551+01:00,2025-12-07T07:12:54.329570+01:00
819,2022-08-10,False,True,2025-12-07T07:12:54.361012+01:00,2025-12-07T07:12:54.361035+01:00
820,2022-08-09,False,True,2025-12-07T07:12:54.362473+01:00,2025-12-07T07:12:54.362493+01:00
821,2022-08-08,False,True,2025-12-07T07:12:54.363913+01:00,2025-12-07T07:12:54.363934+01:00
822,2022-08-05,True,True,2025-12-07T07:12:54.365415+01:00,2026-01-07T13:17:34.349775+01:00
823,2022-08-04,False,True,2025-12-07T07:12:54.366870+01:00,2025-12-07T07:12:54.366890+01:00
824,2022-08-03,False,True,2025-12-07T07:12:54.368277+01:00,2025-12-07T07:12:54.368295+01:00
825,2022-08-02,False,True,2025-12-07T07:12:54.369780+01:00,2025-12-07T07:12:54.369799+01:00
826,2022-08-01,False,True,2025-12-07T07:12:54.371199+01:00,2025-12-07T07:12:54.371218+01:00
827,2022-07-29,True,True,2025-12-07T07:12:54.372618+01:00,2026-01-07T13:17:37.313439+01:00
828,2022-07-28,False,True,2025-12-07T07:12:54.374015+01:00,2025-12-07T07:12:54.374033+01:00
829,2022-07-27,False,True,2025-12-07T07:12:54.375443+01:00,2025-12-07T07:12:54.375461+01:00
830,2022-07-26,False,True,2025-12-07T07:12:54.376857+01:00,2025-12-07T07:12:54.376875+01:00
831,2022-07-25,False,True,2025-12-07T07:12:54.378255+01:00,2025-12-07T07:12:54.378273+01:00
832,2022-07-22,True,True,2025-12-07T07:12:54.379633+01:00,2026-01-07T13:17:40.357225+01:00
833,2022-07-21,False,True,2025-12-07T07:12:54.381065+01:00,2025-12-07T07:12:54.381095+01:00
834,2022-07-20,False,True,2025-12-07T07:12:54.382426+01:00,2025-12-07T07:12:54.382444+01:00
835,2022-07-19,False,True,2025-12-07T07:12:54.383805+01:00,2025-12-07T07:12:54.383823+01:00
836,2022-07-18,False,True,2025-12-07T07:12:54.385254+01:00,2025-12-07T07:12:54.385274+01:00
837,2022-07-15,True,True,2025-12-07T07:12:54.386677+01:00,2026-01-07T13:17:43.342935+01:00
838,2022-07-14,False,True,2025-12-07T07:12:54.388045+01:00,2025-12-07T07:12:54.388063+01:00
839,2022-07-13,False,True,2025-12-07T07:12:54.389464+01:00,2025-12-07T07:12:54.389482+01:00
840,2022-07-12,False,True,2025-12-07T07:12:54.390971+01:00,2025-12-07T07:12:54.390990+01:00
841,2022-07-08,True,True,2025-12-07T07:12:54.392371+01:00,2026-01-07T13:17:45.874776+01:00
842,2022-07-07,False,True,2025-12-07T07:12:54.393738+01:00,2025-12-07T07:12:54.393756+01:00
843,2022-07-06,False,True,2025-12-07T07:12:54.395144+01:00,2025-12-07T07:12:54.395162+01:00
844,2022-07-05,False,True,2025-12-07T07:12:54.396559+01:00,2025-12-07T07:12:54.396578+01:00
845,2022-07-04,False,True,2025-12-07T07:12:54.397980+01:00,2025-12-07T07:12:54.397998+01:00
846,2022-07-01,True,True,2025-12-07T07:12:54.399349+01:00,2026-01-07T13:17:48.838823+01:00
847,2022-06-30,False,True,2025-12-07T07:12:54.400660+01:00,2025-12-07T07:12:54.400678+01:00
848,2022-06-29,False,True,2025-12-07T07:12:54.402031+01:00,2025-12-07T07:12:54.402049+01:00
849,2022-06-28,False,True,2025-12-07T07:12:54.403498+01:00,2025-12-07T07:12:54.403516+01:00
850,2022-06-27,False,True,2025-12-07T07:12:54.404913+01:00,2025-12-07T07:12:54.404931+01:00
851,2022-06-24,True,True,2025-12-07T07:12:54.406426+01:00,2026-01-07T13:17:56.265574+01:00
852,2022-06-23,False,True,2025-12-07T07:12:54.407784+01:00,2025-12-07T07:12:54.407803+01:00
853,2022-06-22,False,True,2025-12-07T07:12:54.409243+01:00,2025-12-07T07:12:54.409261+01:00
854,2022-06-21,False,True,2025-12-07T07:12:54.410640+01:00,2025-12-07T07:12:54.410658+01:00
855,2022-06-20,False,True,2025-12-07T07:12:54.412126+01:00,2025-12-07T07:12:54.412144+01:00
856,2022-06-17,True,True,2025-12-07T07:12:54.413452+01:00,2026-01-07T13:18:14.090806+01:00
857,2022-06-16,False,True,2025-12-07T07:12:54.414844+01:00,2025-12-07T07:12:54.414862+01:00
858,2022-06-15,False,True,2025-12-07T07:12:54.416280+01:00,2025-12-07T07:12:54.416299+01:00
859,2022-06-14,False,True,2025-12-07T07:12:54.417710+01:00,2025-12-07T07:12:54.417729+01:00
860,2022-06-13,False,True,2025-12-07T07:12:54.419129+01:00,2025-12-07T07:12:54.419147+01:00
861,2022-06-10,True,True,2025-12-07T07:12:54.420467+01:00,2026-01-07T13:18:31.650025+01:00
865,2022-06-06,False,True,2025-12-07T07:12:54.425933+01:00,2025-12-07T07:12:54.425952+01:00
866,2022-06-03,True,True,2025-12-07T07:12:54.427270+01:00,2026-01-07T13:18:48.066853+01:00
867,2022-06-02,False,True,2025-12-07T07:12:54.428742+01:00,2025-12-07T07:12:54.428761+01:00
868,2022-06-01,False,True,2025-12-07T07:12:54.430097+01:00,2025-12-07T07:12:54.430115+01:00
869,2022-05-31,False,True,2025-12-07T07:12:54.431484+01:00,2025-12-07T07:12:54.431503+01:00
870,2022-05-30,False,True,2025-12-07T07:12:54.432981+01:00,2025-12-07T07:12:54.432999+01:00
871,2022-05-27,True,True,2025-12-07T07:12:54.434378+01:00,2026-01-07T13:19:05.573506+01:00
872,2022-05-26,False,True,2025-12-07T07:12:54.435776+01:00,2025-12-07T07:12:54.435795+01:00
873,2022-05-25,False,True,2025-12-07T07:12:54.437139+01:00,2025-12-07T07:12:54.437158+01:00
874,2022-05-24,False,True,2025-12-07T07:12:54.438526+01:00,2025-12-07T07:12:54.438545+01:00
875,2022-05-23,False,True,2025-12-07T07:12:54.439919+01:00,2025-12-07T07:12:54.439938+01:00
876,2022-05-20,True,True,2025-12-07T07:12:54.441411+01:00,2026-01-07T13:19:22.981158+01:00
877,2022-05-19,False,True,2025-12-07T07:12:54.442776+01:00,2025-12-07T07:12:54.442794+01:00
878,2022-05-18,False,True,2025-12-07T07:12:54.444168+01:00,2025-12-07T07:12:54.444186+01:00
879,2022-05-17,False,True,2025-12-07T07:12:54.445543+01:00,2025-12-07T07:12:54.445562+01:00
880,2022-05-16,False,True,2025-12-07T07:12:54.446932+01:00,2025-12-07T07:12:54.446950+01:00
881,2022-05-13,True,True,2025-12-07T07:12:54.448282+01:00,2026-01-07T13:19:26.130434+01:00
882,2022-05-12,False,True,2025-12-07T07:12:54.459220+01:00,2025-12-07T07:12:54.459239+01:00
883,2022-05-11,False,True,2025-12-07T07:12:54.460856+01:00,2025-12-07T07:12:54.460875+01:00
884,2022-05-10,False,True,2025-12-07T07:12:54.462382+01:00,2025-12-07T07:12:54.462402+01:00
885,2022-05-09,False,True,2025-12-07T07:12:54.463903+01:00,2025-12-07T07:12:54.463922+01:00
886,2022-05-06,True,True,2025-12-07T07:12:54.466407+01:00,2026-01-07T13:19:29.249248+01:00
887,2022-05-05,False,True,2025-12-07T07:12:54.467908+01:00,2025-12-07T07:12:54.467927+01:00
888,2022-05-04,False,True,2025-12-07T07:12:54.469714+01:00,2025-12-07T07:12:54.469733+01:00
889,2022-04-29,True,True,2025-12-07T07:12:54.471109+01:00,2026-01-07T13:19:30.996467+01:00
890,2022-04-28,False,True,2025-12-07T07:12:54.472563+01:00,2025-12-07T07:12:54.472582+01:00
891,2022-04-27,False,True,2025-12-07T07:12:54.473943+01:00,2025-12-07T07:12:54.473961+01:00
892,2022-04-26,False,True,2025-12-07T07:12:54.475272+01:00,2025-12-07T07:12:54.475290+01:00
893,2022-04-25,False,True,2025-12-07T07:12:54.476766+01:00,2025-12-07T07:12:54.476786+01:00
894,2022-04-22,True,True,2025-12-07T07:12:54.478280+01:00,2026-01-07T13:19:34.162391+01:00
895,2022-04-21,False,True,2025-12-07T07:12:54.479805+01:00,2025-12-07T07:12:54.479824+01:00
896,2022-04-20,False,True,2025-12-07T07:12:54.481233+01:00,2025-12-07T07:12:54.481253+01:00
897,2022-04-19,False,True,2025-12-07T07:12:54.482665+01:00,2025-12-07T07:12:54.482691+01:00
898,2022-04-18,False,True,2025-12-07T07:12:54.484098+01:00,2025-12-07T07:12:54.484118+01:00
899,2022-04-15,True,True,2025-12-07T07:12:54.485515+01:00,2026-01-07T13:05:28.669688+01:00
900,2022-04-14,False,True,2025-12-07T07:12:54.486935+01:00,2025-12-07T07:12:54.486955+01:00
901,2022-04-13,False,True,2025-12-07T07:12:54.488364+01:00,2025-12-07T07:12:54.488383+01:00
902,2022-04-12,False,True,2025-12-07T07:12:54.489911+01:00,2025-12-07T07:12:54.489931+01:00
903,2022-04-11,False,True,2025-12-07T07:12:54.491409+01:00,2025-12-07T07:12:54.491428+01:00
904,2022-04-08,True,True,2025-12-07T07:12:54.492839+01:00,2026-01-07T13:19:39.823625+01:00
905,2022-04-07,False,True,2025-12-07T07:12:54.494320+01:00,2025-12-07T07:12:54.494339+01:00
906,2022-04-06,False,True,2025-12-07T07:12:54.495665+01:00,2025-12-07T07:12:54.495691+01:00
907,2022-04-05,False,True,2025-12-07T07:12:54.497126+01:00,2025-12-07T07:12:54.497144+01:00
908,2022-04-04,False,True,2025-12-07T07:12:54.498788+01:00,2025-12-07T07:12:54.498808+01:00
909,2022-04-01,True,True,2025-12-07T07:12:54.500707+01:00,2026-01-07T13:19:42.896313+01:00
910,2022-03-31,False,True,2025-12-07T07:12:54.502486+01:00,2025-12-07T07:12:54.502505+01:00
911,2022-03-30,False,True,2025-12-07T07:12:54.504173+01:00,2025-12-07T07:12:54.504192+01:00
912,2022-03-29,False,True,2025-12-07T07:12:54.505893+01:00,2025-12-07T07:12:54.505912+01:00
913,2022-03-28,False,True,2025-12-07T07:12:54.507512+01:00,2025-12-07T07:12:54.507530+01:00
914,2022-03-25,True,True,2025-12-07T07:12:54.509255+01:00,2026-01-07T13:19:45.998637+01:00
915,2022-03-24,False,True,2025-12-07T07:12:54.510851+01:00,2025-12-07T07:12:54.510870+01:00
916,2022-03-23,False,True,2025-12-07T07:12:54.512398+01:00,2025-12-07T07:12:54.512416+01:00
917,2022-03-22,False,True,2025-12-07T07:12:54.513920+01:00,2025-12-07T07:12:54.513939+01:00
918,2022-03-21,False,True,2025-12-07T07:12:54.515540+01:00,2025-12-07T07:12:54.515559+01:00
919,2022-03-18,True,True,2025-12-07T07:12:54.517091+01:00,2026-01-07T13:19:49.066112+01:00
920,2022-03-17,False,True,2025-12-07T07:12:54.518588+01:00,2025-12-07T07:12:54.518606+01:00
921,2022-03-16,False,True,2025-12-07T07:12:54.520223+01:00,2025-12-07T07:12:54.520242+01:00
922,2022-03-15,False,True,2025-12-07T07:12:54.521897+01:00,2025-12-07T07:12:54.521916+01:00
923,2022-03-14,False,True,2025-12-07T07:12:54.523419+01:00,2025-12-07T07:12:54.523438+01:00
924,2022-03-11,True,True,2025-12-07T07:12:54.525076+01:00,2026-01-07T13:19:52.144693+01:00
928,2022-03-07,False,True,2025-12-07T07:12:54.531465+01:00,2025-12-07T07:12:54.531485+01:00
929,2022-03-04,True,True,2025-12-07T07:12:54.533021+01:00,2026-01-07T13:19:55.114919+01:00
930,2022-03-03,False,True,2025-12-07T07:12:54.535629+01:00,2025-12-07T07:12:54.535649+01:00
931,2022-03-02,False,True,2025-12-07T07:12:54.537217+01:00,2025-12-07T07:12:54.537236+01:00
932,2022-03-01,False,True,2025-12-07T07:12:54.538886+01:00,2025-12-07T07:12:54.538904+01:00
933,2022-02-28,False,True,2025-12-07T07:12:54.540442+01:00,2025-12-07T07:12:54.540460+01:00
934,2022-02-25,True,True,2025-12-07T07:12:54.541982+01:00,2026-01-07T13:19:58.440966+01:00
935,2022-02-24,False,True,2025-12-07T07:12:54.543530+01:00,2025-12-07T07:12:54.543548+01:00
936,2022-02-23,False,True,2025-12-07T07:12:54.545157+01:00,2025-12-07T07:12:54.545174+01:00
937,2022-02-22,False,True,2025-12-07T07:12:54.546707+01:00,2025-12-07T07:12:54.546725+01:00
938,2022-02-21,False,True,2025-12-07T07:12:54.548213+01:00,2025-12-07T07:12:54.548231+01:00
939,2022-02-18,True,True,2025-12-07T07:12:54.549855+01:00,2026-01-07T13:05:50.524246+01:00
940,2022-02-17,False,True,2025-12-07T07:12:54.551413+01:00,2025-12-07T07:12:54.551431+01:00
941,2022-02-16,False,True,2025-12-07T07:12:54.552947+01:00,2025-12-07T07:12:54.552966+01:00
942,2022-02-15,False,True,2025-12-07T07:12:54.554474+01:00,2025-12-07T07:12:54.554493+01:00
943,2022-02-14,False,True,2025-12-07T07:12:54.556206+01:00,2025-12-07T07:12:54.556225+01:00
944,2022-02-11,True,True,2025-12-07T07:12:54.557728+01:00,2026-01-07T13:20:04.077661+01:00
945,2022-02-10,False,True,2025-12-07T07:12:54.559373+01:00,2025-12-07T07:12:54.559392+01:00
946,2022-02-09,False,True,2025-12-07T07:12:54.561056+01:00,2025-12-07T07:12:54.561075+01:00
947,2022-02-08,False,True,2025-12-07T07:12:54.562633+01:00,2025-12-07T07:12:54.562651+01:00
948,2022-02-07,False,True,2025-12-07T07:12:54.564188+01:00,2025-12-07T07:12:54.564207+01:00
949,2022-02-04,True,True,2025-12-07T07:12:54.565833+01:00,2026-01-07T12:47:02.678676+01:00
950,2022-02-03,False,True,2025-12-07T07:12:54.567507+01:00,2025-12-07T07:12:54.567525+01:00
951,2022-02-02,False,True,2025-12-07T07:12:54.569024+01:00,2025-12-07T07:12:54.569043+01:00
952,2022-02-01,False,True,2025-12-07T07:12:54.570718+01:00,2025-12-07T07:12:54.570742+01:00
953,2022-01-31,False,True,2025-12-07T07:12:54.574268+01:00,2025-12-07T07:12:54.574287+01:00
954,2022-01-28,True,True,2025-12-07T07:12:54.575949+01:00,2026-01-07T13:20:09.705013+01:00
955,2022-01-27,False,True,2025-12-07T07:12:54.577586+01:00,2025-12-07T07:12:54.577605+01:00
956,2022-01-26,False,True,2025-12-07T07:12:54.579169+01:00,2025-12-07T07:12:54.579188+01:00
957,2022-01-25,False,True,2025-12-07T07:12:54.580881+01:00,2025-12-07T07:12:54.580900+01:00
958,2022-01-24,False,True,2025-12-07T07:12:54.582420+01:00,2025-12-07T07:12:54.582440+01:00
959,2022-01-21,True,True,2025-12-07T07:12:54.584002+01:00,2026-01-07T13:20:12.959062+01:00
960,2022-01-20,False,True,2025-12-07T07:12:54.585604+01:00,2025-12-07T07:12:54.585622+01:00
961,2022-01-19,False,True,2025-12-07T07:12:54.587259+01:00,2025-12-07T07:12:54.587277+01:00
962,2022-01-18,False,True,2025-12-07T07:12:54.588863+01:00,2025-12-07T07:12:54.588882+01:00
963,2022-01-17,False,True,2025-12-07T07:12:54.590411+01:00,2025-12-07T07:12:54.590430+01:00
964,2022-01-14,True,True,2025-12-07T07:12:54.592041+01:00,2026-01-07T13:20:16.184135+01:00
965,2022-01-13,False,True,2025-12-07T07:12:54.593858+01:00,2025-12-07T07:12:54.593876+01:00
966,2022-01-12,False,True,2025-12-07T07:12:54.595738+01:00,2025-12-07T07:12:54.595758+01:00
967,2022-01-10,False,True,2025-12-07T07:12:54.597345+01:00,2025-12-07T07:12:54.597364+01:00
968,2022-01-07,True,True,2025-12-07T07:12:54.599050+01:00,2026-01-07T13:20:18.550772+01:00
969,2022-01-06,False,True,2025-12-07T07:12:54.600737+01:00,2025-12-07T07:12:54.600756+01:00
970,2022-01-05,False,True,2025-12-07T07:12:54.602408+01:00,2025-12-07T07:12:54.602427+01:00
971,2022-01-04,False,True,2025-12-07T07:12:54.603960+01:00,2025-12-07T07:12:54.603978+01:00
972,2022-01-03,False,True,2025-12-07T07:12:54.605515+01:00,2025-12-07T07:12:54.605535+01:00
973,2021-12-31,True,True,2025-12-07T07:12:54.607147+01:00,2026-01-07T13:20:21.674891+01:00
974,2021-12-30,False,True,2025-12-07T07:12:54.608704+01:00,2025-12-07T07:12:54.608724+01:00
975,2021-12-29,False,True,2025-12-07T07:12:54.610397+01:00,2025-12-07T07:12:54.610417+01:00
976,2021-12-28,False,True,2025-12-07T07:12:54.611992+01:00,2025-12-07T07:12:54.612011+01:00
977,2021-12-27,False,True,2025-12-07T07:12:54.613691+01:00,2025-12-07T07:12:54.613710+01:00
978,2021-12-24,True,True,2025-12-07T07:12:54.615365+01:00,2026-01-07T13:20:24.732691+01:00
979,2021-12-23,False,True,2025-12-07T07:12:54.617048+01:00,2025-12-07T07:12:54.617068+01:00
980,2021-12-22,False,True,2025-12-07T07:12:54.618813+01:00,2025-12-07T07:12:54.618833+01:00
981,2021-12-21,False,True,2025-12-07T07:12:54.620400+01:00,2025-12-07T07:12:54.620420+01:00
982,2021-12-20,False,True,2025-12-07T07:12:54.621963+01:00,2025-12-07T07:12:54.621983+01:00
983,2021-12-17,True,True,2025-12-07T07:12:54.623639+01:00,2026-01-07T13:20:27.721098+01:00
984,2021-12-16,False,True,2025-12-07T07:12:54.625258+01:00,2025-12-07T07:12:54.625277+01:00
985,2021-12-15,False,True,2025-12-07T07:12:54.626878+01:00,2025-12-07T07:12:54.626897+01:00
986,2021-12-14,False,True,2025-12-07T07:12:54.629953+01:00,2025-12-07T07:12:54.629972+01:00
987,2021-12-13,False,True,2025-12-07T07:12:54.631564+01:00,2025-12-07T07:12:54.631583+01:00
988,2021-12-10,True,True,2025-12-07T07:12:54.633055+01:00,2026-01-07T13:05:50.019401+01:00
989,2021-12-09,False,True,2025-12-07T07:12:54.634729+01:00,2025-12-07T07:12:54.634749+01:00
990,2021-12-08,False,True,2025-12-07T07:12:54.636268+01:00,2025-12-07T07:12:54.636287+01:00
991,2021-12-07,False,True,2025-12-07T07:12:54.637811+01:00,2025-12-07T07:12:54.637842+01:00
992,2021-12-06,False,True,2025-12-07T07:12:54.639346+01:00,2025-12-07T07:12:54.639366+01:00
993,2021-12-03,True,True,2025-12-07T07:12:54.642045+01:00,2026-01-07T13:20:33.430581+01:00
994,2021-12-02,False,True,2025-12-07T07:12:54.643582+01:00,2025-12-07T07:12:54.643602+01:00
995,2021-12-01,False,True,2025-12-07T07:12:54.645124+01:00,2025-12-07T07:12:54.645143+01:00
996,2021-11-30,False,True,2025-12-07T07:12:54.646775+01:00,2025-12-07T07:12:54.646794+01:00
997,2021-11-29,False,True,2025-12-07T07:12:54.648319+01:00,2025-12-07T07:12:54.648339+01:00
998,2021-11-26,True,True,2025-12-07T07:12:54.649922+01:00,2026-01-07T13:20:36.401714+01:00
999,2021-11-25,False,True,2025-12-07T07:12:54.651424+01:00,2025-12-07T07:12:54.651454+01:00
1000,2021-11-24,False,True,2025-12-07T07:12:54.652968+01:00,2025-12-07T07:12:54.652987+01:00
1001,2021-11-23,False,True,2025-12-07T07:12:54.654473+01:00,2025-12-07T07:12:54.654503+01:00
1002,2021-11-22,False,True,2025-12-07T07:12:54.655943+01:00,2025-12-07T07:12:54.655963+01:00
1003,2021-11-19,True,True,2025-12-07T07:12:54.657387+01:00,2026-01-07T13:20:39.387833+01:00
1004,2021-11-17,False,True,2025-12-07T07:12:54.658889+01:00,2025-12-07T07:12:54.658908+01:00
1005,2021-11-16,False,True,2025-12-07T07:12:54.660382+01:00,2025-12-07T07:12:54.660400+01:00
1006,2021-11-15,False,True,2025-12-07T07:12:54.661871+01:00,2025-12-07T07:12:54.661889+01:00
1007,2021-11-12,True,True,2025-12-07T07:12:54.663442+01:00,2026-01-07T13:20:41.728496+01:00
1008,2021-11-11,False,True,2025-12-07T07:12:54.664915+01:00,2025-12-07T07:12:54.664934+01:00
1009,2021-11-10,False,True,2025-12-07T07:12:54.666462+01:00,2025-12-07T07:12:54.666493+01:00
1010,2021-11-09,False,True,2025-12-07T07:12:54.667976+01:00,2025-12-07T07:12:54.667994+01:00
1011,2021-11-08,False,True,2025-12-07T07:12:54.669449+01:00,2025-12-07T07:12:54.669468+01:00
1012,2021-11-05,True,True,2025-12-07T07:12:54.671019+01:00,2026-01-07T13:20:44.807448+01:00
1013,2021-11-04,False,True,2025-12-07T07:12:54.672507+01:00,2025-12-07T07:12:54.672527+01:00
1014,2021-11-03,False,True,2025-12-07T07:12:54.674139+01:00,2025-12-07T07:12:54.674157+01:00
1015,2021-11-02,False,True,2025-12-07T07:12:54.675664+01:00,2025-12-07T07:12:54.675691+01:00
1016,2021-11-01,False,True,2025-12-07T07:12:54.677122+01:00,2025-12-07T07:12:54.677140+01:00
1017,2021-10-29,True,True,2025-12-07T07:12:54.678651+01:00,2026-01-07T13:20:48.195427+01:00
1018,2021-10-28,False,True,2025-12-07T07:12:54.680216+01:00,2025-12-07T07:12:54.680247+01:00
1019,2021-10-27,False,True,2025-12-07T07:12:54.681629+01:00,2025-12-07T07:12:54.681648+01:00
1020,2021-10-26,False,True,2025-12-07T07:12:54.683090+01:00,2025-12-07T07:12:54.683110+01:00
1021,2021-10-25,False,True,2025-12-07T07:12:54.684557+01:00,2025-12-07T07:12:54.684575+01:00
1022,2021-10-22,True,True,2025-12-07T07:12:54.686020+01:00,2026-01-07T13:04:20.424165+01:00
1023,2021-10-21,False,True,2025-12-07T07:12:54.687561+01:00,2025-12-07T07:12:54.687580+01:00
1024,2021-10-18,False,True,2025-12-07T07:12:54.688983+01:00,2025-12-07T07:12:54.689002+01:00
1025,2021-10-15,True,True,2025-12-07T07:12:54.690448+01:00,2026-01-07T13:20:52.553245+01:00
1029,2021-10-11,False,True,2025-12-07T07:12:54.696370+01:00,2025-12-07T07:12:54.696391+01:00
1030,2021-10-08,True,True,2025-12-07T07:12:54.697978+01:00,2026-01-07T13:20:55.471855+01:00
1031,2021-10-07,False,True,2025-12-07T07:12:54.699465+01:00,2025-12-07T07:12:54.699483+01:00
1032,2021-10-06,False,True,2025-12-07T07:12:54.700967+01:00,2025-12-07T07:12:54.700986+01:00
1033,2021-10-05,False,True,2025-12-07T07:12:54.702468+01:00,2025-12-07T07:12:54.702488+01:00
1034,2021-10-04,False,True,2025-12-07T07:12:54.703957+01:00,2025-12-07T07:12:54.703977+01:00
1035,2021-10-01,True,True,2025-12-07T07:12:54.705688+01:00,2026-01-07T13:20:58.561811+01:00
1036,2021-09-30,False,True,2025-12-07T07:12:54.707358+01:00,2025-12-07T07:12:54.707378+01:00
1037,2021-09-29,False,True,2025-12-07T07:12:54.709022+01:00,2025-12-07T07:12:54.709040+01:00
1038,2021-09-28,False,True,2025-12-07T07:12:54.710538+01:00,2025-12-07T07:12:54.710557+01:00
1039,2021-09-27,False,True,2025-12-07T07:12:54.712104+01:00,2025-12-07T07:12:54.712122+01:00
1040,2021-09-24,True,True,2025-12-07T07:12:54.713702+01:00,2026-01-07T13:21:01.586040+01:00
1041,2021-09-23,False,True,2025-12-07T07:12:54.715206+01:00,2025-12-07T07:12:54.715236+01:00
1042,2021-09-22,False,True,2025-12-07T07:12:54.716812+01:00,2025-12-07T07:12:54.716830+01:00
1043,2021-09-21,False,True,2025-12-07T07:12:54.718479+01:00,2025-12-07T07:12:54.718497+01:00
1044,2021-09-20,False,True,2025-12-07T07:12:54.720065+01:00,2025-12-07T07:12:54.720085+01:00
1045,2021-09-17,True,True,2025-12-07T07:12:54.721611+01:00,2026-01-07T13:21:04.573255+01:00
1046,2021-09-16,False,True,2025-12-07T07:12:54.723243+01:00,2025-12-07T07:12:54.723261+01:00
1047,2021-09-15,False,True,2025-12-07T07:12:54.724806+01:00,2025-12-07T07:12:54.724824+01:00
1048,2021-09-14,False,True,2025-12-07T07:12:54.726404+01:00,2025-12-07T07:12:54.726423+01:00
1049,2021-09-13,False,True,2025-12-07T07:12:54.727955+01:00,2025-12-07T07:12:54.727973+01:00
1050,2021-09-10,True,True,2025-12-07T07:12:54.729480+01:00,2026-01-07T13:21:07.910355+01:00
1051,2021-09-09,False,True,2025-12-07T07:12:54.730965+01:00,2025-12-07T07:12:54.730984+01:00
1052,2021-09-08,False,True,2025-12-07T07:12:54.732433+01:00,2025-12-07T07:12:54.732453+01:00
1053,2021-09-07,False,True,2025-12-07T07:12:54.734048+01:00,2025-12-07T07:12:54.734065+01:00
1054,2021-09-06,False,True,2025-12-07T07:12:54.735537+01:00,2025-12-07T07:12:54.735556+01:00
1055,2021-09-03,True,True,2025-12-07T07:12:54.737071+01:00,2026-01-07T13:21:10.991501+01:00
1056,2021-09-02,False,True,2025-12-07T07:12:54.738559+01:00,2025-12-07T07:12:54.738578+01:00
1057,2021-09-01,False,True,2025-12-07T07:12:54.740035+01:00,2025-12-07T07:12:54.740054+01:00
1058,2021-08-31,False,True,2025-12-07T07:12:54.741575+01:00,2025-12-07T07:12:54.741593+01:00
1059,2021-08-30,False,True,2025-12-07T07:12:54.743053+01:00,2025-12-07T07:12:54.743072+01:00
1060,2021-08-27,True,True,2025-12-07T07:12:54.744546+01:00,2026-01-07T13:21:14.395466+01:00
1061,2021-08-26,False,True,2025-12-07T07:12:54.746084+01:00,2025-12-07T07:12:54.746104+01:00
1062,2021-08-25,False,True,2025-12-07T07:12:54.747643+01:00,2025-12-07T07:12:54.747661+01:00
1063,2021-08-24,False,True,2025-12-07T07:12:54.749108+01:00,2025-12-07T07:12:54.749130+01:00
1064,2021-08-23,True,True,2025-12-07T07:12:54.750602+01:00,2026-01-07T13:21:16.921018+01:00
1065,2021-08-19,False,True,2025-12-07T07:12:54.752261+01:00,2025-12-07T07:12:54.752280+01:00
1066,2021-08-18,False,True,2025-12-07T07:12:54.753731+01:00,2025-12-07T07:12:54.753750+01:00
1067,2021-08-17,False,True,2025-12-07T07:12:54.755242+01:00,2025-12-07T07:12:54.755261+01:00
1068,2021-08-16,False,True,2025-12-07T07:12:54.756780+01:00,2025-12-07T07:12:54.756800+01:00
1069,2021-08-13,True,True,2025-12-07T07:12:54.758299+01:00,2026-01-07T13:21:19.873842+01:00
1070,2021-08-12,False,True,2025-12-07T07:12:54.759869+01:00,2025-12-07T07:12:54.759950+01:00
1071,2021-08-11,False,True,2025-12-07T07:12:54.761478+01:00,2025-12-07T07:12:54.761497+01:00
1072,2021-08-09,False,True,2025-12-07T07:12:54.762979+01:00,2025-12-07T07:12:54.762999+01:00
1073,2021-08-06,True,True,2025-12-07T07:12:54.764484+01:00,2026-01-07T13:21:22.262991+01:00
1074,2021-08-05,False,True,2025-12-07T07:12:54.766047+01:00,2025-12-07T07:12:54.766065+01:00
1075,2021-08-04,False,True,2025-12-07T07:12:54.767588+01:00,2025-12-07T07:12:54.767606+01:00
1077,2021-08-02,True,True,2025-12-07T07:12:54.770697+01:00,2026-01-07T13:21:24.767956+01:00
1078,2021-07-29,False,True,2025-12-07T07:12:54.772128+01:00,2025-12-07T07:12:54.772169+01:00
1079,2021-07-28,False,True,2025-12-07T07:12:54.773667+01:00,2025-12-07T07:12:54.773694+01:00
1080,2021-07-27,False,True,2025-12-07T07:12:54.775188+01:00,2025-12-07T07:12:54.775228+01:00
1081,2021-07-26,False,True,2025-12-07T07:12:54.776817+01:00,2025-12-07T07:12:54.776834+01:00
1082,2021-07-23,True,True,2025-12-07T07:12:54.778356+01:00,2026-01-07T13:21:28.045515+01:00
1083,2021-07-20,False,True,2025-12-07T07:12:54.779905+01:00,2025-12-07T07:12:54.779924+01:00
1084,2021-07-19,False,True,2025-12-07T07:12:54.781443+01:00,2025-12-07T07:12:54.781463+01:00
1085,2021-07-16,True,True,2025-12-07T07:12:54.782941+01:00,2026-01-07T13:21:29.891790+01:00
1086,2021-07-15,False,True,2025-12-07T07:12:54.784419+01:00,2025-12-07T07:12:54.784459+01:00
1087,2021-07-14,False,True,2025-12-07T07:12:54.785920+01:00,2025-12-07T07:12:54.785939+01:00
1088,2021-07-13,False,True,2025-12-07T07:12:54.787454+01:00,2025-12-07T07:12:54.787473+01:00
1089,2021-07-12,False,True,2025-12-07T07:12:54.788974+01:00,2025-12-07T07:12:54.789011+01:00
1090,2021-07-09,True,True,2025-12-07T07:12:54.790473+01:00,2026-01-07T13:21:33.084794+01:00
1091,2021-07-08,False,True,2025-12-07T07:12:54.791972+01:00,2025-12-07T07:12:54.791992+01:00
1092,2021-07-07,False,True,2025-12-07T07:12:54.793469+01:00,2025-12-07T07:12:54.793488+01:00
1093,2021-07-06,False,True,2025-12-07T07:12:54.795055+01:00,2025-12-07T07:12:54.795074+01:00
1094,2021-07-05,False,True,2025-12-07T07:12:54.796498+01:00,2025-12-07T07:12:54.796521+01:00
1095,2021-07-02,True,True,2025-12-07T07:12:54.798000+01:00,2026-01-07T13:21:36.094109+01:00
1096,2021-07-01,False,True,2025-12-07T07:12:54.799628+01:00,2025-12-07T07:12:54.799646+01:00
1097,2021-06-30,False,True,2025-12-07T07:12:54.801124+01:00,2025-12-07T07:12:54.801143+01:00
1098,2021-06-29,False,True,2025-12-07T07:12:54.802801+01:00,2025-12-07T07:12:54.802821+01:00
1099,2021-06-28,False,True,2025-12-07T07:12:54.804492+01:00,2025-12-07T07:12:54.804512+01:00
1100,2021-06-25,True,True,2025-12-07T07:12:54.806208+01:00,2026-01-07T13:21:39.047843+01:00
1101,2021-06-24,False,True,2025-12-07T07:12:54.808106+01:00,2025-12-07T07:12:54.808144+01:00
1102,2021-06-23,False,True,2025-12-07T07:12:54.809877+01:00,2025-12-07T07:12:54.809897+01:00
1103,2021-06-22,False,True,2025-12-07T07:12:54.811807+01:00,2025-12-07T07:12:54.811828+01:00
1104,2021-06-21,False,True,2025-12-07T07:12:54.813659+01:00,2025-12-07T07:12:54.813679+01:00
1105,2021-06-18,True,True,2025-12-07T07:12:54.815281+01:00,2026-01-07T13:21:42.281042+01:00
1106,2021-06-17,False,True,2025-12-07T07:12:54.817023+01:00,2025-12-07T07:12:54.817042+01:00
1107,2021-06-16,False,True,2025-12-07T07:12:54.818651+01:00,2025-12-07T07:12:54.818670+01:00
1108,2021-06-15,False,True,2025-12-07T07:12:54.820552+01:00,2025-12-07T07:12:54.820571+01:00
1109,2021-06-14,False,True,2025-12-07T07:12:54.822324+01:00,2025-12-07T07:12:54.822344+01:00
1110,2021-06-11,True,True,2025-12-07T07:12:54.823955+01:00,2026-01-07T13:21:45.350767+01:00
1111,2021-06-10,False,True,2025-12-07T07:12:54.825689+01:00,2025-12-07T07:12:54.825709+01:00
1112,2021-06-09,False,True,2025-12-07T07:12:54.827425+01:00,2025-12-07T07:12:54.827445+01:00
1113,2021-06-08,False,True,2025-12-07T07:12:54.829107+01:00,2025-12-07T07:12:54.829126+01:00
1114,2021-06-07,False,True,2025-12-07T07:12:54.830719+01:00,2025-12-07T07:12:54.830738+01:00
1115,2021-06-04,True,True,2025-12-07T07:12:54.832490+01:00,2026-01-07T13:21:48.587788+01:00
1116,2021-06-03,False,True,2025-12-07T07:12:54.834105+01:00,2025-12-07T07:12:54.834124+01:00
1117,2021-06-02,False,True,2025-12-07T07:12:54.835771+01:00,2025-12-07T07:12:54.835790+01:00
1118,2021-06-01,False,True,2025-12-07T07:12:54.837565+01:00,2025-12-07T07:12:54.837584+01:00
1119,2021-05-31,False,True,2025-12-07T07:12:54.839200+01:00,2025-12-07T07:12:54.839218+01:00
1120,2021-05-28,True,True,2025-12-07T07:12:54.840880+01:00,2026-01-07T13:21:51.685885+01:00
1121,2021-05-27,False,True,2025-12-07T07:12:54.842521+01:00,2025-12-07T07:12:54.842540+01:00
1122,2021-05-26,False,True,2025-12-07T07:12:54.845753+01:00,2025-12-07T07:12:54.845772+01:00
1123,2021-05-25,False,True,2025-12-07T07:12:54.847382+01:00,2025-12-07T07:12:54.847400+01:00
1124,2021-05-24,False,True,2025-12-07T07:12:54.848978+01:00,2025-12-07T07:12:54.848997+01:00
1125,2021-05-21,True,True,2025-12-07T07:12:54.850556+01:00,2026-01-07T13:21:54.676792+01:00
1126,2021-05-20,False,True,2025-12-07T07:12:54.852181+01:00,2025-12-07T07:12:54.852200+01:00
1127,2021-05-19,False,True,2025-12-07T07:12:54.853765+01:00,2025-12-07T07:12:54.853784+01:00
1128,2021-05-18,False,True,2025-12-07T07:12:54.855339+01:00,2025-12-07T07:12:54.855359+01:00
1129,2021-05-17,True,True,2025-12-07T07:12:54.856950+01:00,2026-01-07T13:21:57.102811+01:00
1130,2021-05-12,False,True,2025-12-07T07:12:54.858581+01:00,2025-12-07T07:12:54.858600+01:00
1131,2021-05-11,False,True,2025-12-07T07:12:54.860241+01:00,2025-12-07T07:12:54.860261+01:00
1132,2021-05-10,False,True,2025-12-07T07:12:54.861916+01:00,2025-12-07T07:12:54.861935+01:00
1133,2021-05-07,True,True,2025-12-07T07:12:54.863548+01:00,2026-01-07T13:21:59.501664+01:00
1134,2021-05-06,False,True,2025-12-07T07:12:54.865162+01:00,2025-12-07T07:12:54.865182+01:00
1135,2021-05-05,False,True,2025-12-07T07:12:54.866798+01:00,2025-12-07T07:12:54.866817+01:00
1136,2021-05-04,False,True,2025-12-07T07:12:54.868393+01:00,2025-12-07T07:12:54.868411+01:00
1137,2021-05-03,False,True,2025-12-07T07:12:54.870026+01:00,2025-12-07T07:12:54.870044+01:00
1138,2021-04-30,True,True,2025-12-07T07:12:54.871740+01:00,2026-01-07T13:22:02.440687+01:00
1139,2021-04-29,False,True,2025-12-07T07:12:54.873476+01:00,2025-12-07T07:12:54.873495+01:00
1140,2021-04-28,False,True,2025-12-07T07:12:54.875128+01:00,2025-12-07T07:12:54.875147+01:00
1141,2021-04-27,False,True,2025-12-07T07:12:54.876818+01:00,2025-12-07T07:12:54.876837+01:00
1142,2021-04-26,False,True,2025-12-07T07:12:54.878411+01:00,2025-12-07T07:12:54.878430+01:00
1143,2021-04-23,True,True,2025-12-07T07:12:54.880012+01:00,2026-01-07T13:22:05.394652+01:00
1144,2021-04-22,False,True,2025-12-07T07:12:54.881781+01:00,2025-12-07T07:12:54.881801+01:00
1145,2021-04-21,False,True,2025-12-07T07:12:54.883504+01:00,2025-12-07T07:12:54.883523+01:00
1146,2021-04-20,False,True,2025-12-07T07:12:54.885913+01:00,2025-12-07T07:12:54.885932+01:00
1147,2021-04-19,False,True,2025-12-07T07:12:54.887668+01:00,2025-12-07T07:12:54.887694+01:00
1148,2021-04-16,True,True,2025-12-07T07:12:54.889264+01:00,2026-01-07T13:22:08.325230+01:00
1149,2021-04-15,False,True,2025-12-07T07:12:54.890867+01:00,2025-12-07T07:12:54.890886+01:00
1150,2021-04-14,False,True,2025-12-07T07:12:54.892439+01:00,2025-12-07T07:12:54.892458+01:00
1151,2021-04-13,False,True,2025-12-07T07:12:54.894027+01:00,2025-12-07T07:12:54.894046+01:00
1152,2021-04-12,False,True,2025-12-07T07:12:54.895621+01:00,2025-12-07T07:12:54.895639+01:00
1153,2021-04-09,True,True,2025-12-07T07:12:54.897197+01:00,2026-01-07T13:22:11.483341+01:00
1154,2021-04-08,False,True,2025-12-07T07:12:54.898681+01:00,2025-12-07T07:12:54.898711+01:00
1155,2021-04-07,False,True,2025-12-07T07:12:54.900165+01:00,2025-12-07T07:12:54.900184+01:00
1156,2021-04-06,False,True,2025-12-07T07:12:54.901550+01:00,2025-12-07T07:12:54.901568+01:00
1157,2021-04-05,False,True,2025-12-07T07:12:54.903125+01:00,2025-12-07T07:12:54.903144+01:00
1158,2021-04-02,True,True,2025-12-07T07:12:54.904542+01:00,2026-01-07T13:22:14.672113+01:00
1159,2021-04-01,False,True,2025-12-07T07:12:54.905923+01:00,2025-12-07T07:12:54.905942+01:00
1160,2021-03-31,False,True,2025-12-07T07:12:54.907354+01:00,2025-12-07T07:12:54.907374+01:00
1161,2021-03-30,False,True,2025-12-07T07:12:54.908877+01:00,2025-12-07T07:12:54.908896+01:00
1162,2021-03-29,False,True,2025-12-07T07:12:54.910338+01:00,2025-12-07T07:12:54.910357+01:00
1163,2021-03-26,True,True,2025-12-07T07:12:54.912173+01:00,2026-01-07T13:22:17.644848+01:00
1164,2021-03-25,False,True,2025-12-07T07:12:54.913914+01:00,2025-12-07T07:12:54.913934+01:00
1165,2021-03-24,False,True,2025-12-07T07:12:54.915629+01:00,2025-12-07T07:12:54.915647+01:00
1166,2021-03-23,False,True,2025-12-07T07:12:54.917341+01:00,2025-12-07T07:12:54.917359+01:00
1167,2021-03-22,False,True,2025-12-07T07:12:54.918997+01:00,2025-12-07T07:12:54.919016+01:00
1168,2021-03-19,True,True,2025-12-07T07:12:54.920666+01:00,2026-01-07T13:22:20.858346+01:00
1169,2021-03-18,False,True,2025-12-07T07:12:54.922437+01:00,2025-12-07T07:12:54.922456+01:00
1170,2021-03-17,False,True,2025-12-07T07:12:54.923896+01:00,2025-12-07T07:12:54.923915+01:00
1171,2021-03-16,False,True,2025-12-07T07:12:54.925246+01:00,2025-12-07T07:12:54.925265+01:00
1172,2021-03-15,False,True,2025-12-07T07:12:54.926630+01:00,2025-12-07T07:12:54.926648+01:00
1173,2021-03-12,True,True,2025-12-07T07:12:54.928085+01:00,2026-01-07T13:22:23.966987+01:00
1174,2021-03-11,False,True,2025-12-07T07:12:54.929457+01:00,2025-12-07T07:12:54.929476+01:00
1175,2021-03-10,False,True,2025-12-07T07:12:54.930794+01:00,2025-12-07T07:12:54.930813+01:00
1176,2021-03-09,False,True,2025-12-07T07:12:54.932128+01:00,2025-12-07T07:12:54.932146+01:00
1177,2021-03-08,False,True,2025-12-07T07:12:54.933458+01:00,2025-12-07T07:12:54.933477+01:00
1178,2021-03-05,True,True,2025-12-07T07:12:54.935030+01:00,2026-01-07T13:22:26.967542+01:00
1179,2021-03-04,False,True,2025-12-07T07:12:54.936477+01:00,2025-12-07T07:12:54.936496+01:00
1180,2021-03-03,False,True,2025-12-07T07:12:54.937847+01:00,2025-12-07T07:12:54.937865+01:00
1181,2021-03-02,False,True,2025-12-07T07:12:54.939171+01:00,2025-12-07T07:12:54.939190+01:00
1182,2021-03-01,False,True,2025-12-07T07:12:54.940509+01:00,2025-12-07T07:12:54.940528+01:00
1183,2021-02-26,True,True,2025-12-07T07:12:54.941898+01:00,2026-01-07T13:22:30.285474+01:00
1184,2021-02-25,False,True,2025-12-07T07:12:54.943234+01:00,2025-12-07T07:12:54.943252+01:00
1185,2021-02-24,False,True,2025-12-07T07:12:54.944555+01:00,2025-12-07T07:12:54.944573+01:00
1186,2021-02-23,False,True,2025-12-07T07:12:54.946005+01:00,2025-12-07T07:12:54.946025+01:00
1187,2021-02-22,False,True,2025-12-07T07:12:54.947473+01:00,2025-12-07T07:12:54.947503+01:00
1188,2021-02-19,True,True,2025-12-07T07:12:54.948881+01:00,2026-01-07T13:22:33.371122+01:00
1189,2021-02-18,False,True,2025-12-07T07:12:54.950203+01:00,2025-12-07T07:12:54.950221+01:00
1190,2021-02-17,False,True,2025-12-07T07:12:54.951587+01:00,2025-12-07T07:12:54.951606+01:00
1191,2021-02-16,False,True,2025-12-07T07:12:54.952996+01:00,2025-12-07T07:12:54.953014+01:00
1192,2021-02-15,False,True,2025-12-07T07:12:54.954367+01:00,2025-12-07T07:12:54.954385+01:00
1193,2021-02-12,True,True,2025-12-07T07:12:54.955773+01:00,2026-01-07T13:22:36.641432+01:00
1194,2021-02-11,False,True,2025-12-07T07:12:54.957172+01:00,2025-12-07T07:12:54.957191+01:00
1195,2021-02-10,False,True,2025-12-07T07:12:54.958529+01:00,2025-12-07T07:12:54.958547+01:00
1196,2021-02-09,False,True,2025-12-07T07:12:54.959887+01:00,2025-12-07T07:12:54.959905+01:00
1197,2021-02-08,False,True,2025-12-07T07:12:54.961257+01:00,2025-12-07T07:12:54.961275+01:00
1198,2021-02-05,True,True,2025-12-07T07:12:54.962713+01:00,2026-01-07T13:22:39.562220+01:00
1199,2021-02-04,False,True,2025-12-07T07:12:54.964064+01:00,2025-12-07T07:12:54.964082+01:00
1200,2021-02-03,False,True,2025-12-07T07:12:54.965407+01:00,2025-12-07T07:12:54.965426+01:00
1201,2021-02-02,False,True,2025-12-07T07:12:54.966824+01:00,2025-12-07T07:12:54.966844+01:00
1202,2021-02-01,False,True,2025-12-07T07:12:54.968309+01:00,2025-12-07T07:12:54.968328+01:00
1203,2021-01-29,True,True,2025-12-07T07:12:54.969753+01:00,2026-01-07T13:22:42.487562+01:00
1204,2021-01-28,False,True,2025-12-07T07:12:54.971113+01:00,2025-12-07T07:12:54.971131+01:00
1205,2021-01-27,False,True,2025-12-07T07:12:54.972570+01:00,2025-12-07T07:12:54.972590+01:00
1206,2021-01-26,False,True,2025-12-07T07:12:54.973939+01:00,2025-12-07T07:12:54.973957+01:00
1207,2021-01-25,False,True,2025-12-07T07:12:54.975277+01:00,2025-12-07T07:12:54.975295+01:00
1208,2021-01-22,True,True,2025-12-07T07:12:54.976647+01:00,2026-01-07T13:05:15.939882+01:00
1209,2021-01-21,False,True,2025-12-07T07:12:54.978166+01:00,2025-12-07T07:12:54.978184+01:00
1210,2021-01-20,False,True,2025-12-07T07:12:54.979503+01:00,2025-12-07T07:12:54.979521+01:00
1211,2021-01-19,False,True,2025-12-07T07:12:54.980889+01:00,2025-12-07T07:12:54.980907+01:00
1212,2021-01-18,False,True,2025-12-07T07:12:54.982222+01:00,2025-12-07T07:12:54.982241+01:00
1213,2021-01-15,True,True,2025-12-07T07:12:54.983555+01:00,2026-01-07T13:22:49.058652+01:00
1214,2021-01-14,False,True,2025-12-07T07:12:54.984944+01:00,2025-12-07T07:12:54.984963+01:00
1215,2021-01-13,False,True,2025-12-07T07:12:54.986378+01:00,2025-12-07T07:12:54.986396+01:00
1216,2021-01-12,False,True,2025-12-07T07:12:54.987716+01:00,2025-12-07T07:12:54.987735+01:00
1217,2021-01-08,True,True,2025-12-07T07:12:54.989051+01:00,2026-01-07T13:22:51.503398+01:00
1218,2021-01-07,False,True,2025-12-07T07:12:54.990412+01:00,2025-12-07T07:12:54.990431+01:00
1219,2021-01-06,False,True,2025-12-07T07:12:54.991890+01:00,2025-12-07T07:12:54.992011+01:00
1220,2021-01-05,False,True,2025-12-07T07:12:54.993342+01:00,2025-12-07T07:12:54.993361+01:00
1221,2021-01-04,True,True,2025-12-07T07:12:54.994724+01:00,2026-01-07T12:47:59.142264+01:00
1222,2020-12-31,False,True,2025-12-07T07:12:54.996066+01:00,2025-12-07T07:12:54.996084+01:00
1223,2020-12-30,False,True,2025-12-07T07:12:54.997568+01:00,2025-12-07T07:12:54.997586+01:00
1224,2020-12-29,False,True,2025-12-07T07:12:54.998996+01:00,2025-12-07T07:12:54.999016+01:00
1225,2020-12-28,False,True,2025-12-07T07:12:55.001009+01:00,2025-12-07T07:12:55.001028+01:00
1226,2020-12-25,True,True,2025-12-07T07:12:55.002525+01:00,2026-01-07T13:03:40.037139+01:00
1227,2020-12-24,False,True,2025-12-07T07:12:55.004067+01:00,2025-12-07T07:12:55.004085+01:00
1228,2020-12-23,False,True,2025-12-07T07:12:55.005412+01:00,2025-12-07T07:12:55.005430+01:00
1229,2020-12-22,False,True,2025-12-07T07:12:55.006854+01:00,2025-12-07T07:12:55.006874+01:00
1231,2020-12-18,True,True,2025-12-07T07:12:55.009772+01:00,2026-01-07T13:22:59.036890+01:00
1232,2020-12-17,False,True,2025-12-07T07:12:55.011147+01:00,2025-12-07T07:12:55.011166+01:00
1233,2020-12-16,False,True,2025-12-07T07:12:55.012623+01:00,2025-12-07T07:12:55.012642+01:00
1234,2020-12-15,False,True,2025-12-07T07:12:55.014085+01:00,2025-12-07T07:12:55.014105+01:00
1235,2020-12-14,False,True,2025-12-07T07:12:55.015508+01:00,2025-12-07T07:12:55.015527+01:00
1236,2020-12-11,True,True,2025-12-07T07:12:55.016870+01:00,2026-01-07T13:23:02.258539+01:00
1237,2020-12-10,False,True,2025-12-07T07:12:55.018247+01:00,2025-12-07T07:12:55.018266+01:00
1238,2020-12-09,False,True,2025-12-07T07:12:55.019618+01:00,2025-12-07T07:12:55.019637+01:00
1239,2020-12-08,False,True,2025-12-07T07:12:55.021078+01:00,2025-12-07T07:12:55.021096+01:00
1240,2020-12-07,False,True,2025-12-07T07:12:55.022505+01:00,2025-12-07T07:12:55.022524+01:00
1241,2020-12-04,True,True,2025-12-07T07:12:55.024155+01:00,2026-01-07T13:23:06.339319+01:00
1242,2020-12-03,False,True,2025-12-07T07:12:55.025881+01:00,2025-12-07T07:12:55.025901+01:00
1243,2020-12-02,False,True,2025-12-07T07:12:55.027607+01:00,2025-12-07T07:12:55.027625+01:00
1244,2020-12-01,False,True,2025-12-07T07:12:55.029240+01:00,2025-12-07T07:12:55.029258+01:00
1245,2020-11-30,False,True,2025-12-07T07:12:55.031058+01:00,2025-12-07T07:12:55.031078+01:00
1246,2020-11-27,True,True,2025-12-07T07:12:55.032850+01:00,2026-01-07T13:23:09.348400+01:00
1247,2020-11-26,False,True,2025-12-07T07:12:55.034513+01:00,2025-12-07T07:12:55.034532+01:00
1248,2020-11-25,False,True,2025-12-07T07:12:55.036222+01:00,2025-12-07T07:12:55.036240+01:00
1249,2020-11-24,False,True,2025-12-07T07:12:55.037814+01:00,2025-12-07T07:12:55.037833+01:00
1250,2020-11-23,False,True,2025-12-07T07:12:55.039466+01:00,2025-12-07T07:12:55.039485+01:00
1251,2020-11-20,True,True,2025-12-07T07:12:55.041178+01:00,2026-01-07T13:23:12.274931+01:00
1252,2020-11-19,False,True,2025-12-07T07:12:55.042744+01:00,2025-12-07T07:12:55.042763+01:00
1253,2020-11-17,False,True,2025-12-07T07:12:55.044376+01:00,2025-12-07T07:12:55.044394+01:00
1254,2020-11-16,False,True,2025-12-07T07:12:55.046091+01:00,2025-12-07T07:12:55.046110+01:00
1255,2020-11-13,True,True,2025-12-07T07:12:55.047865+01:00,2026-01-07T13:23:14.583464+01:00
1256,2020-11-12,False,True,2025-12-07T07:12:55.049516+01:00,2025-12-07T07:12:55.049535+01:00
1257,2020-11-11,False,True,2025-12-07T07:12:55.051233+01:00,2025-12-07T07:12:55.051251+01:00
1258,2020-11-10,False,True,2025-12-07T07:12:55.052826+01:00,2025-12-07T07:12:55.052845+01:00
1259,2020-11-09,True,True,2025-12-07T07:12:55.054396+01:00,2026-01-07T13:23:16.990090+01:00
1260,2020-11-05,False,True,2025-12-07T07:12:55.055961+01:00,2025-12-07T07:12:55.055980+01:00
1261,2020-11-04,False,True,2025-12-07T07:12:55.057607+01:00,2025-12-07T07:12:55.057625+01:00
1262,2020-11-03,False,True,2025-12-07T07:12:55.059177+01:00,2025-12-07T07:12:55.059196+01:00
1263,2020-11-02,True,True,2025-12-07T07:12:55.060960+01:00,2026-01-07T13:23:19.391492+01:00
1264,2020-10-28,False,True,2025-12-07T07:12:55.062711+01:00,2025-12-07T07:12:55.062731+01:00
1265,2020-10-27,False,True,2025-12-07T07:12:55.064321+01:00,2025-12-07T07:12:55.064360+01:00
1266,2020-10-26,False,True,2025-12-07T07:12:55.066016+01:00,2025-12-07T07:12:55.066035+01:00
1267,2020-10-23,True,True,2025-12-07T07:12:55.067849+01:00,2026-01-07T12:48:57.164296+01:00
1268,2020-10-22,False,True,2025-12-07T07:12:55.069412+01:00,2025-12-07T07:12:55.069431+01:00
1269,2020-10-21,False,True,2025-12-07T07:12:55.071104+01:00,2025-12-07T07:12:55.071122+01:00
1270,2020-10-20,False,True,2025-12-07T07:12:55.073243+01:00,2025-12-07T07:12:55.073266+01:00
1271,2020-10-19,False,True,2025-12-07T07:12:55.074678+01:00,2025-12-07T07:12:55.074718+01:00
1272,2020-10-16,True,True,2025-12-07T07:12:55.076093+01:00,2026-01-07T13:03:32.713283+01:00
1273,2020-10-15,False,True,2025-12-07T07:12:55.077539+01:00,2025-12-07T07:12:55.077558+01:00
1274,2020-10-14,False,True,2025-12-07T07:12:55.078950+01:00,2025-12-07T07:12:55.078969+01:00
1275,2020-10-13,False,True,2025-12-07T07:12:55.080354+01:00,2025-12-07T07:12:55.080373+01:00
1276,2020-10-12,False,True,2025-12-07T07:12:55.081819+01:00,2025-12-07T07:12:55.081838+01:00
1277,2020-10-09,True,True,2025-12-07T07:12:55.083295+01:00,2026-01-07T13:23:26.757840+01:00
1278,2020-10-08,False,True,2025-12-07T07:12:55.084901+01:00,2025-12-07T07:12:55.084923+01:00
1279,2020-10-07,False,True,2025-12-07T07:12:55.086346+01:00,2025-12-07T07:12:55.086364+01:00
1280,2020-10-06,False,True,2025-12-07T07:12:55.087766+01:00,2025-12-07T07:12:55.087784+01:00
1281,2020-10-05,False,True,2025-12-07T07:12:55.089271+01:00,2025-12-07T07:12:55.089314+01:00
1282,2020-10-02,True,True,2025-12-07T07:12:55.090762+01:00,2026-01-07T13:23:29.742005+01:00
1283,2020-10-01,False,True,2025-12-07T07:12:55.092297+01:00,2025-12-07T07:12:55.092318+01:00
1284,2020-09-30,False,True,2025-12-07T07:12:55.093800+01:00,2025-12-07T07:12:55.093820+01:00
1285,2020-09-29,False,True,2025-12-07T07:12:55.095310+01:00,2025-12-07T07:12:55.095329+01:00
1286,2020-09-28,False,True,2025-12-07T07:12:55.096843+01:00,2025-12-07T07:12:55.096863+01:00
1287,2020-09-25,True,True,2025-12-07T07:12:55.098336+01:00,2026-01-07T12:47:33.494436+01:00
1288,2020-09-24,False,True,2025-12-07T07:12:55.100073+01:00,2025-12-07T07:12:55.100092+01:00
1289,2020-09-23,False,True,2025-12-07T07:12:55.101502+01:00,2025-12-07T07:12:55.101521+01:00
1290,2020-09-22,False,True,2025-12-07T07:12:55.103035+01:00,2025-12-07T07:12:55.103056+01:00
1291,2020-09-21,False,True,2025-12-07T07:12:55.104630+01:00,2025-12-07T07:12:55.104649+01:00
1292,2020-09-18,True,True,2025-12-07T07:12:55.106397+01:00,2026-01-07T13:23:35.371227+01:00
1293,2020-09-17,False,True,2025-12-07T07:12:55.107923+01:00,2025-12-07T07:12:55.107942+01:00
1294,2020-09-16,False,True,2025-12-07T07:12:55.109459+01:00,2025-12-07T07:12:55.109499+01:00
1295,2020-09-15,False,True,2025-12-07T07:12:55.111071+01:00,2025-12-07T07:12:55.111089+01:00
1296,2020-09-14,False,True,2025-12-07T07:12:55.112559+01:00,2025-12-07T07:12:55.112578+01:00
1297,2020-09-11,True,True,2025-12-07T07:12:55.114176+01:00,2026-01-07T13:23:38.333836+01:00
1298,2020-09-10,False,True,2025-12-07T07:12:55.115715+01:00,2025-12-07T07:12:55.115735+01:00
1299,2020-09-09,False,True,2025-12-07T07:12:55.117274+01:00,2025-12-07T07:12:55.117294+01:00
1300,2020-09-08,False,True,2025-12-07T07:12:55.119002+01:00,2025-12-07T07:12:55.119020+01:00
1301,2020-09-07,False,True,2025-12-07T07:12:55.120441+01:00,2025-12-07T07:12:55.120459+01:00
1302,2020-09-04,True,True,2025-12-07T07:12:55.121983+01:00,2026-01-07T13:23:41.343641+01:00
1303,2020-09-03,False,True,2025-12-07T07:12:55.123534+01:00,2025-12-07T07:12:55.123575+01:00
1304,2020-09-02,False,True,2025-12-07T07:12:55.125214+01:00,2025-12-07T07:12:55.125237+01:00
1305,2020-09-01,False,True,2025-12-07T07:12:55.126697+01:00,2025-12-07T07:12:55.126720+01:00
1306,2020-08-31,False,True,2025-12-07T07:12:55.128099+01:00,2025-12-07T07:12:55.128117+01:00
1307,2020-08-28,True,True,2025-12-07T07:12:55.129456+01:00,2026-01-07T13:23:44.301017+01:00
1308,2020-08-27,False,True,2025-12-07T07:12:55.130910+01:00,2025-12-07T07:12:55.130928+01:00
1309,2020-08-26,False,True,2025-12-07T07:12:55.132273+01:00,2025-12-07T07:12:55.132291+01:00
1310,2020-08-25,False,True,2025-12-07T07:12:55.133629+01:00,2025-12-07T07:12:55.133648+01:00
1311,2020-08-24,True,True,2025-12-07T07:12:55.135131+01:00,2026-01-07T13:23:46.681011+01:00
1312,2020-08-19,False,True,2025-12-07T07:12:55.136829+01:00,2025-12-07T07:12:55.136848+01:00
1313,2020-08-18,False,True,2025-12-07T07:12:55.138205+01:00,2025-12-07T07:12:55.138224+01:00
1314,2020-08-17,True,True,2025-12-07T07:12:55.139573+01:00,2026-01-07T13:06:22.895438+01:00
1315,2020-08-13,False,True,2025-12-07T07:12:55.153776+01:00,2025-12-07T07:12:55.153801+01:00
1316,2020-08-12,False,True,2025-12-07T07:12:55.155398+01:00,2025-12-07T07:12:55.155417+01:00
1317,2020-08-11,False,True,2025-12-07T07:12:55.156892+01:00,2025-12-07T07:12:55.156915+01:00
1318,2020-08-10,False,True,2025-12-07T07:12:55.158391+01:00,2025-12-07T07:12:55.158410+01:00
1319,2020-08-07,True,True,2025-12-07T07:12:55.159887+01:00,2026-01-07T13:23:50.853947+01:00
1320,2020-08-06,False,True,2025-12-07T07:12:55.161359+01:00,2025-12-07T07:12:55.161377+01:00
1321,2020-08-05,False,True,2025-12-07T07:12:55.162807+01:00,2025-12-07T07:12:55.162845+01:00
1322,2020-08-04,False,True,2025-12-07T07:12:55.164339+01:00,2025-12-07T07:12:55.164360+01:00
1323,2020-08-03,True,True,2025-12-07T07:12:55.165853+01:00,2026-01-07T13:23:53.285276+01:00
1324,2020-07-29,False,True,2025-12-07T07:12:55.167265+01:00,2025-12-07T07:12:55.167284+01:00
1325,2020-07-28,False,True,2025-12-07T07:12:55.168732+01:00,2025-12-07T07:12:55.168750+01:00
1326,2020-07-27,False,True,2025-12-07T07:12:55.170357+01:00,2025-12-07T07:12:55.170377+01:00
1327,2020-07-24,True,True,2025-12-07T07:12:55.171731+01:00,2026-01-07T13:23:55.817786+01:00
1328,2020-07-23,False,True,2025-12-07T07:12:55.173212+01:00,2025-12-07T07:12:55.173250+01:00
1329,2020-07-22,False,True,2025-12-07T07:12:55.174620+01:00,2025-12-07T07:12:55.174638+01:00
1330,2020-07-21,False,True,2025-12-07T07:12:55.176203+01:00,2025-12-07T07:12:55.176225+01:00
1331,2020-07-20,False,True,2025-12-07T07:12:55.177608+01:00,2025-12-07T07:12:55.177627+01:00
1332,2020-07-17,True,True,2025-12-07T07:12:55.179237+01:00,2026-01-07T13:23:58.911178+01:00
1333,2020-07-16,False,True,2025-12-07T07:12:55.180630+01:00,2025-12-07T07:12:55.180648+01:00
1335,2020-07-14,False,True,2025-12-07T07:12:55.183754+01:00,2025-12-07T07:12:55.183774+01:00
1336,2020-07-13,False,True,2025-12-07T07:12:55.185242+01:00,2025-12-07T07:12:55.185262+01:00
1337,2020-07-10,True,True,2025-12-07T07:12:55.186718+01:00,2026-01-07T13:24:01.864846+01:00
1338,2020-07-09,False,True,2025-12-07T07:12:55.188200+01:00,2025-12-07T07:12:55.188220+01:00
1339,2020-07-08,False,True,2025-12-07T07:12:55.189613+01:00,2025-12-07T07:12:55.189631+01:00
1340,2020-07-07,False,True,2025-12-07T07:12:55.191160+01:00,2025-12-07T07:12:55.191206+01:00
1341,2020-07-06,False,True,2025-12-07T07:12:55.192819+01:00,2025-12-07T07:12:55.192838+01:00
1342,2020-07-03,True,True,2025-12-07T07:12:55.194303+01:00,2026-01-07T13:24:04.794628+01:00
1343,2020-07-02,False,True,2025-12-07T07:12:55.195771+01:00,2025-12-07T07:12:55.195805+01:00
1344,2020-07-01,False,True,2025-12-07T07:12:55.197213+01:00,2025-12-07T07:12:55.197233+01:00
1345,2020-06-30,False,True,2025-12-07T07:12:55.198707+01:00,2025-12-07T07:12:55.198731+01:00
1346,2020-06-29,False,True,2025-12-07T07:12:55.200284+01:00,2025-12-07T07:12:55.200304+01:00
1347,2020-06-26,True,True,2025-12-07T07:12:55.201736+01:00,2026-01-07T13:24:07.710087+01:00
1348,2020-06-25,False,True,2025-12-07T07:12:55.203147+01:00,2025-12-07T07:12:55.203166+01:00
1349,2020-06-24,False,True,2025-12-07T07:12:55.204616+01:00,2025-12-07T07:12:55.204655+01:00
1350,2020-06-23,False,True,2025-12-07T07:12:55.206104+01:00,2025-12-07T07:12:55.206124+01:00
1351,2020-06-22,False,True,2025-12-07T07:12:55.207553+01:00,2025-12-07T07:12:55.207573+01:00
1352,2020-06-19,True,True,2025-12-07T07:12:55.209005+01:00,2026-01-07T13:03:54.867336+01:00
1353,2020-06-18,False,True,2025-12-07T07:12:55.210420+01:00,2025-12-07T07:12:55.210439+01:00
1354,2020-06-17,False,True,2025-12-07T07:12:55.211842+01:00,2025-12-07T07:12:55.211860+01:00
1355,2020-06-16,False,True,2025-12-07T07:12:55.213250+01:00,2025-12-07T07:12:55.213269+01:00
1356,2020-06-15,False,True,2025-12-07T07:12:55.214895+01:00,2025-12-07T07:12:55.214913+01:00
1357,2020-06-12,True,True,2025-12-07T07:12:55.216386+01:00,2026-01-07T13:24:13.343289+01:00
1358,2020-06-11,False,True,2025-12-07T07:12:55.217872+01:00,2025-12-07T07:12:55.217912+01:00
1359,2020-06-10,False,True,2025-12-07T07:12:55.219379+01:00,2025-12-07T07:12:55.219421+01:00
1360,2020-06-09,False,True,2025-12-07T07:12:55.221055+01:00,2025-12-07T07:12:55.221075+01:00
1361,2020-06-08,False,True,2025-12-07T07:12:55.222497+01:00,2025-12-07T07:12:55.222516+01:00
1362,2020-06-05,True,True,2025-12-07T07:12:55.224084+01:00,2026-01-07T13:24:16.284726+01:00
1363,2020-06-04,False,True,2025-12-07T07:12:55.225502+01:00,2025-12-07T07:12:55.225520+01:00
1364,2020-06-03,False,True,2025-12-07T07:12:55.226973+01:00,2025-12-07T07:12:55.226991+01:00
1365,2020-06-02,False,True,2025-12-07T07:12:55.228447+01:00,2025-12-07T07:12:55.228466+01:00
1366,2020-06-01,False,True,2025-12-07T07:12:55.230571+01:00,2025-12-07T07:12:55.230589+01:00
1367,2020-05-29,True,True,2025-12-07T07:12:55.232006+01:00,2026-01-07T13:24:19.454536+01:00
1368,2020-05-28,False,True,2025-12-07T07:12:55.233401+01:00,2025-12-07T07:12:55.233420+01:00
1369,2020-05-27,False,True,2025-12-07T07:12:55.234860+01:00,2025-12-07T07:12:55.234878+01:00
1370,2020-05-26,False,True,2025-12-07T07:12:55.236301+01:00,2025-12-07T07:12:55.236319+01:00
1371,2020-05-22,True,True,2025-12-07T07:12:55.237703+01:00,2026-01-07T13:24:22.049065+01:00
1372,2020-05-21,False,True,2025-12-07T07:12:55.239196+01:00,2025-12-07T07:12:55.239214+01:00
1373,2020-05-20,False,True,2025-12-07T07:12:55.240589+01:00,2025-12-07T07:12:55.240607+01:00
1374,2020-05-19,False,True,2025-12-07T07:12:55.242039+01:00,2025-12-07T07:12:55.242057+01:00
1375,2020-05-18,False,True,2025-12-07T07:12:55.243489+01:00,2025-12-07T07:12:55.243528+01:00
1376,2020-05-15,True,True,2025-12-07T07:12:55.244926+01:00,2026-01-07T13:24:25.093651+01:00
1377,2020-05-14,False,True,2025-12-07T07:12:55.246309+01:00,2025-12-07T07:12:55.246327+01:00
1378,2020-05-13,False,True,2025-12-07T07:12:55.247642+01:00,2025-12-07T07:12:55.247661+01:00
1379,2020-05-12,False,True,2025-12-07T07:12:55.249022+01:00,2025-12-07T07:12:55.249041+01:00
1380,2020-05-11,False,True,2025-12-07T07:12:55.250429+01:00,2025-12-07T07:12:55.250447+01:00
1381,2020-05-08,True,True,2025-12-07T07:12:55.252025+01:00,2026-01-07T13:24:28.123218+01:00
1382,2020-05-07,False,True,2025-12-07T07:12:55.253468+01:00,2025-12-07T07:12:55.253488+01:00
1383,2020-05-06,False,True,2025-12-07T07:12:55.254943+01:00,2025-12-07T07:12:55.254963+01:00
1384,2020-05-05,False,True,2025-12-07T07:12:55.256390+01:00,2025-12-07T07:12:55.256408+01:00
1385,2020-05-04,True,True,2025-12-07T07:12:55.257858+01:00,2026-01-07T13:07:09.340639+01:00
1386,2020-04-30,False,True,2025-12-07T07:12:55.259310+01:00,2025-12-07T07:12:55.259330+01:00
1387,2020-04-29,False,True,2025-12-07T07:12:55.260810+01:00,2025-12-07T07:12:55.260833+01:00
1388,2020-04-28,False,True,2025-12-07T07:12:55.262289+01:00,2025-12-07T07:12:55.262309+01:00
1389,2020-04-27,False,True,2025-12-07T07:12:55.263811+01:00,2025-12-07T07:12:55.263850+01:00
1390,2020-04-24,True,True,2025-12-07T07:12:55.265309+01:00,2026-01-07T13:24:32.943630+01:00
1391,2020-04-23,False,True,2025-12-07T07:12:55.266794+01:00,2025-12-07T07:12:55.266815+01:00
1392,2020-04-22,False,True,2025-12-07T07:12:55.268296+01:00,2025-12-07T07:12:55.268316+01:00
1393,2020-04-21,False,True,2025-12-07T07:12:55.269852+01:00,2025-12-07T07:12:55.269891+01:00
1394,2020-04-20,False,True,2025-12-07T07:12:55.271306+01:00,2025-12-07T07:12:55.271325+01:00
1395,2020-04-17,True,True,2025-12-07T07:12:55.272847+01:00,2026-01-07T13:24:35.877112+01:00
1396,2020-04-16,False,True,2025-12-07T07:12:55.274559+01:00,2025-12-07T07:12:55.274578+01:00
1397,2020-04-15,False,True,2025-12-07T07:12:55.276095+01:00,2025-12-07T07:12:55.276118+01:00
1398,2020-04-14,False,True,2025-12-07T07:12:55.277691+01:00,2025-12-07T07:12:55.277711+01:00
1399,2020-04-13,False,True,2025-12-07T07:12:55.279138+01:00,2025-12-07T07:12:55.279176+01:00
1400,2020-04-10,True,True,2025-12-07T07:12:55.280645+01:00,2026-01-07T13:24:39.062783+01:00
1401,2020-04-09,False,True,2025-12-07T07:12:55.282134+01:00,2025-12-07T07:12:55.282155+01:00
1402,2020-04-08,False,True,2025-12-07T07:12:55.283726+01:00,2025-12-07T07:12:55.283763+01:00
1403,2020-04-07,False,True,2025-12-07T07:12:55.285304+01:00,2025-12-07T07:12:55.285324+01:00
1404,2020-04-06,False,True,2025-12-07T07:12:55.286814+01:00,2025-12-07T07:12:55.286834+01:00
1405,2020-04-03,True,True,2025-12-07T07:12:55.288291+01:00,2026-01-07T13:24:42.014384+01:00
1406,2020-04-02,False,True,2025-12-07T07:12:55.289910+01:00,2025-12-07T07:12:55.289929+01:00
1407,2020-04-01,False,True,2025-12-07T07:12:55.291355+01:00,2025-12-07T07:12:55.291392+01:00
1408,2020-03-31,False,True,2025-12-07T07:12:55.292792+01:00,2025-12-07T07:12:55.292812+01:00
1409,2020-03-30,False,True,2025-12-07T07:12:55.294363+01:00,2025-12-07T07:12:55.294400+01:00
1410,2020-03-27,True,True,2025-12-07T07:12:55.295844+01:00,2026-01-07T13:05:28.169459+01:00
1411,2020-03-26,False,True,2025-12-07T07:12:55.297315+01:00,2025-12-07T07:12:55.297350+01:00
1412,2020-03-25,False,True,2025-12-07T07:12:55.298838+01:00,2025-12-07T07:12:55.298857+01:00
1413,2020-03-24,False,True,2025-12-07T07:12:55.300473+01:00,2025-12-07T07:12:55.300492+01:00
1414,2020-03-23,False,True,2025-12-07T07:12:55.301921+01:00,2025-12-07T07:12:55.301959+01:00
1415,2020-03-20,True,True,2025-12-07T07:12:55.303381+01:00,2026-01-07T13:24:47.465922+01:00
1416,2020-03-19,False,True,2025-12-07T07:12:55.304867+01:00,2025-12-07T07:12:55.304906+01:00
1417,2020-03-18,False,True,2025-12-07T07:12:55.306402+01:00,2025-12-07T07:12:55.306422+01:00
1419,2020-03-16,False,True,2025-12-07T07:12:55.309402+01:00,2025-12-07T07:12:55.309422+01:00
1420,2020-03-13,True,True,2025-12-07T07:12:55.310847+01:00,2026-01-07T13:24:50.518167+01:00
1421,2020-03-12,False,True,2025-12-07T07:12:55.312247+01:00,2025-12-07T07:12:55.312266+01:00
1422,2020-03-11,False,True,2025-12-07T07:12:55.313709+01:00,2025-12-07T07:12:55.313729+01:00
1423,2020-03-10,False,True,2025-12-07T07:12:55.315107+01:00,2025-12-07T07:12:55.315125+01:00
1424,2020-03-09,False,True,2025-12-07T07:12:55.316499+01:00,2025-12-07T07:12:55.316517+01:00
1425,2020-03-06,True,True,2025-12-07T07:12:55.317927+01:00,2026-01-07T13:24:53.488148+01:00
1426,2020-03-05,False,True,2025-12-07T07:12:55.319341+01:00,2025-12-07T07:12:55.319359+01:00
1427,2020-03-04,False,True,2025-12-07T07:12:55.320829+01:00,2025-12-07T07:12:55.320858+01:00
1428,2020-03-03,False,True,2025-12-07T07:12:55.322214+01:00,2025-12-07T07:12:55.322233+01:00
1429,2020-03-02,False,True,2025-12-07T07:12:55.323553+01:00,2025-12-07T07:12:55.323572+01:00
1430,2020-02-28,True,True,2025-12-07T07:12:55.324942+01:00,2026-01-07T13:24:56.789464+01:00
1431,2020-02-27,False,True,2025-12-07T07:12:55.326286+01:00,2025-12-07T07:12:55.326305+01:00
1432,2020-02-26,False,True,2025-12-07T07:12:55.327663+01:00,2025-12-07T07:12:55.327682+01:00
1433,2020-02-25,False,True,2025-12-07T07:12:55.329054+01:00,2025-12-07T07:12:55.329072+01:00
1434,2020-02-24,False,True,2025-12-07T07:12:55.330424+01:00,2025-12-07T07:12:55.330442+01:00
1435,2020-02-21,True,True,2025-12-07T07:12:55.331791+01:00,2026-01-07T13:24:59.919473+01:00
1436,2020-02-20,False,True,2025-12-07T07:12:55.333173+01:00,2025-12-07T07:12:55.333192+01:00
1437,2020-02-19,False,True,2025-12-07T07:12:55.334548+01:00,2025-12-07T07:12:55.334566+01:00
1438,2020-02-18,False,True,2025-12-07T07:12:55.335932+01:00,2025-12-07T07:12:55.335950+01:00
1439,2020-02-17,False,True,2025-12-07T07:12:55.337265+01:00,2025-12-07T07:12:55.337284+01:00
1440,2020-02-14,True,True,2025-12-07T07:12:55.338586+01:00,2026-01-07T13:25:02.923716+01:00
1441,2020-02-13,False,True,2025-12-07T07:12:55.339966+01:00,2025-12-07T07:12:55.339986+01:00
1442,2020-02-12,False,True,2025-12-07T07:12:55.341315+01:00,2025-12-07T07:12:55.341334+01:00
1443,2020-02-11,False,True,2025-12-07T07:12:55.342661+01:00,2025-12-07T07:12:55.342680+01:00
1444,2020-02-10,False,True,2025-12-07T07:12:55.344005+01:00,2025-12-07T07:12:55.344023+01:00
1445,2020-02-07,True,True,2025-12-07T07:12:55.345338+01:00,2026-01-07T13:25:06.092801+01:00
1446,2020-02-06,False,True,2025-12-07T07:12:55.346708+01:00,2025-12-07T07:12:55.346727+01:00
1447,2020-02-05,False,True,2025-12-07T07:12:55.348071+01:00,2025-12-07T07:12:55.348090+01:00
1448,2020-02-04,False,True,2025-12-07T07:12:55.350158+01:00,2025-12-07T07:12:55.350176+01:00
1449,2020-02-03,False,True,2025-12-07T07:12:55.351612+01:00,2025-12-07T07:12:55.351633+01:00
1450,2020-01-31,True,True,2025-12-07T07:12:55.353182+01:00,2026-01-07T13:25:09.072085+01:00
1451,2020-01-30,False,True,2025-12-07T07:12:55.354645+01:00,2025-12-07T07:12:55.354665+01:00
1452,2020-01-29,False,True,2025-12-07T07:12:55.356164+01:00,2025-12-07T07:12:55.356184+01:00
1453,2020-01-28,False,True,2025-12-07T07:12:55.357670+01:00,2025-12-07T07:12:55.357695+01:00
1454,2020-01-27,False,True,2025-12-07T07:12:55.359180+01:00,2025-12-07T07:12:55.359200+01:00
1455,2020-01-24,True,True,2025-12-07T07:12:55.361312+01:00,2026-01-07T13:04:27.156391+01:00
1457,2020-01-22,False,True,2025-12-07T07:12:55.364403+01:00,2025-12-07T07:12:55.364421+01:00
1458,2020-01-21,False,True,2025-12-07T07:12:55.365916+01:00,2025-12-07T07:12:55.365934+01:00
1459,2020-01-20,False,True,2025-12-07T07:12:55.367615+01:00,2025-12-07T07:12:55.367632+01:00
1460,2020-01-17,True,True,2025-12-07T07:12:55.369124+01:00,2026-01-07T13:03:46.241740+01:00
1461,2020-01-16,False,True,2025-12-07T07:12:55.370736+01:00,2025-12-07T07:12:55.370754+01:00
1462,2020-01-15,False,True,2025-12-07T07:12:55.372327+01:00,2025-12-07T07:12:55.372345+01:00
1463,2020-01-14,False,True,2025-12-07T07:12:55.373826+01:00,2025-12-07T07:12:55.373844+01:00
1465,2020-01-10,True,True,2025-12-07T07:12:55.377031+01:00,2026-01-07T12:55:11.132709+01:00
1466,2020-01-09,False,True,2025-12-07T07:12:55.378655+01:00,2025-12-07T07:12:55.378673+01:00
1467,2020-01-08,False,True,2025-12-07T07:12:55.380312+01:00,2025-12-07T07:12:55.380329+01:00
1468,2020-01-07,False,True,2025-12-07T07:12:55.381951+01:00,2025-12-07T07:12:55.381969+01:00
1469,2020-01-06,False,True,2025-12-07T07:12:55.383417+01:00,2025-12-07T07:12:55.383436+01:00
1470,2020-01-03,True,True,2025-12-07T07:12:55.384884+01:00,2026-01-07T13:25:19.875396+01:00
1471,2020-01-02,False,True,2025-12-07T07:12:55.386424+01:00,2025-12-07T07:12:55.386442+01:00
1472,2019-12-31,False,True,2025-12-07T07:12:55.387896+01:00,2025-12-07T07:12:55.387914+01:00
1473,2019-12-30,False,True,2025-12-07T07:12:55.390247+01:00,2025-12-07T07:12:55.390282+01:00
1474,2019-12-27,True,True,2025-12-07T07:12:55.391760+01:00,2026-01-07T13:25:22.300460+01:00
1475,2019-12-26,False,True,2025-12-07T07:12:55.393237+01:00,2025-12-07T07:12:55.393256+01:00
1476,2019-12-25,False,True,2025-12-07T07:12:55.394818+01:00,2025-12-07T07:12:55.394836+01:00
1477,2019-12-24,False,True,2025-12-07T07:12:55.396372+01:00,2025-12-07T07:12:55.396390+01:00
1478,2019-12-23,False,True,2025-12-07T07:12:55.397869+01:00,2025-12-07T07:12:55.397890+01:00
1479,2019-12-20,True,True,2025-12-07T07:12:55.399673+01:00,2026-01-07T13:25:25.196285+01:00
1480,2019-12-19,False,True,2025-12-07T07:12:55.401179+01:00,2025-12-07T07:12:55.401198+01:00
1481,2019-12-18,False,True,2025-12-07T07:12:55.402722+01:00,2025-12-07T07:12:55.402740+01:00
1482,2019-12-17,False,True,2025-12-07T07:12:55.404223+01:00,2025-12-07T07:12:55.404242+01:00
1483,2019-12-16,False,True,2025-12-07T07:12:55.405815+01:00,2025-12-07T07:12:55.405834+01:00
1484,2019-12-13,True,True,2025-12-07T07:12:55.407328+01:00,2026-01-07T13:25:28.109321+01:00
1485,2019-12-12,False,True,2025-12-07T07:12:55.408915+01:00,2025-12-07T07:12:55.408934+01:00
1486,2019-12-11,False,True,2025-12-07T07:12:55.410438+01:00,2025-12-07T07:12:55.410472+01:00
1487,2019-12-10,False,True,2025-12-07T07:12:55.412036+01:00,2025-12-07T07:12:55.412056+01:00
1488,2019-12-09,False,True,2025-12-07T07:12:55.413617+01:00,2025-12-07T07:12:55.413637+01:00
1489,2019-12-06,True,True,2025-12-07T07:12:55.415142+01:00,2026-01-07T13:25:31.158072+01:00
1490,2019-12-05,False,True,2025-12-07T07:12:55.416606+01:00,2025-12-07T07:12:55.416625+01:00
1491,2019-12-04,False,True,2025-12-07T07:12:55.418104+01:00,2025-12-07T07:12:55.418123+01:00
1492,2019-12-03,False,True,2025-12-07T07:12:55.419605+01:00,2025-12-07T07:12:55.419625+01:00
1493,2019-12-02,False,True,2025-12-07T07:12:55.421187+01:00,2025-12-07T07:12:55.421206+01:00
1494,2019-11-29,True,True,2025-12-07T07:12:55.422847+01:00,2026-01-07T13:25:34.154827+01:00
1495,2019-11-28,False,True,2025-12-07T07:12:55.424409+01:00,2025-12-07T07:12:55.424428+01:00
1496,2019-11-27,False,True,2025-12-07T07:12:55.426023+01:00,2025-12-07T07:12:55.426043+01:00
1497,2019-11-26,False,True,2025-12-07T07:12:55.427534+01:00,2025-12-07T07:12:55.427553+01:00
1498,2019-11-25,False,True,2025-12-07T07:12:55.429078+01:00,2025-12-07T07:12:55.429098+01:00
1499,2019-11-22,True,True,2025-12-07T07:12:55.430650+01:00,2026-01-07T13:25:37.220150+01:00
1501,2019-11-20,False,True,2025-12-07T07:12:55.433654+01:00,2025-12-07T07:12:55.433674+01:00
1502,2019-11-19,False,True,2025-12-07T07:12:55.435142+01:00,2025-12-07T07:12:55.435160+01:00
1503,2019-11-15,True,True,2025-12-07T07:12:55.436775+01:00,2026-01-07T13:25:39.692072+01:00
1504,2019-11-14,False,True,2025-12-07T07:12:55.438244+01:00,2025-12-07T07:12:55.438264+01:00
1505,2019-11-13,False,True,2025-12-07T07:12:55.439903+01:00,2025-12-07T07:12:55.439920+01:00
1506,2019-11-12,False,True,2025-12-07T07:12:55.441439+01:00,2025-12-07T07:12:55.441457+01:00
1507,2019-11-08,True,True,2025-12-07T07:12:55.442955+01:00,2026-01-07T13:25:42.246878+01:00
1508,2019-11-07,False,True,2025-12-07T07:12:55.444449+01:00,2025-12-07T07:12:55.444468+01:00
1509,2019-11-05,False,True,2025-12-07T07:12:55.446015+01:00,2025-12-07T07:12:55.446034+01:00
1510,2019-11-04,False,True,2025-12-07T07:12:55.447530+01:00,2025-12-07T07:12:55.447565+01:00
1511,2019-11-01,True,True,2025-12-07T07:12:55.449075+01:00,2026-01-07T13:25:44.633785+01:00
1512,2019-10-31,False,True,2025-12-07T07:12:55.450591+01:00,2025-12-07T07:12:55.450612+01:00
1513,2019-10-30,False,True,2025-12-07T07:12:55.452128+01:00,2025-12-07T07:12:55.452147+01:00
1514,2019-10-29,False,True,2025-12-07T07:12:55.453587+01:00,2025-12-07T07:12:55.453606+01:00
1515,2019-10-28,False,True,2025-12-07T07:12:55.455093+01:00,2025-12-07T07:12:55.455111+01:00
1516,2019-10-25,True,True,2025-12-07T07:12:55.456589+01:00,2026-01-07T13:25:47.536264+01:00
1517,2019-10-24,False,True,2025-12-07T07:12:55.458119+01:00,2025-12-07T07:12:55.458138+01:00
1518,2019-10-23,False,True,2025-12-07T07:12:55.459653+01:00,2025-12-07T07:12:55.459672+01:00
1519,2019-10-22,False,True,2025-12-07T07:12:55.461183+01:00,2025-12-07T07:12:55.461203+01:00
1520,2019-10-21,False,True,2025-12-07T07:12:55.462713+01:00,2025-12-07T07:12:55.462732+01:00
1521,2019-10-18,True,True,2025-12-07T07:12:55.464221+01:00,2026-01-07T13:25:50.539945+01:00
1522,2019-10-17,False,True,2025-12-07T07:12:55.465699+01:00,2025-12-07T07:12:55.465718+01:00
1523,2019-10-16,False,True,2025-12-07T07:12:55.467272+01:00,2025-12-07T07:12:55.467290+01:00
1524,2019-10-15,False,True,2025-12-07T07:12:55.468825+01:00,2025-12-07T07:12:55.468848+01:00
1525,2019-10-14,False,True,2025-12-07T07:12:55.470397+01:00,2025-12-07T07:12:55.470415+01:00
1526,2019-10-11,True,True,2025-12-07T07:12:55.472084+01:00,2026-01-07T13:25:53.412844+01:00
1527,2019-10-10,False,True,2025-12-07T07:12:55.473666+01:00,2025-12-07T07:12:55.473694+01:00
1528,2019-10-09,False,True,2025-12-07T07:12:55.475259+01:00,2025-12-07T07:12:55.475278+01:00
1529,2019-10-08,False,True,2025-12-07T07:12:55.486969+01:00,2025-12-07T07:12:55.486992+01:00
1530,2019-10-07,False,True,2025-12-07T07:12:55.488700+01:00,2025-12-07T07:12:55.488720+01:00
1531,2019-10-04,True,True,2025-12-07T07:12:55.490153+01:00,2026-01-07T13:25:56.464484+01:00
1532,2019-10-03,False,True,2025-12-07T07:12:55.491593+01:00,2025-12-07T07:12:55.491611+01:00
1533,2019-10-02,False,True,2025-12-07T07:12:55.493127+01:00,2025-12-07T07:12:55.493146+01:00
1534,2019-10-01,False,True,2025-12-07T07:12:55.494489+01:00,2025-12-07T07:12:55.494508+01:00
1535,2019-09-30,False,True,2025-12-07T07:12:55.495881+01:00,2025-12-07T07:12:55.495899+01:00
1536,2019-09-27,True,True,2025-12-07T07:12:55.497353+01:00,2026-01-07T13:25:59.563944+01:00
1537,2019-09-26,False,True,2025-12-07T07:12:55.498792+01:00,2025-12-07T07:12:55.498810+01:00
1538,2019-09-25,False,True,2025-12-07T07:12:55.500110+01:00,2025-12-07T07:12:55.500128+01:00
1539,2019-09-24,False,True,2025-12-07T07:12:55.501565+01:00,2025-12-07T07:12:55.501583+01:00
1540,2019-09-23,False,True,2025-12-07T07:12:55.502915+01:00,2025-12-07T07:12:55.502933+01:00
1541,2019-09-20,True,True,2025-12-07T07:12:55.504423+01:00,2026-01-07T13:26:02.525798+01:00
1542,2019-09-19,False,True,2025-12-07T07:12:55.505771+01:00,2025-12-07T07:12:55.505790+01:00
1543,2019-09-18,False,True,2025-12-07T07:12:55.507121+01:00,2025-12-07T07:12:55.507140+01:00
1544,2019-09-17,False,True,2025-12-07T07:12:55.508467+01:00,2025-12-07T07:12:55.508485+01:00
1545,2019-09-16,False,True,2025-12-07T07:12:55.509830+01:00,2025-12-07T07:12:55.509848+01:00
1546,2019-09-13,True,True,2025-12-07T07:12:55.511176+01:00,2026-01-07T13:26:05.503558+01:00
1547,2019-09-12,False,True,2025-12-07T07:12:55.512530+01:00,2025-12-07T07:12:55.512548+01:00
1548,2019-09-11,False,True,2025-12-07T07:12:55.513979+01:00,2025-12-07T07:12:55.513998+01:00
1549,2019-09-10,False,True,2025-12-07T07:12:55.515312+01:00,2025-12-07T07:12:55.515330+01:00
1550,2019-09-09,False,True,2025-12-07T07:12:55.516677+01:00,2025-12-07T07:12:55.516728+01:00
1551,2019-09-06,True,True,2025-12-07T07:12:55.518140+01:00,2026-01-07T13:26:08.452692+01:00
1552,2019-09-05,False,True,2025-12-07T07:12:55.519537+01:00,2025-12-07T07:12:55.519555+01:00
1553,2019-09-04,False,True,2025-12-07T07:12:55.520891+01:00,2025-12-07T07:12:55.520910+01:00
1554,2019-09-03,False,True,2025-12-07T07:12:55.522341+01:00,2025-12-07T07:12:55.522360+01:00
1555,2019-09-02,False,True,2025-12-07T07:12:55.523676+01:00,2025-12-07T07:12:55.523710+01:00
1556,2019-08-30,True,True,2025-12-07T07:12:55.525027+01:00,2026-01-07T13:26:11.382114+01:00
1557,2019-08-29,False,True,2025-12-07T07:12:55.526401+01:00,2025-12-07T07:12:55.526420+01:00
1558,2019-08-28,False,True,2025-12-07T07:12:55.527753+01:00,2025-12-07T07:12:55.527772+01:00
1559,2019-08-27,False,True,2025-12-07T07:12:55.529095+01:00,2025-12-07T07:12:55.529113+01:00
1560,2019-08-26,False,True,2025-12-07T07:12:55.530433+01:00,2025-12-07T07:12:55.530451+01:00
1561,2019-08-23,True,True,2025-12-07T07:12:55.531830+01:00,2026-01-07T13:26:14.257174+01:00
1562,2019-08-22,False,True,2025-12-07T07:12:55.533236+01:00,2025-12-07T07:12:55.533254+01:00
1563,2019-08-19,False,True,2025-12-07T07:12:55.534570+01:00,2025-12-07T07:12:55.534589+01:00
1564,2019-08-16,True,True,2025-12-07T07:12:55.535934+01:00,2026-01-07T13:26:15.955633+01:00
1565,2019-08-15,False,True,2025-12-07T07:12:55.537271+01:00,2025-12-07T07:12:55.537290+01:00
1566,2019-08-09,True,True,2025-12-07T07:12:55.539026+01:00,2026-01-07T13:26:17.040824+01:00
1567,2019-08-08,False,True,2025-12-07T07:12:55.540666+01:00,2025-12-07T07:12:55.540691+01:00
1568,2019-08-07,False,True,2025-12-07T07:12:55.542388+01:00,2025-12-07T07:12:55.542407+01:00
1569,2019-08-06,False,True,2025-12-07T07:12:55.543989+01:00,2025-12-07T07:12:55.544008+01:00
1570,2019-08-05,False,True,2025-12-07T07:12:55.545569+01:00,2025-12-07T07:12:55.545587+01:00
1571,2019-08-02,True,True,2025-12-07T07:12:55.547256+01:00,2026-01-07T13:26:20.047666+01:00
1572,2019-08-01,False,True,2025-12-07T07:12:55.548991+01:00,2025-12-07T07:12:55.549009+01:00
1573,2019-07-31,False,True,2025-12-07T07:12:55.550604+01:00,2025-12-07T07:12:55.550622+01:00
1574,2019-07-29,False,True,2025-12-07T07:12:55.552187+01:00,2025-12-07T07:12:55.552206+01:00
1575,2019-07-26,True,True,2025-12-07T07:12:55.553800+01:00,2026-01-07T13:26:22.298522+01:00
1576,2019-07-25,False,True,2025-12-07T07:12:55.555623+01:00,2025-12-07T07:12:55.555643+01:00
1577,2019-07-24,False,True,2025-12-07T07:12:55.557398+01:00,2025-12-07T07:12:55.557435+01:00
1578,2019-07-23,False,True,2025-12-07T07:12:55.559048+01:00,2025-12-07T07:12:55.559066+01:00
1579,2019-07-22,False,True,2025-12-07T07:12:55.560716+01:00,2025-12-07T07:12:55.560744+01:00
1580,2019-07-19,True,True,2025-12-07T07:12:55.562578+01:00,2026-01-07T13:05:29.157450+01:00
1581,2019-07-18,False,True,2025-12-07T07:12:55.564054+01:00,2025-12-07T07:12:55.564075+01:00
1582,2019-07-17,False,True,2025-12-07T07:12:55.565491+01:00,2025-12-07T07:12:55.565510+01:00
1583,2019-07-16,False,True,2025-12-07T07:12:55.567036+01:00,2025-12-07T07:12:55.567056+01:00
1584,2019-07-15,False,True,2025-12-07T07:12:55.568575+01:00,2025-12-07T07:12:55.568595+01:00
1585,2019-07-12,True,True,2025-12-07T07:12:55.570128+01:00,2026-01-07T13:26:27.866252+01:00
1586,2019-07-11,False,True,2025-12-07T07:12:55.571491+01:00,2025-12-07T07:12:55.571513+01:00
1587,2019-07-10,False,True,2025-12-07T07:12:55.574894+01:00,2025-12-07T07:12:55.574912+01:00
1588,2019-07-09,False,True,2025-12-07T07:12:55.576289+01:00,2025-12-07T07:12:55.576310+01:00
1589,2019-07-08,False,True,2025-12-07T07:12:55.577820+01:00,2025-12-07T07:12:55.577840+01:00
1590,2019-07-05,True,True,2025-12-07T07:12:55.579173+01:00,2026-01-07T13:26:30.885105+01:00
1591,2019-07-04,False,True,2025-12-07T07:12:55.580535+01:00,2025-12-07T07:12:55.580568+01:00
1592,2019-07-03,False,True,2025-12-07T07:12:55.582025+01:00,2025-12-07T07:12:55.582044+01:00
1593,2019-07-02,False,True,2025-12-07T07:12:55.583383+01:00,2025-12-07T07:12:55.583420+01:00
1594,2019-07-01,False,True,2025-12-07T07:12:55.584805+01:00,2025-12-07T07:12:55.584824+01:00
1595,2019-06-28,True,True,2025-12-07T07:12:55.586222+01:00,2026-01-07T13:26:33.993697+01:00
1596,2019-06-27,False,True,2025-12-07T07:12:55.587630+01:00,2025-12-07T07:12:55.587649+01:00
1597,2019-06-26,False,True,2025-12-07T07:12:55.589025+01:00,2025-12-07T07:12:55.589047+01:00
1598,2019-06-25,False,True,2025-12-07T07:12:55.590475+01:00,2025-12-07T07:12:55.590494+01:00
1599,2019-06-24,False,True,2025-12-07T07:12:55.591985+01:00,2025-12-07T07:12:55.592003+01:00
1600,2019-06-21,True,True,2025-12-07T07:12:55.593385+01:00,2026-01-07T13:26:37.307270+01:00
1601,2019-06-20,False,True,2025-12-07T07:12:55.594735+01:00,2025-12-07T07:12:55.594774+01:00
1602,2019-06-19,False,True,2025-12-07T07:12:55.596184+01:00,2025-12-07T07:12:55.596204+01:00
1603,2019-06-18,False,True,2025-12-07T07:12:55.597616+01:00,2025-12-07T07:12:55.597635+01:00
1604,2019-06-17,False,True,2025-12-07T07:12:55.598955+01:00,2025-12-07T07:12:55.598987+01:00
1605,2019-06-14,True,True,2025-12-07T07:12:55.600399+01:00,2026-01-07T13:26:40.185353+01:00
1606,2019-06-13,False,True,2025-12-07T07:12:55.601818+01:00,2025-12-07T07:12:55.601838+01:00
1607,2019-06-12,False,True,2025-12-07T07:12:55.603242+01:00,2025-12-07T07:12:55.603261+01:00
1608,2019-06-11,False,True,2025-12-07T07:12:55.604569+01:00,2025-12-07T07:12:55.604587+01:00
1609,2019-06-10,True,True,2025-12-07T07:12:55.606001+01:00,2026-01-07T13:26:42.879892+01:00
1610,2019-06-04,False,True,2025-12-07T07:12:55.607411+01:00,2025-12-07T07:12:55.607430+01:00
1611,2019-06-03,False,True,2025-12-07T07:12:55.608827+01:00,2025-12-07T07:12:55.608845+01:00
1612,2019-05-31,True,True,2025-12-07T07:12:55.610156+01:00,2026-01-07T13:26:44.774616+01:00
1613,2019-05-30,False,True,2025-12-07T07:12:55.611661+01:00,2025-12-07T07:12:55.611679+01:00
1614,2019-05-29,False,True,2025-12-07T07:12:55.613016+01:00,2025-12-07T07:12:55.613055+01:00
1615,2019-05-28,False,True,2025-12-07T07:12:55.614383+01:00,2025-12-07T07:12:55.614402+01:00
1616,2019-05-27,False,True,2025-12-07T07:12:55.615803+01:00,2025-12-07T07:12:55.615822+01:00
1617,2019-05-24,True,True,2025-12-07T07:12:55.617208+01:00,2026-01-07T13:26:47.747543+01:00
1618,2019-05-23,False,True,2025-12-07T07:12:55.618545+01:00,2025-12-07T07:12:55.618582+01:00
1619,2019-05-22,False,True,2025-12-07T07:12:55.619979+01:00,2025-12-07T07:12:55.619999+01:00
1620,2019-05-21,False,True,2025-12-07T07:12:55.621358+01:00,2025-12-07T07:12:55.621379+01:00
1621,2019-05-20,False,True,2025-12-07T07:12:55.622795+01:00,2025-12-07T07:12:55.622813+01:00
1622,2019-05-17,True,True,2025-12-07T07:12:55.624130+01:00,2026-01-07T13:26:50.628503+01:00
1623,2019-05-16,False,True,2025-12-07T07:12:55.625492+01:00,2025-12-07T07:12:55.625510+01:00
1624,2019-05-15,False,True,2025-12-07T07:12:55.626940+01:00,2025-12-07T07:12:55.626960+01:00
1625,2019-05-14,False,True,2025-12-07T07:12:55.628387+01:00,2025-12-07T07:12:55.628406+01:00
1626,2019-05-13,False,True,2025-12-07T07:12:55.629786+01:00,2025-12-07T07:12:55.629805+01:00
1627,2019-05-10,True,True,2025-12-07T07:12:55.631112+01:00,2026-01-07T13:26:53.621326+01:00
1628,2019-05-09,False,True,2025-12-07T07:12:55.632539+01:00,2025-12-07T07:12:55.632558+01:00
1629,2019-05-08,False,True,2025-12-07T07:12:55.633973+01:00,2025-12-07T07:12:55.633992+01:00
1630,2019-05-07,False,True,2025-12-07T07:12:55.635371+01:00,2025-12-07T07:12:55.635390+01:00
1631,2019-05-06,False,True,2025-12-07T07:12:55.636858+01:00,2025-12-07T07:12:55.636878+01:00
1632,2019-05-03,True,True,2025-12-07T07:12:55.638309+01:00,2026-01-07T13:26:56.552835+01:00
1633,2019-05-02,False,True,2025-12-07T07:12:55.639707+01:00,2025-12-07T07:12:55.639729+01:00
1634,2019-04-30,False,True,2025-12-07T07:12:55.641059+01:00,2025-12-07T07:12:55.641098+01:00
1635,2019-04-29,False,True,2025-12-07T07:12:55.642550+01:00,2025-12-07T07:12:55.642568+01:00
1636,2019-04-26,True,True,2025-12-07T07:12:55.643961+01:00,2026-01-07T13:26:59.933801+01:00
1637,2019-04-25,False,True,2025-12-07T07:12:55.645354+01:00,2025-12-07T07:12:55.645373+01:00
1638,2019-04-24,False,True,2025-12-07T07:12:55.646802+01:00,2025-12-07T07:12:55.646820+01:00
1639,2019-04-23,False,True,2025-12-07T07:12:55.648203+01:00,2025-12-07T07:12:55.648222+01:00
1640,2019-04-22,False,True,2025-12-07T07:12:55.649654+01:00,2025-12-07T07:12:55.649672+01:00
1641,2019-04-19,True,True,2025-12-07T07:12:55.651106+01:00,2026-01-07T13:27:07.170196+01:00
1642,2019-04-18,False,True,2025-12-07T07:12:55.652552+01:00,2025-12-07T07:12:55.652570+01:00
1643,2019-04-17,False,True,2025-12-07T07:12:55.653893+01:00,2025-12-07T07:12:55.653930+01:00
1644,2019-04-16,False,True,2025-12-07T07:12:55.655415+01:00,2025-12-07T07:12:55.655434+01:00
1645,2019-04-15,False,True,2025-12-07T07:12:55.656819+01:00,2025-12-07T07:12:55.656847+01:00
1646,2019-04-12,True,True,2025-12-07T07:12:55.658284+01:00,2026-01-07T13:27:10.079395+01:00
1647,2019-04-11,False,True,2025-12-07T07:12:55.659627+01:00,2025-12-07T07:12:55.659666+01:00
1648,2019-04-10,False,True,2025-12-07T07:12:55.661078+01:00,2025-12-07T07:12:55.661097+01:00
1649,2019-04-09,False,True,2025-12-07T07:12:55.662512+01:00,2025-12-07T07:12:55.662531+01:00
1650,2019-04-08,False,True,2025-12-07T07:12:55.663860+01:00,2025-12-07T07:12:55.663899+01:00
1651,2019-04-05,True,True,2025-12-07T07:12:55.665213+01:00,2026-01-07T13:27:12.981872+01:00
1652,2019-04-04,False,True,2025-12-07T07:12:55.666570+01:00,2025-12-07T07:12:55.666589+01:00
1653,2019-04-03,False,True,2025-12-07T07:12:55.668053+01:00,2025-12-07T07:12:55.668072+01:00
1654,2019-04-02,False,True,2025-12-07T07:12:55.669392+01:00,2025-12-07T07:12:55.669428+01:00
1655,2019-04-01,False,True,2025-12-07T07:12:55.670826+01:00,2025-12-07T07:12:55.670844+01:00
1656,2019-03-29,True,True,2025-12-07T07:12:55.672246+01:00,2026-01-07T13:27:15.924225+01:00
1657,2019-03-28,False,True,2025-12-07T07:12:55.673699+01:00,2025-12-07T07:12:55.673719+01:00
1658,2019-03-27,False,True,2025-12-07T07:12:55.675058+01:00,2025-12-07T07:12:55.675096+01:00
1659,2019-03-26,False,True,2025-12-07T07:12:55.676426+01:00,2025-12-07T07:12:55.676464+01:00
1660,2019-03-25,False,True,2025-12-07T07:12:55.677914+01:00,2025-12-07T07:12:55.677933+01:00
1661,2019-03-22,True,True,2025-12-07T07:12:55.679267+01:00,2026-01-07T13:27:18.932137+01:00
1662,2019-03-21,False,True,2025-12-07T07:12:55.680677+01:00,2025-12-07T07:12:55.680702+01:00
1663,2019-03-20,False,True,2025-12-07T07:12:55.682074+01:00,2025-12-07T07:12:55.682094+01:00
1664,2019-03-19,False,True,2025-12-07T07:12:55.683524+01:00,2025-12-07T07:12:55.683543+01:00
1665,2019-03-18,False,True,2025-12-07T07:12:55.684868+01:00,2025-12-07T07:12:55.684905+01:00
1666,2019-03-15,True,True,2025-12-07T07:12:55.686348+01:00,2026-01-07T13:27:21.883507+01:00
1667,2019-03-14,False,True,2025-12-07T07:12:55.687778+01:00,2025-12-07T07:12:55.687798+01:00
1668,2019-03-13,False,True,2025-12-07T07:12:55.689136+01:00,2025-12-07T07:12:55.689154+01:00
1669,2019-03-12,False,True,2025-12-07T07:12:55.690498+01:00,2025-12-07T07:12:55.690534+01:00
1670,2019-03-11,False,True,2025-12-07T07:12:55.691973+01:00,2025-12-07T07:12:55.691993+01:00
1672,2019-03-07,False,True,2025-12-07T07:12:55.694900+01:00,2025-12-07T07:12:55.694918+01:00
1673,2019-03-06,False,True,2025-12-07T07:12:55.696302+01:00,2025-12-07T07:12:55.696322+01:00
1674,2019-03-05,False,True,2025-12-07T07:12:55.697725+01:00,2025-12-07T07:12:55.697745+01:00
1675,2019-03-04,False,True,2025-12-07T07:12:55.699195+01:00,2025-12-07T07:12:55.699214+01:00
1677,2019-02-28,False,True,2025-12-07T07:12:55.702130+01:00,2025-12-07T07:12:55.702166+01:00
1678,2019-02-27,False,True,2025-12-07T07:12:55.703585+01:00,2025-12-07T07:12:55.703604+01:00
1679,2019-02-26,False,True,2025-12-07T07:12:55.704931+01:00,2025-12-07T07:12:55.704967+01:00
1680,2019-02-25,False,True,2025-12-07T07:12:55.706376+01:00,2025-12-07T07:12:55.706395+01:00
1682,2019-02-21,False,True,2025-12-07T07:12:55.709884+01:00,2025-12-07T07:12:55.709903+01:00
1683,2019-02-20,False,True,2025-12-07T07:12:55.711215+01:00,2025-12-07T07:12:55.711233+01:00
1684,2019-02-19,False,True,2025-12-07T07:12:55.712579+01:00,2025-12-07T07:12:55.712617+01:00
1685,2019-02-18,False,True,2025-12-07T07:12:55.713948+01:00,2025-12-07T07:12:55.713985+01:00
1686,2019-02-15,True,True,2025-12-07T07:12:55.715366+01:00,2026-01-07T13:27:33.900897+01:00
1687,2019-02-14,False,True,2025-12-07T07:12:55.716756+01:00,2025-12-07T07:12:55.716774+01:00
1688,2019-02-13,False,True,2025-12-07T07:12:55.718159+01:00,2025-12-07T07:12:55.718178+01:00
1689,2019-02-12,False,True,2025-12-07T07:12:55.719501+01:00,2025-12-07T07:12:55.719540+01:00
1690,2019-02-11,False,True,2025-12-07T07:12:55.720906+01:00,2025-12-07T07:12:55.720928+01:00
1691,2019-02-08,True,True,2025-12-07T07:12:55.722411+01:00,2026-01-07T13:27:37.197842+01:00
1692,2019-02-07,False,True,2025-12-07T07:12:55.723834+01:00,2025-12-07T07:12:55.723853+01:00
1693,2019-02-06,False,True,2025-12-07T07:12:55.725160+01:00,2025-12-07T07:12:55.725179+01:00
1694,2019-02-05,False,True,2025-12-07T07:12:55.726554+01:00,2025-12-07T07:12:55.726581+01:00
1695,2019-02-04,False,True,2025-12-07T07:12:55.728007+01:00,2025-12-07T07:12:55.728027+01:00
1696,2019-02-01,True,True,2025-12-07T07:12:55.729494+01:00,2026-01-07T13:27:40.205811+01:00
1697,2019-01-31,False,True,2025-12-07T07:12:55.730925+01:00,2025-12-07T07:12:55.730944+01:00
1698,2019-01-30,False,True,2025-12-07T07:12:55.732426+01:00,2025-12-07T07:12:55.732445+01:00
1699,2019-01-29,False,True,2025-12-07T07:12:55.733824+01:00,2025-12-07T07:12:55.733843+01:00
1700,2019-01-28,False,True,2025-12-07T07:12:55.735163+01:00,2025-12-07T07:12:55.735200+01:00
1701,2019-01-25,True,True,2025-12-07T07:12:55.736616+01:00,2026-01-07T13:27:43.287596+01:00
1702,2019-01-24,False,True,2025-12-07T07:12:55.738068+01:00,2025-12-07T07:12:55.738087+01:00
1703,2019-01-23,False,True,2025-12-07T07:12:55.739392+01:00,2025-12-07T07:12:55.739411+01:00
1704,2019-01-22,False,True,2025-12-07T07:12:55.740836+01:00,2025-12-07T07:12:55.740854+01:00
1705,2019-01-21,False,True,2025-12-07T07:12:55.742173+01:00,2025-12-07T07:12:55.742211+01:00
1706,2019-01-18,True,True,2025-12-07T07:12:55.743654+01:00,2026-01-07T13:27:46.224449+01:00
1707,2019-01-17,False,True,2025-12-07T07:12:55.748904+01:00,2025-12-07T07:12:55.748922+01:00
1708,2019-01-16,False,True,2025-12-07T07:12:55.750927+01:00,2025-12-07T07:12:55.750946+01:00
1709,2019-01-15,False,True,2025-12-07T07:12:55.752295+01:00,2025-12-07T07:12:55.752317+01:00
1710,2019-01-14,True,True,2025-12-07T07:12:55.753685+01:00,2026-01-07T13:27:48.532049+01:00
1711,2019-01-10,False,True,2025-12-07T07:12:55.755145+01:00,2025-12-07T07:12:55.755163+01:00
1712,2019-01-09,False,True,2025-12-07T07:12:55.756574+01:00,2025-12-07T07:12:55.756592+01:00
1713,2019-01-08,False,True,2025-12-07T07:12:55.758086+01:00,2025-12-07T07:12:55.758106+01:00
1714,2019-01-07,False,True,2025-12-07T07:12:55.759505+01:00,2025-12-07T07:12:55.759524+01:00
1715,2019-01-04,True,True,2025-12-07T07:12:55.760920+01:00,2026-01-07T13:27:51.456730+01:00
1716,2019-01-03,False,True,2025-12-07T07:12:55.762338+01:00,2025-12-07T07:12:55.762357+01:00
1717,2019-01-02,False,True,2025-12-07T07:12:55.763796+01:00,2025-12-07T07:12:55.763815+01:00
1718,2018-12-31,False,True,2025-12-07T07:12:55.765143+01:00,2025-12-07T07:12:55.765183+01:00
1719,2018-12-28,True,True,2025-12-07T07:12:55.766631+01:00,2026-01-07T13:27:53.867969+01:00
1720,2018-12-27,False,True,2025-12-07T07:12:55.768065+01:00,2025-12-07T07:12:55.768084+01:00
1721,2018-12-26,False,True,2025-12-07T07:12:55.769496+01:00,2025-12-07T07:12:55.769515+01:00
1722,2018-12-25,False,True,2025-12-07T07:12:55.770954+01:00,2025-12-07T07:12:55.770973+01:00
1723,2018-12-24,False,True,2025-12-07T07:12:55.772375+01:00,2025-12-07T07:12:55.772394+01:00
1724,2018-12-21,True,True,2025-12-07T07:12:55.773834+01:00,2026-01-07T13:27:56.789482+01:00
1725,2018-12-20,False,True,2025-12-07T07:12:55.775281+01:00,2025-12-07T07:12:55.775300+01:00
1726,2018-12-19,False,True,2025-12-07T07:12:55.776696+01:00,2025-12-07T07:12:55.776717+01:00
1727,2018-12-18,False,True,2025-12-07T07:12:55.778215+01:00,2025-12-07T07:12:55.778234+01:00
1728,2018-12-17,False,True,2025-12-07T07:12:55.779670+01:00,2025-12-07T07:12:55.779695+01:00
1729,2018-12-14,True,True,2025-12-07T07:12:55.781102+01:00,2026-01-07T13:27:59.675534+01:00
1730,2018-12-13,False,True,2025-12-07T07:12:55.782478+01:00,2025-12-07T07:12:55.782498+01:00
1731,2018-12-12,False,True,2025-12-07T07:12:55.783885+01:00,2025-12-07T07:12:55.783904+01:00
1732,2018-12-11,False,True,2025-12-07T07:12:55.785267+01:00,2025-12-07T07:12:55.785287+01:00
1733,2018-12-10,False,True,2025-12-07T07:12:55.786707+01:00,2025-12-07T07:12:55.786728+01:00
1734,2018-12-07,True,True,2025-12-07T07:12:55.788073+01:00,2026-01-07T13:28:02.847131+01:00
1735,2018-12-06,False,True,2025-12-07T07:12:55.789505+01:00,2025-12-07T07:12:55.789524+01:00
1736,2018-12-05,False,True,2025-12-07T07:12:55.790850+01:00,2025-12-07T07:12:55.790882+01:00
1737,2018-12-04,False,True,2025-12-07T07:12:55.792385+01:00,2025-12-07T07:12:55.792405+01:00
1738,2018-12-03,False,True,2025-12-07T07:12:55.793824+01:00,2025-12-07T07:12:55.793844+01:00
1739,2018-11-30,True,True,2025-12-07T07:12:55.795230+01:00,2026-01-07T13:28:05.753252+01:00
1740,2018-11-29,False,True,2025-12-07T07:12:55.796558+01:00,2025-12-07T07:12:55.796576+01:00
1741,2018-11-28,False,True,2025-12-07T07:12:55.797976+01:00,2025-12-07T07:12:55.797995+01:00
1742,2018-11-27,False,True,2025-12-07T07:12:55.799442+01:00,2025-12-07T07:12:55.799460+01:00
1743,2018-11-26,False,True,2025-12-07T07:12:55.800883+01:00,2025-12-07T07:12:55.800901+01:00
1744,2018-11-23,True,True,2025-12-07T07:12:55.802325+01:00,2026-01-07T13:28:08.877868+01:00
1745,2018-11-22,False,True,2025-12-07T07:12:55.803751+01:00,2025-12-07T07:12:55.803770+01:00
1746,2018-11-19,False,True,2025-12-07T07:12:55.805105+01:00,2025-12-07T07:12:55.805143+01:00
1747,2018-11-16,True,True,2025-12-07T07:12:55.806469+01:00,2026-01-07T13:28:10.550585+01:00
1748,2018-11-15,False,True,2025-12-07T07:12:55.807940+01:00,2025-12-07T07:12:55.807962+01:00
1749,2018-11-14,False,True,2025-12-07T07:12:55.809399+01:00,2025-12-07T07:12:55.809417+01:00
1750,2018-11-13,False,True,2025-12-07T07:12:55.810751+01:00,2025-12-07T07:12:55.810790+01:00
1751,2018-11-12,False,True,2025-12-07T07:12:55.812132+01:00,2025-12-07T07:12:55.812171+01:00
1752,2018-11-09,True,True,2025-12-07T07:12:55.813618+01:00,2026-01-07T13:28:13.789302+01:00
1753,2018-11-08,False,True,2025-12-07T07:12:55.815064+01:00,2025-12-07T07:12:55.815083+01:00
1754,2018-11-07,False,True,2025-12-07T07:12:55.816381+01:00,2025-12-07T07:12:55.816400+01:00
1755,2018-11-05,False,True,2025-12-07T07:12:55.817744+01:00,2025-12-07T07:12:55.817778+01:00
1756,2018-11-02,True,True,2025-12-07T07:12:55.819239+01:00,2026-01-07T13:28:16.188521+01:00
1757,2018-11-01,False,True,2025-12-07T07:12:55.820565+01:00,2025-12-07T07:12:55.820583+01:00
1758,2018-10-31,False,True,2025-12-07T07:12:55.821938+01:00,2025-12-07T07:12:55.821976+01:00
1759,2018-10-30,False,True,2025-12-07T07:12:55.823402+01:00,2025-12-07T07:12:55.823423+01:00
1760,2018-10-29,False,True,2025-12-07T07:12:55.824821+01:00,2025-12-07T07:12:55.824841+01:00
1761,2018-10-26,True,True,2025-12-07T07:12:55.826216+01:00,2026-01-07T13:28:19.134992+01:00
1762,2018-10-25,False,True,2025-12-07T07:12:55.827661+01:00,2025-12-07T07:12:55.827686+01:00
1763,2018-10-24,False,True,2025-12-07T07:12:55.829090+01:00,2025-12-07T07:12:55.829110+01:00
1764,2018-10-23,False,True,2025-12-07T07:12:55.830600+01:00,2025-12-07T07:12:55.830619+01:00
1765,2018-10-22,False,True,2025-12-07T07:12:55.832095+01:00,2025-12-07T07:12:55.832113+01:00
1767,2018-10-18,False,True,2025-12-07T07:12:55.834977+01:00,2025-12-07T07:12:55.834995+01:00
1768,2018-10-17,False,True,2025-12-07T07:12:55.836477+01:00,2025-12-07T07:12:55.836496+01:00
1769,2018-10-16,False,True,2025-12-07T07:12:55.837844+01:00,2025-12-07T07:12:55.837882+01:00
1770,2018-10-15,False,True,2025-12-07T07:12:55.839245+01:00,2025-12-07T07:12:55.839267+01:00
1772,2018-10-11,False,True,2025-12-07T07:12:55.842062+01:00,2025-12-07T07:12:55.842101+01:00
1773,2018-10-10,False,True,2025-12-07T07:12:55.843481+01:00,2025-12-07T07:12:55.843501+01:00
1774,2018-10-09,False,True,2025-12-07T07:12:55.844978+01:00,2025-12-07T07:12:55.844996+01:00
1775,2018-10-08,False,True,2025-12-07T07:12:55.846397+01:00,2025-12-07T07:12:55.846415+01:00
1777,2018-10-04,False,True,2025-12-07T07:12:55.859150+01:00,2025-12-07T07:12:55.859170+01:00
1778,2018-10-03,False,True,2025-12-07T07:12:55.860645+01:00,2025-12-07T07:12:55.860664+01:00
1779,2018-10-02,False,True,2025-12-07T07:12:55.862114+01:00,2025-12-07T07:12:55.862132+01:00
1780,2018-10-01,False,True,2025-12-07T07:12:55.863449+01:00,2025-12-07T07:12:55.863484+01:00
1781,2018-09-28,True,True,2025-12-07T07:12:55.864999+01:00,2026-01-07T13:28:30.954704+01:00
1782,2018-09-27,False,True,2025-12-07T07:12:55.866498+01:00,2025-12-07T07:12:55.866518+01:00
1783,2018-09-26,False,True,2025-12-07T07:12:55.867937+01:00,2025-12-07T07:12:55.867957+01:00
1784,2018-09-25,False,True,2025-12-07T07:12:55.869442+01:00,2025-12-07T07:12:55.869461+01:00
1785,2018-09-24,False,True,2025-12-07T07:12:55.870885+01:00,2025-12-07T07:12:55.870905+01:00
1786,2018-09-21,True,True,2025-12-07T07:12:55.872317+01:00,2026-01-07T13:28:33.811974+01:00
1787,2018-09-20,False,True,2025-12-07T07:12:55.873770+01:00,2025-12-07T07:12:55.873790+01:00
1788,2018-09-19,False,True,2025-12-07T07:12:55.875275+01:00,2025-12-07T07:12:55.875294+01:00
1789,2018-09-18,False,True,2025-12-07T07:12:55.876709+01:00,2025-12-07T07:12:55.876727+01:00
1790,2018-09-17,False,True,2025-12-07T07:12:55.878061+01:00,2025-12-07T07:12:55.878100+01:00
1791,2018-09-14,True,True,2025-12-07T07:12:55.879561+01:00,2026-01-07T13:28:36.941191+01:00
1792,2018-09-13,False,True,2025-12-07T07:12:55.880981+01:00,2025-12-07T07:12:55.881001+01:00
1793,2018-09-12,False,True,2025-12-07T07:12:55.882462+01:00,2025-12-07T07:12:55.882481+01:00
1794,2018-09-10,False,True,2025-12-07T07:12:55.883935+01:00,2025-12-07T07:12:55.883954+01:00
1795,2018-09-07,True,True,2025-12-07T07:12:55.885289+01:00,2026-01-07T13:28:39.333219+01:00
1796,2018-09-06,False,True,2025-12-07T07:12:55.886746+01:00,2025-12-07T07:12:55.886765+01:00
1797,2018-09-05,False,True,2025-12-07T07:12:55.888209+01:00,2025-12-07T07:12:55.888228+01:00
1798,2018-09-04,False,True,2025-12-07T07:12:55.889644+01:00,2025-12-07T07:12:55.889664+01:00
1799,2018-09-03,False,True,2025-12-07T07:12:55.891137+01:00,2025-12-07T07:12:55.891156+01:00
1800,2018-08-31,True,True,2025-12-07T07:12:55.893237+01:00,2026-01-07T13:28:42.272351+01:00
1801,2018-08-30,False,True,2025-12-07T07:12:55.894776+01:00,2025-12-07T07:12:55.894796+01:00
1802,2018-08-29,False,True,2025-12-07T07:12:55.896135+01:00,2025-12-07T07:12:55.896172+01:00
1803,2018-08-28,False,True,2025-12-07T07:12:55.897535+01:00,2025-12-07T07:12:55.897557+01:00
1804,2018-08-27,False,True,2025-12-07T07:12:55.899013+01:00,2025-12-07T07:12:55.899033+01:00
1805,2018-08-24,True,True,2025-12-07T07:12:55.900373+01:00,2026-01-07T13:28:45.350653+01:00
1806,2018-08-17,True,True,2025-12-07T07:12:55.901839+01:00,2026-01-07T13:28:45.876029+01:00
1807,2018-08-16,False,True,2025-12-07T07:12:55.903194+01:00,2025-12-07T07:12:55.903233+01:00
1808,2018-08-15,False,True,2025-12-07T07:12:55.904673+01:00,2025-12-07T07:12:55.904698+01:00
1809,2018-08-13,False,True,2025-12-07T07:12:55.906134+01:00,2025-12-07T07:12:55.906153+01:00
1810,2018-08-10,True,True,2025-12-07T07:12:55.907505+01:00,2026-01-07T13:28:48.172968+01:00
1811,2018-08-09,False,True,2025-12-07T07:12:55.908962+01:00,2025-12-07T07:12:55.908982+01:00
1812,2018-08-08,False,True,2025-12-07T07:12:55.910399+01:00,2025-12-07T07:12:55.910418+01:00
1813,2018-08-07,False,True,2025-12-07T07:12:55.911780+01:00,2025-12-07T07:12:55.911802+01:00
1814,2018-08-06,False,True,2025-12-07T07:12:55.913160+01:00,2025-12-07T07:12:55.913183+01:00
1815,2018-08-03,True,True,2025-12-07T07:12:55.914617+01:00,2026-01-07T13:28:51.030732+01:00
1816,2018-08-02,False,True,2025-12-07T07:12:55.915978+01:00,2025-12-07T07:12:55.916015+01:00
1817,2018-08-01,False,True,2025-12-07T07:12:55.917346+01:00,2025-12-07T07:12:55.917384+01:00
1818,2018-07-31,False,True,2025-12-07T07:12:55.918749+01:00,2025-12-07T07:12:55.918768+01:00
1819,2018-07-27,True,True,2025-12-07T07:12:55.920191+01:00,2026-01-07T13:28:53.445801+01:00
1820,2018-07-26,False,True,2025-12-07T07:12:55.921617+01:00,2025-12-07T07:12:55.921636+01:00
1821,2018-07-25,False,True,2025-12-07T07:12:55.923051+01:00,2025-12-07T07:12:55.923070+01:00
1822,2018-07-24,False,True,2025-12-07T07:12:55.924451+01:00,2025-12-07T07:12:55.924470+01:00
1823,2018-07-23,False,True,2025-12-07T07:12:55.925916+01:00,2025-12-07T07:12:55.925934+01:00
1824,2018-07-20,True,True,2025-12-07T07:12:55.927322+01:00,2026-01-07T13:28:56.293827+01:00
1825,2018-07-19,False,True,2025-12-07T07:12:55.928765+01:00,2025-12-07T07:12:55.928785+01:00
1826,2018-07-18,False,True,2025-12-07T07:12:55.930169+01:00,2025-12-07T07:12:55.930188+01:00
1827,2018-07-17,False,True,2025-12-07T07:12:55.931578+01:00,2025-12-07T07:12:55.931597+01:00
1828,2018-07-16,False,True,2025-12-07T07:12:55.932931+01:00,2025-12-07T07:12:55.932970+01:00
1829,2018-07-13,True,True,2025-12-07T07:12:55.934385+01:00,2026-01-07T13:28:59.229904+01:00
1830,2018-07-12,False,True,2025-12-07T07:12:55.935868+01:00,2025-12-07T07:12:55.935887+01:00
1831,2018-07-11,False,True,2025-12-07T07:12:55.937205+01:00,2025-12-07T07:12:55.937244+01:00
1832,2018-07-10,False,True,2025-12-07T07:12:55.938567+01:00,2025-12-07T07:12:55.938585+01:00
1833,2018-07-09,False,True,2025-12-07T07:12:55.940054+01:00,2025-12-07T07:12:55.940072+01:00
1834,2018-07-06,True,True,2025-12-07T07:12:55.941384+01:00,2026-01-07T13:29:02.182897+01:00
1835,2018-07-05,False,True,2025-12-07T07:12:55.942767+01:00,2025-12-07T07:12:55.942804+01:00
1836,2018-07-04,False,True,2025-12-07T07:12:55.944114+01:00,2025-12-07T07:12:55.944132+01:00
1837,2018-07-03,False,True,2025-12-07T07:12:55.945544+01:00,2025-12-07T07:12:55.945563+01:00
1838,2018-07-02,False,True,2025-12-07T07:12:55.946895+01:00,2025-12-07T07:12:55.946932+01:00
1839,2018-06-29,True,True,2025-12-07T07:12:55.948312+01:00,2026-01-07T13:29:05.051950+01:00
1840,2018-06-28,False,True,2025-12-07T07:12:55.949730+01:00,2025-12-07T07:12:55.949748+01:00
1841,2018-06-27,False,True,2025-12-07T07:12:55.951133+01:00,2025-12-07T07:12:55.951152+01:00
1842,2018-06-26,False,True,2025-12-07T07:12:55.952527+01:00,2025-12-07T07:12:55.952546+01:00
1843,2018-06-25,False,True,2025-12-07T07:12:55.953938+01:00,2025-12-07T07:12:55.953957+01:00
1844,2018-06-22,True,True,2025-12-07T07:12:55.955270+01:00,2026-01-07T13:29:08.057720+01:00
1845,2018-06-21,False,True,2025-12-07T07:12:55.956697+01:00,2025-12-07T07:12:55.956718+01:00
1846,2018-06-20,False,True,2025-12-07T07:12:55.958049+01:00,2025-12-07T07:12:55.958087+01:00
1847,2018-06-19,False,True,2025-12-07T07:12:55.959462+01:00,2025-12-07T07:12:55.959481+01:00
1848,2018-06-18,True,True,2025-12-07T07:12:55.960929+01:00,2026-01-07T13:29:10.422003+01:00
1849,2018-06-14,False,True,2025-12-07T07:12:55.962324+01:00,2025-12-07T07:12:55.962343+01:00
1850,2018-06-13,False,True,2025-12-07T07:12:55.963652+01:00,2025-12-07T07:12:55.963670+01:00
1851,2018-06-12,False,True,2025-12-07T07:12:55.965115+01:00,2025-12-07T07:12:55.965133+01:00
1852,2018-06-11,False,True,2025-12-07T07:12:55.966458+01:00,2025-12-07T07:12:55.966497+01:00
1853,2018-06-08,True,True,2025-12-07T07:12:55.967893+01:00,2026-01-07T13:29:13.320449+01:00
1854,2018-06-07,False,True,2025-12-07T07:12:55.969377+01:00,2025-12-07T07:12:55.969395+01:00
1855,2018-06-06,False,True,2025-12-07T07:12:55.970739+01:00,2025-12-07T07:12:55.970758+01:00
1856,2018-06-05,False,True,2025-12-07T07:12:55.972079+01:00,2025-12-07T07:12:55.972118+01:00
1857,2018-06-04,False,True,2025-12-07T07:12:55.973441+01:00,2025-12-07T07:12:55.973476+01:00
1858,2018-06-01,True,True,2025-12-07T07:12:55.974800+01:00,2026-01-07T12:49:01.245011+01:00
1859,2018-05-31,False,True,2025-12-07T07:12:55.976167+01:00,2025-12-07T07:12:55.976206+01:00
1860,2018-05-30,False,True,2025-12-07T07:12:55.977601+01:00,2025-12-07T07:12:55.977627+01:00
1861,2018-05-29,False,True,2025-12-07T07:12:55.979133+01:00,2025-12-07T07:12:55.979153+01:00
1862,2018-05-28,False,True,2025-12-07T07:12:55.980483+01:00,2025-12-07T07:12:55.980521+01:00
1863,2018-05-25,True,True,2025-12-07T07:12:55.981896+01:00,2026-01-07T13:29:18.784626+01:00
1864,2018-05-24,False,True,2025-12-07T07:12:55.983357+01:00,2025-12-07T07:12:55.983376+01:00
1865,2018-05-23,False,True,2025-12-07T07:12:55.984681+01:00,2025-12-07T07:12:55.984725+01:00
1866,2018-05-22,False,True,2025-12-07T07:12:55.986111+01:00,2025-12-07T07:12:55.986130+01:00
1867,2018-05-21,False,True,2025-12-07T07:12:55.987459+01:00,2025-12-07T07:12:55.987498+01:00
1868,2018-05-18,True,True,2025-12-07T07:12:55.988951+01:00,2026-01-07T13:29:21.867733+01:00
1869,2018-05-17,False,True,2025-12-07T07:12:55.990448+01:00,2025-12-07T07:12:55.990467+01:00
1870,2018-05-16,False,True,2025-12-07T07:12:55.991806+01:00,2025-12-07T07:12:55.991824+01:00
1871,2018-05-15,False,True,2025-12-07T07:12:55.993249+01:00,2025-12-07T07:12:55.993268+01:00
1872,2018-05-14,False,True,2025-12-07T07:12:55.994614+01:00,2025-12-07T07:12:55.994654+01:00
1873,2018-05-11,True,True,2025-12-07T07:12:55.996039+01:00,2026-01-07T13:29:24.858786+01:00
1874,2018-05-10,False,True,2025-12-07T07:12:55.997386+01:00,2025-12-07T07:12:55.997425+01:00
1875,2018-05-09,False,True,2025-12-07T07:12:55.998814+01:00,2025-12-07T07:12:55.998833+01:00
1876,2018-05-08,False,True,2025-12-07T07:12:56.000283+01:00,2025-12-07T07:12:56.000301+01:00
1877,2018-05-07,False,True,2025-12-07T07:12:56.001708+01:00,2025-12-07T07:12:56.001728+01:00
1878,2018-05-04,True,True,2025-12-07T07:12:56.004110+01:00,2026-01-07T13:29:27.795162+01:00
1879,2018-05-03,False,True,2025-12-07T07:12:56.005571+01:00,2025-12-07T07:12:56.005591+01:00
1880,2018-05-02,False,True,2025-12-07T07:12:56.007020+01:00,2025-12-07T07:12:56.007039+01:00
1881,2018-04-30,False,True,2025-12-07T07:12:56.008516+01:00,2025-12-07T07:12:56.008535+01:00
1882,2018-04-27,True,True,2025-12-07T07:12:56.009992+01:00,2026-01-07T12:56:07.874837+01:00
1883,2018-04-26,False,True,2025-12-07T07:12:56.011426+01:00,2025-12-07T07:12:56.011446+01:00
1884,2018-04-25,False,True,2025-12-07T07:12:56.012876+01:00,2025-12-07T07:12:56.012895+01:00
1885,2018-04-24,False,True,2025-12-07T07:12:56.014342+01:00,2025-12-07T07:12:56.014361+01:00
1886,2018-04-23,False,True,2025-12-07T07:12:56.015761+01:00,2025-12-07T07:12:56.015781+01:00
1887,2018-04-20,True,True,2025-12-07T07:12:56.017206+01:00,2026-01-07T13:07:19.535781+01:00
1888,2018-04-19,False,True,2025-12-07T07:12:56.018641+01:00,2025-12-07T07:12:56.018659+01:00
1889,2018-04-18,False,True,2025-12-07T07:12:56.020126+01:00,2025-12-07T07:12:56.020145+01:00
1890,2018-04-17,False,True,2025-12-07T07:12:56.021892+01:00,2025-12-07T07:12:56.021912+01:00
1891,2018-04-16,False,True,2025-12-07T07:12:56.023346+01:00,2025-12-07T07:12:56.023365+01:00
1892,2018-04-13,True,True,2025-12-07T07:12:56.024823+01:00,2026-01-07T13:29:34.998640+01:00
1893,2018-04-12,False,True,2025-12-07T07:12:56.026370+01:00,2025-12-07T07:12:56.026389+01:00
1894,2018-04-11,False,True,2025-12-07T07:12:56.027765+01:00,2025-12-07T07:12:56.027789+01:00
1895,2018-04-10,False,True,2025-12-07T07:12:56.029286+01:00,2025-12-07T07:12:56.029305+01:00
1896,2018-04-09,False,True,2025-12-07T07:12:56.030702+01:00,2025-12-07T07:12:56.030722+01:00
1897,2018-04-06,True,True,2025-12-07T07:12:56.032151+01:00,2026-01-07T13:29:37.962057+01:00
1898,2018-04-05,False,True,2025-12-07T07:12:56.033636+01:00,2025-12-07T07:12:56.033656+01:00
1899,2018-04-04,False,True,2025-12-07T07:12:56.035082+01:00,2025-12-07T07:12:56.035102+01:00
1900,2018-04-03,False,True,2025-12-07T07:12:56.036583+01:00,2025-12-07T07:12:56.036603+01:00
1901,2018-04-02,False,True,2025-12-07T07:12:56.038095+01:00,2025-12-07T07:12:56.038115+01:00
1902,2018-03-30,True,True,2025-12-07T07:12:56.039538+01:00,2026-01-07T13:29:40.851667+01:00
1903,2018-03-29,False,True,2025-12-07T07:12:56.041052+01:00,2025-12-07T07:12:56.041071+01:00
1904,2018-03-28,False,True,2025-12-07T07:12:56.042486+01:00,2025-12-07T07:12:56.042506+01:00
1905,2018-03-27,False,True,2025-12-07T07:12:56.043832+01:00,2025-12-07T07:12:56.043850+01:00
1906,2018-03-26,False,True,2025-12-07T07:12:56.045359+01:00,2025-12-07T07:12:56.045378+01:00
1907,2018-03-23,True,True,2025-12-07T07:12:56.046821+01:00,2026-01-07T13:29:43.650326+01:00
1908,2018-03-22,False,True,2025-12-07T07:12:56.048177+01:00,2025-12-07T07:12:56.048215+01:00
1909,2018-03-21,False,True,2025-12-07T07:12:56.049627+01:00,2025-12-07T07:12:56.049646+01:00
1910,2018-03-20,False,True,2025-12-07T07:12:56.051164+01:00,2025-12-07T07:12:56.051183+01:00
1911,2018-03-19,False,True,2025-12-07T07:12:56.052547+01:00,2025-12-07T07:12:56.052570+01:00
1912,2018-03-16,True,True,2025-12-07T07:12:56.054008+01:00,2026-01-07T13:29:46.584344+01:00
1913,2018-03-15,False,True,2025-12-07T07:12:56.055487+01:00,2025-12-07T07:12:56.055506+01:00
1914,2018-03-14,False,True,2025-12-07T07:12:56.056981+01:00,2025-12-07T07:12:56.057000+01:00
1915,2018-03-13,False,True,2025-12-07T07:12:56.058376+01:00,2025-12-07T07:12:56.058397+01:00
1916,2018-03-12,False,True,2025-12-07T07:12:56.059821+01:00,2025-12-07T07:12:56.059840+01:00
1917,2018-03-09,True,True,2025-12-07T07:12:56.061286+01:00,2026-01-07T13:29:49.559777+01:00
1918,2018-03-08,False,True,2025-12-07T07:12:56.062679+01:00,2025-12-07T07:12:56.062727+01:00
1919,2018-03-07,False,True,2025-12-07T07:12:56.064147+01:00,2025-12-07T07:12:56.064167+01:00
1920,2018-03-06,False,True,2025-12-07T07:12:56.065669+01:00,2025-12-07T07:12:56.065695+01:00
1921,2018-03-05,False,True,2025-12-07T07:12:56.067201+01:00,2025-12-07T07:12:56.067220+01:00
1922,2018-03-02,True,True,2025-12-07T07:12:56.068694+01:00,2026-01-07T13:29:52.504885+01:00
1923,2018-03-01,False,True,2025-12-07T07:12:56.070215+01:00,2025-12-07T07:12:56.070235+01:00
1924,2018-02-28,False,True,2025-12-07T07:12:56.071765+01:00,2025-12-07T07:12:56.071785+01:00
1925,2018-02-27,False,True,2025-12-07T07:12:56.073282+01:00,2025-12-07T07:12:56.073303+01:00
1926,2018-02-26,False,True,2025-12-07T07:12:56.074748+01:00,2025-12-07T07:12:56.074767+01:00
1927,2018-02-23,True,True,2025-12-07T07:12:56.076185+01:00,2026-01-07T13:29:55.510955+01:00
1928,2018-02-22,False,True,2025-12-07T07:12:56.077609+01:00,2025-12-07T07:12:56.077627+01:00
1929,2018-02-21,False,True,2025-12-07T07:12:56.079037+01:00,2025-12-07T07:12:56.079058+01:00
1930,2018-02-20,False,True,2025-12-07T07:12:56.080433+01:00,2025-12-07T07:12:56.080454+01:00
1931,2018-02-19,False,True,2025-12-07T07:12:56.081939+01:00,2025-12-07T07:12:56.081966+01:00
1932,2018-02-16,True,True,2025-12-07T07:12:56.083305+01:00,2026-01-07T13:29:58.485934+01:00
1933,2018-02-15,False,True,2025-12-07T07:12:56.084734+01:00,2025-12-07T07:12:56.084752+01:00
1934,2018-02-14,False,True,2025-12-07T07:12:56.086077+01:00,2025-12-07T07:12:56.086117+01:00
1935,2018-02-13,False,True,2025-12-07T07:12:56.087441+01:00,2025-12-07T07:12:56.087480+01:00
1936,2018-02-12,False,True,2025-12-07T07:12:56.088813+01:00,2025-12-07T07:12:56.088849+01:00
1937,2018-02-09,True,True,2025-12-07T07:12:56.090278+01:00,2026-01-07T13:30:01.529560+01:00
1938,2018-02-08,False,True,2025-12-07T07:12:56.091720+01:00,2025-12-07T07:12:56.091739+01:00
1939,2018-02-07,False,True,2025-12-07T07:12:56.093114+01:00,2025-12-07T07:12:56.093133+01:00
1940,2018-02-06,False,True,2025-12-07T07:12:56.094459+01:00,2025-12-07T07:12:56.094498+01:00
1941,2018-02-05,False,True,2025-12-07T07:12:56.095890+01:00,2025-12-07T07:12:56.095908+01:00
1942,2018-02-02,True,True,2025-12-07T07:12:56.097263+01:00,2026-01-07T13:30:04.472395+01:00
1943,2018-02-01,False,True,2025-12-07T07:12:56.098685+01:00,2025-12-07T07:12:56.098704+01:00
1944,2018-01-31,False,True,2025-12-07T07:12:56.100091+01:00,2025-12-07T07:12:56.100110+01:00
1945,2018-01-30,False,True,2025-12-07T07:12:56.101419+01:00,2025-12-07T07:12:56.101437+01:00
1946,2018-01-29,False,True,2025-12-07T07:12:56.102964+01:00,2025-12-07T07:12:56.102983+01:00
1947,2018-01-26,True,True,2025-12-07T07:12:56.104373+01:00,2026-01-07T13:30:07.457139+01:00
1948,2018-01-25,False,True,2025-12-07T07:12:56.105872+01:00,2025-12-07T07:12:56.105892+01:00
1949,2018-01-24,False,True,2025-12-07T07:12:56.107328+01:00,2025-12-07T07:12:56.107346+01:00
1950,2018-01-23,False,True,2025-12-07T07:12:56.108820+01:00,2025-12-07T07:12:56.108839+01:00
1951,2018-01-22,False,True,2025-12-07T07:12:56.110184+01:00,2025-12-07T07:12:56.110222+01:00
1952,2018-01-19,True,True,2025-12-07T07:12:56.111672+01:00,2026-01-07T13:30:10.569451+01:00
1953,2018-01-18,False,True,2025-12-07T07:12:56.113092+01:00,2025-12-07T07:12:56.113111+01:00
1954,2018-01-17,False,True,2025-12-07T07:12:56.114556+01:00,2025-12-07T07:12:56.114575+01:00
1955,2018-01-16,False,True,2025-12-07T07:12:56.116073+01:00,2025-12-07T07:12:56.116092+01:00
1956,2018-01-15,False,True,2025-12-07T07:12:56.117567+01:00,2025-12-07T07:12:56.117586+01:00
1957,2018-01-12,True,True,2025-12-07T07:12:56.118994+01:00,2026-01-07T13:30:13.638451+01:00
1958,2018-01-10,False,True,2025-12-07T07:12:56.120435+01:00,2025-12-07T07:12:56.120453+01:00
1959,2018-01-09,False,True,2025-12-07T07:12:56.121919+01:00,2025-12-07T07:12:56.121939+01:00
1960,2018-01-08,False,True,2025-12-07T07:12:56.123399+01:00,2025-12-07T07:12:56.123417+01:00
1961,2018-01-05,True,True,2025-12-07T07:12:56.124912+01:00,2026-01-07T13:30:16.025713+01:00
1962,2018-01-04,False,True,2025-12-07T07:12:56.126432+01:00,2025-12-07T07:12:56.126452+01:00
1963,2018-01-03,False,True,2025-12-07T07:12:56.127937+01:00,2025-12-07T07:12:56.127955+01:00
1964,2018-01-02,False,True,2025-12-07T07:12:56.129311+01:00,2025-12-07T07:12:56.129332+01:00
1965,2017-12-29,True,True,2025-12-07T07:12:56.130799+01:00,2026-01-07T13:30:18.338013+01:00
1966,2017-12-28,False,True,2025-12-07T07:12:56.132233+01:00,2025-12-07T07:12:56.132253+01:00
1967,2017-12-27,False,True,2025-12-07T07:12:56.133667+01:00,2025-12-07T07:12:56.133692+01:00
1968,2017-12-26,False,True,2025-12-07T07:12:56.135173+01:00,2025-12-07T07:12:56.135191+01:00
1969,2017-12-25,False,True,2025-12-07T07:12:56.136652+01:00,2025-12-07T07:12:56.136671+01:00
1970,2017-12-22,True,True,2025-12-07T07:12:56.138022+01:00,2026-01-07T13:30:21.534196+01:00
1971,2017-12-21,False,True,2025-12-07T07:12:56.139395+01:00,2025-12-07T07:12:56.139435+01:00
1972,2017-12-20,False,True,2025-12-07T07:12:56.140827+01:00,2025-12-07T07:12:56.140846+01:00
1973,2017-12-19,False,True,2025-12-07T07:12:56.142309+01:00,2025-12-07T07:12:56.142340+01:00
1974,2017-12-18,False,True,2025-12-07T07:12:56.143839+01:00,2025-12-07T07:12:56.143869+01:00
1975,2017-12-15,True,True,2025-12-07T07:12:56.145251+01:00,2026-01-07T13:30:24.629142+01:00
1976,2017-12-14,False,True,2025-12-07T07:12:56.146730+01:00,2025-12-07T07:12:56.146750+01:00
1977,2017-12-13,False,True,2025-12-07T07:12:56.148221+01:00,2025-12-07T07:12:56.148239+01:00
1978,2017-12-12,False,True,2025-12-07T07:12:56.149652+01:00,2025-12-07T07:12:56.149671+01:00
1979,2017-12-11,False,True,2025-12-07T07:12:56.151081+01:00,2025-12-07T07:12:56.151100+01:00
1980,2017-12-08,True,True,2025-12-07T07:12:56.152414+01:00,2026-01-07T13:30:27.491280+01:00
1981,2017-12-07,False,True,2025-12-07T07:12:56.153904+01:00,2025-12-07T07:12:56.153922+01:00
1982,2017-12-06,False,True,2025-12-07T07:12:56.155277+01:00,2025-12-07T07:12:56.155300+01:00
1983,2017-12-05,False,True,2025-12-07T07:12:56.156729+01:00,2025-12-07T07:12:56.156749+01:00
1984,2017-12-04,True,True,2025-12-07T07:12:56.158093+01:00,2026-01-07T13:30:29.831825+01:00
1985,2017-11-30,False,True,2025-12-07T07:12:56.159548+01:00,2025-12-07T07:12:56.159567+01:00
1986,2017-11-29,False,True,2025-12-07T07:12:56.161039+01:00,2025-12-07T07:12:56.161058+01:00
1987,2017-11-28,False,True,2025-12-07T07:12:56.162379+01:00,2025-12-07T07:12:56.162417+01:00
1988,2017-11-27,False,True,2025-12-07T07:12:56.163822+01:00,2025-12-07T07:12:56.163840+01:00
1989,2017-11-24,True,True,2025-12-07T07:12:56.165261+01:00,2026-01-07T13:30:33.157419+01:00
1990,2017-11-23,False,True,2025-12-07T07:12:56.166598+01:00,2025-12-07T07:12:56.166633+01:00
1991,2017-11-22,False,True,2025-12-07T07:12:56.167973+01:00,2025-12-07T07:12:56.168012+01:00
1992,2017-11-21,False,True,2025-12-07T07:12:56.169411+01:00,2025-12-07T07:12:56.169430+01:00
1993,2017-11-20,False,True,2025-12-07T07:12:56.170748+01:00,2025-12-07T07:12:56.170784+01:00
1994,2017-11-17,True,True,2025-12-07T07:12:56.172118+01:00,2026-01-07T13:30:36.299324+01:00
1995,2017-11-16,False,True,2025-12-07T07:12:56.173552+01:00,2025-12-07T07:12:56.173571+01:00
1996,2017-11-15,False,True,2025-12-07T07:12:56.174958+01:00,2025-12-07T07:12:56.174977+01:00
1997,2017-11-14,False,True,2025-12-07T07:12:56.176293+01:00,2025-12-07T07:12:56.176330+01:00
1998,2017-11-13,False,True,2025-12-07T07:12:56.177748+01:00,2025-12-07T07:12:56.177767+01:00
1999,2017-11-10,True,True,2025-12-07T07:12:56.179149+01:00,2026-01-07T13:30:39.160044+01:00
2000,2017-11-09,False,True,2025-12-07T07:12:56.180542+01:00,2025-12-07T07:12:56.180561+01:00
2001,2017-11-08,False,True,2025-12-07T07:12:56.181972+01:00,2025-12-07T07:12:56.181991+01:00
2002,2017-11-07,False,True,2025-12-07T07:12:56.183374+01:00,2025-12-07T07:12:56.183393+01:00
2003,2017-11-03,True,True,2025-12-07T07:12:56.184737+01:00,2026-01-07T13:30:41.627527+01:00
2004,2017-11-02,False,True,2025-12-07T07:12:56.186164+01:00,2025-12-07T07:12:56.186182+01:00
2005,2017-11-01,False,True,2025-12-07T07:12:56.187503+01:00,2025-12-07T07:12:56.187541+01:00
2006,2017-10-31,False,True,2025-12-07T07:12:56.188866+01:00,2025-12-07T07:12:56.188885+01:00
2007,2017-10-30,False,True,2025-12-07T07:12:56.190217+01:00,2025-12-07T07:12:56.190235+01:00
2008,2017-10-27,True,True,2025-12-07T07:12:56.191631+01:00,2026-01-07T13:30:44.444672+01:00
2009,2017-10-26,False,True,2025-12-07T07:12:56.193026+01:00,2025-12-07T07:12:56.193045+01:00
2010,2017-10-25,False,True,2025-12-07T07:12:56.194480+01:00,2025-12-07T07:12:56.194499+01:00
2011,2017-10-24,False,True,2025-12-07T07:12:56.195860+01:00,2025-12-07T07:12:56.195882+01:00
2012,2017-10-23,False,True,2025-12-07T07:12:56.197335+01:00,2025-12-07T07:12:56.197353+01:00
2013,2017-10-20,True,True,2025-12-07T07:12:56.198727+01:00,2026-01-07T13:30:47.251831+01:00
2014,2017-10-19,False,True,2025-12-07T07:12:56.200068+01:00,2025-12-07T07:12:56.200106+01:00
2015,2017-10-18,False,True,2025-12-07T07:12:56.201569+01:00,2025-12-07T07:12:56.201587+01:00
2016,2017-10-17,False,True,2025-12-07T07:12:56.203092+01:00,2025-12-07T07:12:56.203111+01:00
2017,2017-10-16,False,True,2025-12-07T07:12:56.204502+01:00,2025-12-07T07:12:56.204521+01:00
2018,2017-10-13,True,True,2025-12-07T07:12:56.206043+01:00,2026-01-07T13:30:50.205462+01:00
2019,2017-10-12,False,True,2025-12-07T07:12:56.207520+01:00,2025-12-07T07:12:56.207539+01:00
2020,2017-10-11,False,True,2025-12-07T07:12:56.208962+01:00,2025-12-07T07:12:56.208982+01:00
2021,2017-10-10,False,True,2025-12-07T07:12:56.210318+01:00,2025-12-07T07:12:56.210357+01:00
2022,2017-10-09,False,True,2025-12-07T07:12:56.211836+01:00,2025-12-07T07:12:56.211856+01:00
2023,2017-10-06,True,True,2025-12-07T07:12:56.213389+01:00,2026-01-07T13:30:53.269661+01:00
2024,2017-10-05,False,True,2025-12-07T07:12:56.214839+01:00,2025-12-07T07:12:56.214859+01:00
2025,2017-10-04,False,True,2025-12-07T07:12:56.216271+01:00,2025-12-07T07:12:56.216290+01:00
2026,2017-10-03,False,True,2025-12-07T07:12:56.217614+01:00,2025-12-07T07:12:56.217654+01:00
2027,2017-10-02,False,True,2025-12-07T07:12:56.219100+01:00,2025-12-07T07:12:56.219120+01:00
2028,2017-09-29,True,True,2025-12-07T07:12:56.220451+01:00,2026-01-07T13:30:56.134333+01:00
2029,2017-09-28,False,True,2025-12-07T07:12:56.221853+01:00,2025-12-07T07:12:56.221875+01:00
2030,2017-09-27,False,True,2025-12-07T07:12:56.223250+01:00,2025-12-07T07:12:56.223271+01:00
2031,2017-09-26,False,True,2025-12-07T07:12:56.224660+01:00,2025-12-07T07:12:56.224679+01:00
2032,2017-09-25,True,True,2025-12-07T07:12:56.225987+01:00,2026-01-07T13:30:58.567587+01:00
2033,2017-09-21,False,True,2025-12-07T07:12:56.227397+01:00,2025-12-07T07:12:56.227416+01:00
2034,2017-09-20,False,True,2025-12-07T07:12:56.228813+01:00,2025-12-07T07:12:56.228831+01:00
2035,2017-09-19,False,True,2025-12-07T07:12:56.230261+01:00,2025-12-07T07:12:56.230279+01:00
2036,2017-09-18,False,True,2025-12-07T07:12:56.231714+01:00,2025-12-07T07:12:56.231733+01:00
2037,2017-09-15,True,True,2025-12-07T07:12:56.233135+01:00,2026-01-07T13:31:01.495649+01:00
2038,2017-09-14,False,True,2025-12-07T07:12:56.234605+01:00,2025-12-07T07:12:56.234633+01:00
2039,2017-09-13,False,True,2025-12-07T07:12:56.236229+01:00,2025-12-07T07:12:56.236247+01:00
2040,2017-09-12,False,True,2025-12-07T07:12:56.237676+01:00,2025-12-07T07:12:56.237703+01:00
2041,2017-09-11,False,True,2025-12-07T07:12:56.239058+01:00,2025-12-07T07:12:56.239095+01:00
2042,2017-09-08,True,True,2025-12-07T07:12:56.240449+01:00,2026-01-07T13:31:04.341733+01:00
2043,2017-09-07,False,True,2025-12-07T07:12:56.241999+01:00,2025-12-07T07:12:56.242018+01:00
2044,2017-09-06,False,True,2025-12-07T07:12:56.243437+01:00,2025-12-07T07:12:56.243455+01:00
2045,2017-09-05,False,True,2025-12-07T07:12:56.244928+01:00,2025-12-07T07:12:56.244947+01:00
2046,2017-09-04,True,True,2025-12-07T07:12:56.246337+01:00,2026-01-07T13:31:06.622591+01:00
2047,2017-08-31,False,True,2025-12-07T07:12:56.247808+01:00,2025-12-07T07:12:56.247827+01:00
2048,2017-08-30,False,True,2025-12-07T07:12:56.249216+01:00,2025-12-07T07:12:56.249235+01:00
2049,2017-08-29,False,True,2025-12-07T07:12:56.250688+01:00,2025-12-07T07:12:56.250709+01:00
2050,2017-08-28,False,True,2025-12-07T07:12:56.252191+01:00,2025-12-07T07:12:56.252211+01:00
2051,2017-08-25,True,True,2025-12-07T07:12:56.253600+01:00,2026-01-07T13:31:09.611319+01:00
2052,2017-08-24,False,True,2025-12-07T07:12:56.255049+01:00,2025-12-07T07:12:56.255067+01:00
2053,2017-08-23,False,True,2025-12-07T07:12:56.256400+01:00,2025-12-07T07:12:56.256439+01:00
2054,2017-08-22,False,True,2025-12-07T07:12:56.257847+01:00,2025-12-07T07:12:56.257867+01:00
2055,2017-08-18,True,True,2025-12-07T07:12:56.259266+01:00,2026-01-07T13:04:54.143078+01:00
2056,2017-08-17,False,True,2025-12-07T07:12:56.260728+01:00,2025-12-07T07:12:56.260747+01:00
2057,2017-08-16,False,True,2025-12-07T07:12:56.262171+01:00,2025-12-07T07:12:56.262190+01:00
2058,2017-08-15,False,True,2025-12-07T07:12:56.263600+01:00,2025-12-07T07:12:56.263618+01:00
2059,2017-08-11,True,True,2025-12-07T07:12:56.265009+01:00,2026-01-07T13:31:13.808929+01:00
2060,2017-08-10,False,True,2025-12-07T07:12:56.266439+01:00,2025-12-07T07:12:56.266458+01:00
2061,2017-08-09,False,True,2025-12-07T07:12:56.267893+01:00,2025-12-07T07:12:56.267913+01:00
2062,2017-08-08,False,True,2025-12-07T07:12:56.269316+01:00,2025-12-07T07:12:56.269335+01:00
2063,2017-08-07,False,True,2025-12-07T07:12:56.270656+01:00,2025-12-07T07:12:56.270700+01:00
2064,2017-08-04,True,True,2025-12-07T07:12:56.272115+01:00,2026-01-07T12:58:32.137904+01:00
2065,2017-08-03,False,True,2025-12-07T07:12:56.273560+01:00,2025-12-07T07:12:56.273591+01:00
2066,2017-08-02,False,True,2025-12-07T07:12:56.275029+01:00,2025-12-07T07:12:56.275048+01:00
2067,2017-08-01,False,True,2025-12-07T07:12:56.276438+01:00,2025-12-07T07:12:56.276457+01:00
2068,2017-07-31,False,True,2025-12-07T07:12:56.277893+01:00,2025-12-07T07:12:56.277912+01:00
2069,2017-07-28,True,True,2025-12-07T07:12:56.279338+01:00,2026-01-07T13:31:19.199484+01:00
2070,2017-07-27,False,True,2025-12-07T07:12:56.280786+01:00,2025-12-07T07:12:56.280804+01:00
2071,2017-07-26,False,True,2025-12-07T07:12:56.282228+01:00,2025-12-07T07:12:56.282248+01:00
2072,2017-07-25,False,True,2025-12-07T07:12:56.283646+01:00,2025-12-07T07:12:56.283665+01:00
2073,2017-07-24,False,True,2025-12-07T07:12:56.284994+01:00,2025-12-07T07:12:56.285034+01:00
2074,2017-07-21,True,True,2025-12-07T07:12:56.286434+01:00,2026-01-07T13:31:22.545083+01:00
2075,2017-07-20,False,True,2025-12-07T07:12:56.287926+01:00,2025-12-07T07:12:56.287946+01:00
2076,2017-07-19,False,True,2025-12-07T07:12:56.289350+01:00,2025-12-07T07:12:56.289369+01:00
2077,2017-07-18,False,True,2025-12-07T07:12:56.290704+01:00,2025-12-07T07:12:56.290726+01:00
2078,2017-07-17,False,True,2025-12-07T07:12:56.292218+01:00,2025-12-07T07:12:56.292238+01:00
2079,2017-07-14,True,True,2025-12-07T07:12:56.293704+01:00,2026-01-07T13:31:25.470047+01:00
2080,2017-07-13,False,True,2025-12-07T07:12:56.295231+01:00,2025-12-07T07:12:56.295250+01:00
2081,2017-07-12,False,True,2025-12-07T07:12:56.296691+01:00,2025-12-07T07:12:56.296717+01:00
2082,2017-07-11,False,True,2025-12-07T07:12:56.298248+01:00,2025-12-07T07:12:56.298268+01:00
2083,2017-07-10,False,True,2025-12-07T07:12:56.299613+01:00,2025-12-07T07:12:56.299653+01:00
2084,2017-07-07,True,True,2025-12-07T07:12:56.300983+01:00,2026-01-07T13:31:28.473950+01:00
2085,2017-07-06,False,True,2025-12-07T07:12:56.302446+01:00,2025-12-07T07:12:56.302465+01:00
2086,2017-07-05,False,True,2025-12-07T07:12:56.303867+01:00,2025-12-07T07:12:56.303886+01:00
2087,2017-07-04,False,True,2025-12-07T07:12:56.305199+01:00,2025-12-07T07:12:56.305218+01:00
2088,2017-07-03,False,True,2025-12-07T07:12:56.306565+01:00,2025-12-07T07:12:56.306603+01:00
2090,2017-06-29,False,True,2025-12-07T07:12:56.309420+01:00,2025-12-07T07:12:56.309438+01:00
2091,2017-06-28,False,True,2025-12-07T07:12:56.310769+01:00,2025-12-07T07:12:56.310807+01:00
2092,2017-06-23,True,True,2025-12-07T07:12:56.312206+01:00,2026-01-07T13:31:33.215472+01:00
2093,2017-06-22,False,True,2025-12-07T07:12:56.313655+01:00,2025-12-07T07:12:56.313675+01:00
2094,2017-06-21,False,True,2025-12-07T07:12:56.315112+01:00,2025-12-07T07:12:56.315133+01:00
2095,2017-06-20,False,True,2025-12-07T07:12:56.316522+01:00,2025-12-07T07:12:56.316541+01:00
2096,2017-06-19,False,True,2025-12-07T07:12:56.317948+01:00,2025-12-07T07:12:56.317968+01:00
2097,2017-06-16,True,True,2025-12-07T07:12:56.319369+01:00,2026-01-07T13:31:36.117647+01:00
2098,2017-06-15,False,True,2025-12-07T07:12:56.320833+01:00,2025-12-07T07:12:56.320852+01:00
2099,2017-06-14,False,True,2025-12-07T07:12:56.322273+01:00,2025-12-07T07:12:56.322293+01:00
2100,2017-06-13,False,True,2025-12-07T07:12:56.323677+01:00,2025-12-07T07:12:56.323700+01:00
2101,2017-06-12,False,True,2025-12-07T07:12:56.325072+01:00,2025-12-07T07:12:56.325093+01:00
2102,2017-06-09,True,True,2025-12-07T07:12:56.326478+01:00,2026-01-07T13:31:39.002200+01:00
2103,2017-06-08,False,True,2025-12-07T07:12:56.328048+01:00,2025-12-07T07:12:56.328068+01:00
2104,2017-06-07,False,True,2025-12-07T07:12:56.329809+01:00,2025-12-07T07:12:56.329828+01:00
2105,2017-06-06,False,True,2025-12-07T07:12:56.331298+01:00,2025-12-07T07:12:56.331316+01:00
2106,2017-06-05,False,True,2025-12-07T07:12:56.332638+01:00,2025-12-07T07:12:56.332676+01:00
2107,2017-06-02,True,True,2025-12-07T07:12:56.334124+01:00,2026-01-07T13:31:42.023168+01:00
2108,2017-06-01,False,True,2025-12-07T07:12:56.335594+01:00,2025-12-07T07:12:56.335613+01:00
2109,2017-05-31,False,True,2025-12-07T07:12:56.337024+01:00,2025-12-07T07:12:56.337042+01:00
2110,2017-05-30,False,True,2025-12-07T07:12:56.338489+01:00,2025-12-07T07:12:56.338507+01:00
2111,2017-05-29,False,True,2025-12-07T07:12:56.339932+01:00,2025-12-07T07:12:56.339950+01:00
2112,2017-05-26,True,True,2025-12-07T07:12:56.341259+01:00,2026-01-07T13:06:41.361097+01:00
2113,2017-05-25,False,True,2025-12-07T07:12:56.342691+01:00,2025-12-07T07:12:56.342710+01:00
2114,2017-05-24,False,True,2025-12-07T07:12:56.344016+01:00,2025-12-07T07:12:56.344034+01:00
2115,2017-05-23,False,True,2025-12-07T07:12:56.345376+01:00,2025-12-07T07:12:56.345413+01:00
2116,2017-05-22,False,True,2025-12-07T07:12:56.346738+01:00,2025-12-07T07:12:56.346757+01:00
2117,2017-05-19,True,True,2025-12-07T07:12:56.348114+01:00,2026-01-07T13:31:47.352162+01:00
2118,2017-05-18,False,True,2025-12-07T07:12:56.349463+01:00,2025-12-07T07:12:56.349482+01:00
2119,2017-05-17,False,True,2025-12-07T07:12:56.350920+01:00,2025-12-07T07:12:56.350939+01:00
2120,2017-05-16,False,True,2025-12-07T07:12:56.352370+01:00,2025-12-07T07:12:56.352389+01:00
2121,2017-05-15,False,True,2025-12-07T07:12:56.353746+01:00,2025-12-07T07:12:56.353765+01:00
2122,2017-05-12,True,True,2025-12-07T07:12:56.355070+01:00,2026-01-07T13:31:50.202342+01:00
2123,2017-05-11,False,True,2025-12-07T07:12:56.356545+01:00,2025-12-07T07:12:56.356563+01:00
2124,2017-05-10,False,True,2025-12-07T07:12:56.358023+01:00,2025-12-07T07:12:56.358042+01:00
2125,2017-05-09,False,True,2025-12-07T07:12:56.359477+01:00,2025-12-07T07:12:56.359496+01:00
2126,2017-05-08,False,True,2025-12-07T07:12:56.360927+01:00,2025-12-07T07:12:56.360948+01:00
2127,2017-05-05,True,True,2025-12-07T07:12:56.363054+01:00,2026-01-07T13:31:53.121234+01:00
2128,2017-05-04,False,True,2025-12-07T07:12:56.364455+01:00,2025-12-07T07:12:56.364475+01:00
2129,2017-05-03,False,True,2025-12-07T07:12:56.365802+01:00,2025-12-07T07:12:56.365839+01:00
2130,2017-05-02,False,True,2025-12-07T07:12:56.367198+01:00,2025-12-07T07:12:56.367223+01:00
2131,2017-04-28,True,True,2025-12-07T07:12:56.368556+01:00,2026-01-07T13:31:55.444535+01:00
2132,2017-04-27,False,True,2025-12-07T07:12:56.369930+01:00,2025-12-07T07:12:56.369968+01:00
2133,2017-04-26,False,True,2025-12-07T07:12:56.371409+01:00,2025-12-07T07:12:56.371427+01:00
2134,2017-04-25,False,True,2025-12-07T07:12:56.372764+01:00,2025-12-07T07:12:56.372802+01:00
2135,2017-04-24,False,True,2025-12-07T07:12:56.374131+01:00,2025-12-07T07:12:56.374168+01:00
2136,2017-04-21,True,True,2025-12-07T07:12:56.375490+01:00,2026-01-07T13:31:58.520748+01:00
2137,2017-04-20,False,True,2025-12-07T07:12:56.376865+01:00,2025-12-07T07:12:56.376904+01:00
2138,2017-04-19,False,True,2025-12-07T07:12:56.378322+01:00,2025-12-07T07:12:56.378342+01:00
2139,2017-04-18,False,True,2025-12-07T07:12:56.379717+01:00,2025-12-07T07:12:56.379740+01:00
2140,2017-04-17,False,True,2025-12-07T07:12:56.381193+01:00,2025-12-07T07:12:56.381211+01:00
2141,2017-04-14,True,True,2025-12-07T07:12:56.382537+01:00,2026-01-07T13:32:01.445514+01:00
2142,2017-04-13,False,True,2025-12-07T07:12:56.384167+01:00,2025-12-07T07:12:56.384185+01:00
2143,2017-04-12,False,True,2025-12-07T07:12:56.385613+01:00,2025-12-07T07:12:56.385633+01:00
2144,2017-04-11,False,True,2025-12-07T07:12:56.387020+01:00,2025-12-07T07:12:56.387042+01:00
2145,2017-04-10,False,True,2025-12-07T07:12:56.388373+01:00,2025-12-07T07:12:56.388412+01:00
2146,2017-04-07,True,True,2025-12-07T07:12:56.389739+01:00,2026-01-07T13:32:04.275133+01:00
2147,2017-04-06,False,True,2025-12-07T07:12:56.391285+01:00,2025-12-07T07:12:56.391305+01:00
2148,2017-04-05,False,True,2025-12-07T07:12:56.392835+01:00,2025-12-07T07:12:56.392854+01:00
2149,2017-04-04,False,True,2025-12-07T07:12:56.394300+01:00,2025-12-07T07:12:56.394319+01:00
2150,2017-04-03,False,True,2025-12-07T07:12:56.395768+01:00,2025-12-07T07:12:56.395789+01:00
2151,2017-03-31,True,True,2025-12-07T07:12:56.397264+01:00,2026-01-07T13:32:07.309114+01:00
2152,2017-03-30,False,True,2025-12-07T07:12:56.398676+01:00,2025-12-07T07:12:56.398700+01:00
2153,2017-03-29,False,True,2025-12-07T07:12:56.400058+01:00,2025-12-07T07:12:56.400076+01:00
2154,2017-03-28,False,True,2025-12-07T07:12:56.401457+01:00,2025-12-07T07:12:56.401476+01:00
2155,2017-03-27,False,True,2025-12-07T07:12:56.402881+01:00,2025-12-07T07:12:56.402901+01:00
2156,2017-03-24,True,True,2025-12-07T07:12:56.404255+01:00,2026-01-07T13:32:10.243192+01:00
2157,2017-03-23,False,True,2025-12-07T07:12:56.405608+01:00,2025-12-07T07:12:56.405627+01:00
2158,2017-03-22,False,True,2025-12-07T07:12:56.407126+01:00,2025-12-07T07:12:56.407144+01:00
2159,2017-03-21,False,True,2025-12-07T07:12:56.408497+01:00,2025-12-07T07:12:56.408516+01:00
2160,2017-03-20,False,True,2025-12-07T07:12:56.409851+01:00,2025-12-07T07:12:56.409869+01:00
2161,2017-03-17,True,True,2025-12-07T07:12:56.411200+01:00,2026-01-07T13:32:13.162298+01:00
2162,2017-03-16,False,True,2025-12-07T07:12:56.412602+01:00,2025-12-07T07:12:56.412622+01:00
2163,2017-03-15,False,True,2025-12-07T07:12:56.413977+01:00,2025-12-07T07:12:56.413996+01:00
2164,2017-03-14,False,True,2025-12-07T07:12:56.415339+01:00,2025-12-07T07:12:56.415357+01:00
2165,2017-03-13,False,True,2025-12-07T07:12:56.416692+01:00,2025-12-07T07:12:56.416711+01:00
2166,2017-03-10,True,True,2025-12-07T07:12:56.418127+01:00,2026-01-07T13:32:16.212892+01:00
2167,2017-03-09,False,True,2025-12-07T07:12:56.419463+01:00,2025-12-07T07:12:56.419482+01:00
2168,2017-03-08,False,True,2025-12-07T07:12:56.420835+01:00,2025-12-07T07:12:56.420854+01:00
2169,2017-03-07,False,True,2025-12-07T07:12:56.422253+01:00,2025-12-07T07:12:56.422273+01:00
2170,2017-03-06,False,True,2025-12-07T07:12:56.423629+01:00,2025-12-07T07:12:56.423647+01:00
2171,2017-03-03,True,True,2025-12-07T07:12:56.424990+01:00,2026-01-07T13:32:19.172372+01:00
2172,2017-03-02,False,True,2025-12-07T07:12:56.426367+01:00,2025-12-07T07:12:56.426385+01:00
2173,2017-03-01,False,True,2025-12-07T07:12:56.427760+01:00,2025-12-07T07:12:56.427778+01:00
2174,2017-02-28,False,True,2025-12-07T07:12:56.429107+01:00,2025-12-07T07:12:56.429125+01:00
2175,2017-02-27,False,True,2025-12-07T07:12:56.430464+01:00,2025-12-07T07:12:56.430483+01:00
2176,2017-02-24,True,True,2025-12-07T07:12:56.431960+01:00,2026-01-07T13:32:23.257457+01:00
2177,2017-02-23,False,True,2025-12-07T07:12:56.433324+01:00,2025-12-07T07:12:56.433342+01:00
2178,2017-02-22,False,True,2025-12-07T07:12:56.434709+01:00,2025-12-07T07:12:56.434732+01:00
2179,2017-02-21,False,True,2025-12-07T07:12:56.436054+01:00,2025-12-07T07:12:56.436073+01:00
2180,2017-02-20,False,True,2025-12-07T07:12:56.437385+01:00,2025-12-07T07:12:56.437403+01:00
2181,2017-02-17,True,True,2025-12-07T07:12:56.438777+01:00,2026-01-07T13:32:28.353495+01:00
2182,2017-02-16,False,True,2025-12-07T07:12:56.440147+01:00,2025-12-07T07:12:56.440166+01:00
2183,2017-02-15,False,True,2025-12-07T07:12:56.441483+01:00,2025-12-07T07:12:56.441501+01:00
2184,2017-02-14,False,True,2025-12-07T07:12:56.442829+01:00,2025-12-07T07:12:56.442847+01:00
2185,2017-02-13,False,True,2025-12-07T07:12:56.444182+01:00,2025-12-07T07:12:56.444201+01:00
2186,2017-02-10,True,True,2025-12-07T07:12:56.445521+01:00,2026-01-07T13:32:31.188625+01:00
2187,2017-02-09,False,True,2025-12-07T07:12:56.446864+01:00,2025-12-07T07:12:56.446883+01:00
2188,2017-02-08,False,True,2025-12-07T07:12:56.448247+01:00,2025-12-07T07:12:56.448266+01:00
2189,2017-02-07,False,True,2025-12-07T07:12:56.449584+01:00,2025-12-07T07:12:56.449603+01:00
2190,2017-02-06,False,True,2025-12-07T07:12:56.450968+01:00,2025-12-07T07:12:56.450986+01:00
2191,2017-02-03,True,True,2025-12-07T07:12:56.452372+01:00,2026-01-07T13:32:34.772846+01:00
2192,2017-02-02,False,True,2025-12-07T07:12:56.453774+01:00,2025-12-07T07:12:56.453793+01:00
2193,2017-02-01,False,True,2025-12-07T07:12:56.455233+01:00,2025-12-07T07:12:56.455252+01:00
2194,2017-01-31,False,True,2025-12-07T07:12:56.456554+01:00,2025-12-07T07:12:56.456572+01:00
2195,2017-01-30,False,True,2025-12-07T07:12:56.457915+01:00,2025-12-07T07:12:56.457934+01:00
2196,2017-01-27,True,True,2025-12-07T07:12:56.459257+01:00,2026-01-07T13:32:37.735997+01:00
2197,2017-01-26,False,True,2025-12-07T07:12:56.460608+01:00,2025-12-07T07:12:56.460626+01:00
2198,2017-01-25,False,True,2025-12-07T07:12:56.461985+01:00,2025-12-07T07:12:56.462005+01:00
2199,2017-01-24,False,True,2025-12-07T07:12:56.463345+01:00,2025-12-07T07:12:56.463363+01:00
2200,2017-01-23,False,True,2025-12-07T07:12:56.464669+01:00,2025-12-07T07:12:56.464713+01:00
2201,2017-01-20,True,True,2025-12-07T07:12:56.466036+01:00,2026-01-07T13:32:40.634847+01:00
2202,2017-01-19,False,True,2025-12-07T07:12:56.467395+01:00,2025-12-07T07:12:56.467414+01:00
2203,2017-01-18,False,True,2025-12-07T07:12:56.468743+01:00,2025-12-07T07:12:56.468762+01:00
2204,2017-01-17,False,True,2025-12-07T07:12:56.470117+01:00,2025-12-07T07:12:56.470135+01:00
2205,2017-01-16,False,True,2025-12-07T07:12:56.471450+01:00,2025-12-07T07:12:56.471468+01:00
2206,2017-01-13,True,True,2025-12-07T07:12:56.472923+01:00,2026-01-07T13:32:43.534687+01:00
2207,2017-01-12,False,True,2025-12-07T07:12:56.474280+01:00,2025-12-07T07:12:56.474298+01:00
2208,2017-01-10,False,True,2025-12-07T07:12:56.475619+01:00,2025-12-07T07:12:56.475638+01:00
2209,2017-01-09,False,True,2025-12-07T07:12:56.477025+01:00,2025-12-07T07:12:56.477044+01:00
2210,2017-01-06,True,True,2025-12-07T07:12:56.478470+01:00,2026-01-07T13:32:45.802978+01:00
2211,2017-01-05,False,True,2025-12-07T07:12:56.479831+01:00,2025-12-07T07:12:56.479850+01:00
2212,2017-01-04,False,True,2025-12-07T07:12:56.481175+01:00,2025-12-07T07:12:56.481194+01:00
2213,2017-01-03,False,True,2025-12-07T07:12:56.482499+01:00,2025-12-07T07:12:56.482517+01:00
2214,2017-01-02,False,True,2025-12-07T07:12:56.483854+01:00,2025-12-07T07:12:56.483872+01:00
2215,2016-12-30,True,True,2025-12-07T07:12:56.485193+01:00,2026-01-07T13:32:48.633492+01:00
2216,2016-12-29,False,True,2025-12-07T07:12:56.486534+01:00,2025-12-07T07:12:56.486553+01:00
2217,2016-12-28,False,True,2025-12-07T07:12:56.487871+01:00,2025-12-07T07:12:56.487889+01:00
2218,2016-12-27,False,True,2025-12-07T07:12:56.489221+01:00,2025-12-07T07:12:56.489239+01:00
2219,2016-12-26,False,True,2025-12-07T07:12:56.490543+01:00,2025-12-07T07:12:56.490561+01:00
2220,2016-12-23,True,True,2025-12-07T07:12:56.492187+01:00,2026-01-07T13:32:51.539120+01:00
2221,2016-12-22,False,True,2025-12-07T07:12:56.493554+01:00,2025-12-07T07:12:56.493572+01:00
2222,2016-12-21,False,True,2025-12-07T07:12:56.494897+01:00,2025-12-07T07:12:56.494915+01:00
2223,2016-12-20,False,True,2025-12-07T07:12:56.496310+01:00,2025-12-07T07:12:56.496330+01:00
2224,2016-12-19,False,True,2025-12-07T07:12:56.497731+01:00,2025-12-07T07:12:56.497751+01:00
2225,2016-12-16,True,True,2025-12-07T07:12:56.499094+01:00,2026-01-07T13:32:54.476303+01:00
2226,2016-12-15,False,True,2025-12-07T07:12:56.500421+01:00,2025-12-07T07:12:56.500439+01:00
2227,2016-12-14,False,True,2025-12-07T07:12:56.501818+01:00,2025-12-07T07:12:56.501838+01:00
2229,2016-12-08,False,True,2025-12-07T07:12:56.504517+01:00,2025-12-07T07:12:56.504536+01:00
2230,2016-12-07,False,True,2025-12-07T07:12:56.505872+01:00,2025-12-07T07:12:56.505891+01:00
2231,2016-12-06,False,True,2025-12-07T07:12:56.507201+01:00,2025-12-07T07:12:56.507219+01:00
2232,2016-12-05,False,True,2025-12-07T07:12:56.508596+01:00,2025-12-07T07:12:56.508615+01:00
2233,2016-12-02,True,True,2025-12-07T07:12:56.509951+01:00,2026-01-07T13:33:00.256177+01:00
2234,2016-12-01,False,True,2025-12-07T07:12:56.511300+01:00,2025-12-07T07:12:56.511319+01:00
2235,2016-11-30,False,True,2025-12-07T07:12:56.512781+01:00,2025-12-07T07:12:56.512801+01:00
2236,2016-11-29,False,True,2025-12-07T07:12:56.514238+01:00,2025-12-07T07:12:56.514258+01:00
2237,2016-11-28,False,True,2025-12-07T07:12:56.515610+01:00,2025-12-07T07:12:56.515629+01:00
2238,2016-11-25,True,True,2025-12-07T07:12:56.517003+01:00,2026-01-07T13:33:03.310745+01:00
2239,2016-11-24,False,True,2025-12-07T07:12:56.518486+01:00,2025-12-07T07:12:56.518504+01:00
2240,2016-11-23,False,True,2025-12-07T07:12:56.519827+01:00,2025-12-07T07:12:56.519845+01:00
2241,2016-11-22,False,True,2025-12-07T07:12:56.521291+01:00,2025-12-07T07:12:56.521310+01:00
2243,2016-11-17,False,True,2025-12-07T07:12:56.524103+01:00,2025-12-07T07:12:56.524121+01:00
2244,2016-11-16,False,True,2025-12-07T07:12:56.525538+01:00,2025-12-07T07:12:56.525557+01:00
2245,2016-11-15,False,True,2025-12-07T07:12:56.526936+01:00,2025-12-07T07:12:56.526954+01:00
2246,2016-11-14,False,True,2025-12-07T07:12:56.528309+01:00,2025-12-07T07:12:56.528327+01:00
2248,2016-11-10,False,True,2025-12-07T07:12:56.531000+01:00,2025-12-07T07:12:56.531019+01:00
2249,2016-11-09,False,True,2025-12-07T07:12:56.532394+01:00,2025-12-07T07:12:56.532413+01:00
2250,2016-11-08,False,True,2025-12-07T07:12:56.533735+01:00,2025-12-07T07:12:56.533771+01:00
2251,2016-11-07,False,True,2025-12-07T07:12:56.535223+01:00,2025-12-07T07:12:56.535241+01:00
2252,2016-11-04,True,True,2025-12-07T07:12:56.536554+01:00,2026-01-07T13:33:11.697042+01:00
2253,2016-11-03,False,True,2025-12-07T07:12:56.537924+01:00,2025-12-07T07:12:56.537942+01:00
2254,2016-11-02,False,True,2025-12-07T07:12:56.539258+01:00,2025-12-07T07:12:56.539276+01:00
2255,2016-11-01,False,True,2025-12-07T07:12:56.540633+01:00,2025-12-07T07:12:56.540651+01:00
2256,2016-10-31,False,True,2025-12-07T07:12:56.541991+01:00,2025-12-07T07:12:56.542009+01:00
2257,2016-10-28,True,True,2025-12-07T07:12:56.543346+01:00,2026-01-07T13:33:14.539069+01:00
2258,2016-10-27,False,True,2025-12-07T07:12:56.544664+01:00,2025-12-07T07:12:56.544689+01:00
2259,2016-10-26,False,True,2025-12-07T07:12:56.546067+01:00,2025-12-07T07:12:56.546085+01:00
2260,2016-10-25,False,True,2025-12-07T07:12:56.547389+01:00,2025-12-07T07:12:56.547408+01:00
2261,2016-10-24,False,True,2025-12-07T07:12:56.548741+01:00,2025-12-07T07:12:56.548760+01:00
2262,2016-10-21,True,True,2025-12-07T07:12:56.550083+01:00,2026-01-07T13:33:17.491131+01:00
2263,2016-10-20,False,True,2025-12-07T07:12:56.551440+01:00,2025-12-07T07:12:56.551458+01:00
2264,2016-10-19,False,True,2025-12-07T07:12:56.552782+01:00,2025-12-07T07:12:56.552801+01:00
2265,2016-10-18,False,True,2025-12-07T07:12:56.554220+01:00,2025-12-07T07:12:56.554239+01:00
2266,2016-10-17,False,True,2025-12-07T07:12:56.555612+01:00,2025-12-07T07:12:56.555630+01:00
2267,2016-10-14,True,True,2025-12-07T07:12:56.557133+01:00,2026-01-07T13:33:20.489193+01:00
2268,2016-10-13,False,True,2025-12-07T07:12:56.558477+01:00,2025-12-07T07:12:56.558496+01:00
2269,2016-10-12,False,True,2025-12-07T07:12:56.559843+01:00,2025-12-07T07:12:56.559862+01:00
2270,2016-10-11,False,True,2025-12-07T07:12:56.561266+01:00,2025-12-07T07:12:56.561286+01:00
2271,2016-10-10,False,True,2025-12-07T07:12:56.562672+01:00,2025-12-07T07:12:56.562698+01:00
2272,2016-10-07,True,True,2025-12-07T07:12:56.564020+01:00,2026-01-07T13:33:23.368804+01:00
2273,2016-10-06,False,True,2025-12-07T07:12:56.565365+01:00,2025-12-07T07:12:56.565383+01:00
2274,2016-10-05,False,True,2025-12-07T07:12:56.566756+01:00,2025-12-07T07:12:56.566774+01:00
2275,2016-10-04,False,True,2025-12-07T07:12:56.568219+01:00,2025-12-07T07:12:56.568238+01:00
2276,2016-09-30,True,True,2025-12-07T07:12:56.569568+01:00,2026-01-07T13:33:25.656183+01:00
2277,2016-09-29,False,True,2025-12-07T07:12:56.570933+01:00,2025-12-07T07:12:56.570952+01:00
2278,2016-09-28,False,True,2025-12-07T07:12:56.572311+01:00,2025-12-07T07:12:56.572330+01:00
2279,2016-09-27,False,True,2025-12-07T07:12:56.574478+01:00,2025-12-07T07:12:56.574496+01:00
2280,2016-09-26,False,True,2025-12-07T07:12:56.575889+01:00,2025-12-07T07:12:56.575907+01:00
2281,2016-09-23,True,True,2025-12-07T07:12:56.577227+01:00,2026-01-07T13:33:28.619964+01:00
2282,2016-09-22,False,True,2025-12-07T07:12:56.578697+01:00,2025-12-07T07:12:56.578718+01:00
2283,2016-09-21,False,True,2025-12-07T07:12:56.580108+01:00,2025-12-07T07:12:56.580126+01:00
2284,2016-09-20,False,True,2025-12-07T07:12:56.581466+01:00,2025-12-07T07:12:56.581484+01:00
2285,2016-09-19,False,True,2025-12-07T07:12:56.582918+01:00,2025-12-07T07:12:56.582938+01:00
2286,2016-09-16,True,True,2025-12-07T07:12:56.584342+01:00,2026-01-07T13:33:31.626124+01:00
2287,2016-09-15,False,True,2025-12-07T07:12:56.585807+01:00,2025-12-07T07:12:56.585827+01:00
2288,2016-09-14,False,True,2025-12-07T07:12:56.587225+01:00,2025-12-07T07:12:56.587245+01:00
2289,2016-09-09,True,True,2025-12-07T07:12:56.588648+01:00,2026-01-07T13:33:33.276836+01:00
2290,2016-09-08,False,True,2025-12-07T07:12:56.590082+01:00,2025-12-07T07:12:56.590101+01:00
2291,2016-09-07,False,True,2025-12-07T07:12:56.591495+01:00,2025-12-07T07:12:56.591514+01:00
2292,2016-09-06,False,True,2025-12-07T07:12:56.592937+01:00,2025-12-07T07:12:56.592958+01:00
2293,2016-09-05,False,True,2025-12-07T07:12:56.594431+01:00,2025-12-07T07:12:56.594451+01:00
2294,2016-09-02,True,True,2025-12-07T07:12:56.596494+01:00,2026-01-07T13:05:29.648501+01:00
2295,2016-09-01,False,True,2025-12-07T07:12:56.597947+01:00,2025-12-07T07:12:56.597967+01:00
2296,2016-08-31,False,True,2025-12-07T07:12:56.599393+01:00,2025-12-07T07:12:56.599413+01:00
2297,2016-08-30,False,True,2025-12-07T07:12:56.600849+01:00,2025-12-07T07:12:56.600869+01:00
2298,2016-08-29,False,True,2025-12-07T07:12:56.602228+01:00,2025-12-07T07:12:56.602246+01:00
2299,2016-08-26,True,True,2025-12-07T07:12:56.603598+01:00,2026-01-07T13:33:38.826839+01:00
2300,2016-08-25,False,True,2025-12-07T07:12:56.604984+01:00,2025-12-07T07:12:56.605002+01:00
2301,2016-08-24,False,True,2025-12-07T07:12:56.606407+01:00,2025-12-07T07:12:56.606426+01:00
2302,2016-08-23,False,True,2025-12-07T07:12:56.607770+01:00,2025-12-07T07:12:56.607789+01:00
2303,2016-08-22,False,True,2025-12-07T07:12:56.609211+01:00,2025-12-07T07:12:56.609231+01:00
2304,2016-08-19,True,True,2025-12-07T07:12:56.610563+01:00,2026-01-07T13:33:41.830877+01:00
2305,2016-08-18,False,True,2025-12-07T07:12:56.611934+01:00,2025-12-07T07:12:56.611953+01:00
2306,2016-08-17,False,True,2025-12-07T07:12:56.613383+01:00,2025-12-07T07:12:56.613403+01:00
2307,2016-08-16,False,True,2025-12-07T07:12:56.614804+01:00,2025-12-07T07:12:56.614823+01:00
2308,2016-08-15,False,True,2025-12-07T07:12:56.616254+01:00,2025-12-07T07:12:56.616272+01:00
2309,2016-08-12,True,True,2025-12-07T07:12:56.617633+01:00,2026-01-07T13:33:44.727661+01:00
2310,2016-08-11,False,True,2025-12-07T07:12:56.619085+01:00,2025-12-07T07:12:56.619103+01:00
2311,2016-08-10,False,True,2025-12-07T07:12:56.620547+01:00,2025-12-07T07:12:56.620567+01:00
2312,2016-08-09,False,True,2025-12-07T07:12:56.621916+01:00,2025-12-07T07:12:56.621934+01:00
2313,2016-08-08,False,True,2025-12-07T07:12:56.623436+01:00,2025-12-07T07:12:56.623457+01:00
2314,2016-08-05,True,True,2025-12-07T07:12:56.624882+01:00,2026-01-07T13:33:47.531859+01:00
2315,2016-08-04,False,True,2025-12-07T07:12:56.626431+01:00,2025-12-07T07:12:56.626451+01:00
2316,2016-08-03,False,True,2025-12-07T07:12:56.627885+01:00,2025-12-07T07:12:56.627924+01:00
2317,2016-08-02,False,True,2025-12-07T07:12:56.629396+01:00,2025-12-07T07:12:56.629417+01:00
2318,2016-08-01,False,True,2025-12-07T07:12:56.630887+01:00,2025-12-07T07:12:56.630909+01:00
2319,2016-07-29,True,True,2025-12-07T07:12:56.632336+01:00,2026-01-07T13:33:50.597800+01:00
2320,2016-07-28,False,True,2025-12-07T07:12:56.633732+01:00,2025-12-07T07:12:56.633751+01:00
2321,2016-07-27,False,True,2025-12-07T07:12:56.635123+01:00,2025-12-07T07:12:56.635144+01:00
2322,2016-07-26,False,True,2025-12-07T07:12:56.636599+01:00,2025-12-07T07:12:56.636634+01:00
2323,2016-07-25,False,True,2025-12-07T07:12:56.638004+01:00,2025-12-07T07:12:56.638027+01:00
2324,2016-07-22,True,True,2025-12-07T07:12:56.639412+01:00,2026-01-07T13:33:53.754240+01:00
2325,2016-07-21,False,True,2025-12-07T07:12:56.640831+01:00,2025-12-07T07:12:56.640850+01:00
2326,2016-07-20,False,True,2025-12-07T07:12:56.642250+01:00,2025-12-07T07:12:56.642270+01:00
2327,2016-07-19,False,True,2025-12-07T07:12:56.643656+01:00,2025-12-07T07:12:56.643678+01:00
2328,2016-07-18,False,True,2025-12-07T07:12:56.645182+01:00,2025-12-07T07:12:56.645201+01:00
2329,2016-07-15,True,True,2025-12-07T07:12:56.646577+01:00,2026-01-07T13:33:56.636906+01:00
2330,2016-07-14,False,True,2025-12-07T07:12:56.647980+01:00,2025-12-07T07:12:56.648000+01:00
2331,2016-07-13,False,True,2025-12-07T07:12:56.649396+01:00,2025-12-07T07:12:56.649414+01:00
2332,2016-07-12,False,True,2025-12-07T07:12:56.650858+01:00,2025-12-07T07:12:56.650877+01:00
2333,2016-07-11,True,True,2025-12-07T07:12:56.652211+01:00,2026-01-07T13:33:58.976859+01:00
2334,2016-07-05,False,True,2025-12-07T07:12:56.653589+01:00,2025-12-07T07:12:56.653628+01:00
2335,2016-07-04,False,True,2025-12-07T07:12:56.655048+01:00,2025-12-07T07:12:56.655066+01:00
2336,2016-07-01,True,True,2025-12-07T07:12:56.656506+01:00,2026-01-07T13:34:00.633599+01:00
2337,2016-06-30,False,True,2025-12-07T07:12:56.657981+01:00,2025-12-07T07:12:56.658014+01:00
2338,2016-06-29,False,True,2025-12-07T07:12:56.659513+01:00,2025-12-07T07:12:56.659534+01:00
2339,2016-06-28,False,True,2025-12-07T07:12:56.660978+01:00,2025-12-07T07:12:56.661014+01:00
2340,2016-06-27,False,True,2025-12-07T07:12:56.662490+01:00,2025-12-07T07:12:56.662529+01:00
2341,2016-06-24,True,True,2025-12-07T07:12:56.663938+01:00,2026-01-07T13:05:34.965335+01:00
2342,2016-06-23,False,True,2025-12-07T07:12:56.665341+01:00,2025-12-07T07:12:56.665361+01:00
2343,2016-06-22,False,True,2025-12-07T07:12:56.667020+01:00,2025-12-07T07:12:56.667040+01:00
2344,2016-06-21,False,True,2025-12-07T07:12:56.668670+01:00,2025-12-07T07:12:56.668697+01:00
2345,2016-06-20,False,True,2025-12-07T07:12:56.670077+01:00,2025-12-07T07:12:56.670096+01:00
2346,2016-06-17,True,True,2025-12-07T07:12:56.671559+01:00,2026-01-07T13:34:05.937361+01:00
2347,2016-06-16,False,True,2025-12-07T07:12:56.673068+01:00,2025-12-07T07:12:56.673088+01:00
2348,2016-06-15,False,True,2025-12-07T07:12:56.674471+01:00,2025-12-07T07:12:56.674490+01:00
2349,2016-06-14,False,True,2025-12-07T07:12:56.675887+01:00,2025-12-07T07:12:56.675906+01:00
2350,2016-06-13,False,True,2025-12-07T07:12:56.677315+01:00,2025-12-07T07:12:56.677334+01:00
2351,2016-06-10,True,True,2025-12-07T07:12:56.678805+01:00,2026-01-07T13:34:08.930650+01:00
2352,2016-06-09,False,True,2025-12-07T07:12:56.680212+01:00,2025-12-07T07:12:56.680231+01:00
2353,2016-06-08,False,True,2025-12-07T07:12:56.681614+01:00,2025-12-07T07:12:56.681633+01:00
2354,2016-06-07,False,True,2025-12-07T07:12:56.683075+01:00,2025-12-07T07:12:56.683112+01:00
2355,2016-06-06,False,True,2025-12-07T07:12:56.684508+01:00,2025-12-07T07:12:56.684529+01:00
2356,2016-06-03,True,True,2025-12-07T07:12:56.685910+01:00,2026-01-07T13:34:11.746468+01:00
2357,2016-06-02,False,True,2025-12-07T07:12:56.687422+01:00,2025-12-07T07:12:56.687440+01:00
2358,2016-06-01,False,True,2025-12-07T07:12:56.688922+01:00,2025-12-07T07:12:56.688941+01:00
2359,2016-05-31,False,True,2025-12-07T07:12:56.690418+01:00,2025-12-07T07:12:56.690455+01:00
2360,2016-05-30,False,True,2025-12-07T07:12:56.691995+01:00,2025-12-07T07:12:56.692016+01:00
2361,2016-05-27,True,True,2025-12-07T07:12:56.693454+01:00,2026-01-07T13:34:14.691019+01:00
2362,2016-05-26,False,True,2025-12-07T07:12:56.694958+01:00,2025-12-07T07:12:56.694996+01:00
2363,2016-05-25,False,True,2025-12-07T07:12:56.696450+01:00,2025-12-07T07:12:56.696474+01:00
2364,2016-05-24,False,True,2025-12-07T07:12:56.697984+01:00,2025-12-07T07:12:56.698004+01:00
2365,2016-05-23,False,True,2025-12-07T07:12:56.699389+01:00,2025-12-07T07:12:56.699409+01:00
2366,2016-05-20,True,True,2025-12-07T07:12:56.700900+01:00,2026-01-07T13:34:17.620408+01:00
2367,2016-05-19,False,True,2025-12-07T07:12:56.702407+01:00,2025-12-07T07:12:56.702426+01:00
2368,2016-05-18,False,True,2025-12-07T07:12:56.703791+01:00,2025-12-07T07:12:56.703810+01:00
2369,2016-05-17,False,True,2025-12-07T07:12:56.705189+01:00,2025-12-07T07:12:56.705209+01:00
2370,2016-05-16,False,True,2025-12-07T07:12:56.706607+01:00,2025-12-07T07:12:56.706626+01:00
2372,2016-05-12,False,True,2025-12-07T07:12:56.709485+01:00,2025-12-07T07:12:56.709504+01:00
2373,2016-05-11,False,True,2025-12-07T07:12:56.710897+01:00,2025-12-07T07:12:56.710916+01:00
2374,2016-05-10,False,True,2025-12-07T07:12:56.712358+01:00,2025-12-07T07:12:56.712376+01:00
2375,2016-05-09,False,True,2025-12-07T07:12:56.713812+01:00,2025-12-07T07:12:56.713848+01:00
2376,2016-05-06,True,True,2025-12-07T07:12:56.715445+01:00,2026-01-07T13:34:23.587062+01:00
2377,2016-05-05,False,True,2025-12-07T07:12:56.716886+01:00,2025-12-07T07:12:56.716905+01:00
2378,2016-05-04,False,True,2025-12-07T07:12:56.718244+01:00,2025-12-07T07:12:56.718283+01:00
2379,2016-05-03,False,True,2025-12-07T07:12:56.719746+01:00,2025-12-07T07:12:56.719780+01:00
2380,2016-05-02,False,True,2025-12-07T07:12:56.721248+01:00,2025-12-07T07:12:56.721268+01:00
2381,2016-04-29,True,True,2025-12-07T07:12:56.722761+01:00,2026-01-07T13:34:26.457908+01:00
2382,2016-04-28,False,True,2025-12-07T07:12:56.724431+01:00,2025-12-07T07:12:56.724449+01:00
2383,2016-04-27,False,True,2025-12-07T07:12:56.726092+01:00,2025-12-07T07:12:56.726112+01:00
2384,2016-04-26,False,True,2025-12-07T07:12:56.727862+01:00,2025-12-07T07:12:56.727882+01:00
2385,2016-04-25,False,True,2025-12-07T07:12:56.729565+01:00,2025-12-07T07:12:56.729583+01:00
2387,2016-04-21,False,True,2025-12-07T07:12:56.732640+01:00,2025-12-07T07:12:56.732659+01:00
2388,2016-04-20,False,True,2025-12-07T07:12:56.734312+01:00,2025-12-07T07:12:56.734331+01:00
2389,2016-04-19,False,True,2025-12-07T07:12:56.735720+01:00,2025-12-07T07:12:56.735744+01:00
2390,2016-04-18,False,True,2025-12-07T07:12:56.737106+01:00,2025-12-07T07:12:56.737124+01:00
2392,2016-04-14,False,True,2025-12-07T07:12:56.740062+01:00,2025-12-07T07:12:56.740081+01:00
2393,2016-04-13,False,True,2025-12-07T07:12:56.741537+01:00,2025-12-07T07:12:56.741557+01:00
2394,2016-04-12,False,True,2025-12-07T07:12:56.743059+01:00,2025-12-07T07:12:56.743077+01:00
2395,2016-04-11,False,True,2025-12-07T07:12:56.744657+01:00,2025-12-07T07:12:56.744677+01:00
2397,2016-04-07,False,True,2025-12-07T07:12:56.747510+01:00,2025-12-07T07:12:56.747528+01:00
2398,2016-04-06,False,True,2025-12-07T07:12:56.748908+01:00,2025-12-07T07:12:56.748926+01:00
2399,2016-04-05,False,True,2025-12-07T07:12:56.750350+01:00,2025-12-07T07:12:56.750368+01:00
2400,2016-04-04,False,True,2025-12-07T07:12:56.751877+01:00,2025-12-07T07:12:56.751897+01:00
2402,2016-03-31,False,True,2025-12-07T07:12:56.754724+01:00,2025-12-07T07:12:56.754743+01:00
2403,2016-03-30,False,True,2025-12-07T07:12:56.756070+01:00,2025-12-07T07:12:56.756088+01:00
2404,2016-03-29,False,True,2025-12-07T07:12:56.757522+01:00,2025-12-07T07:12:56.757541+01:00
2405,2016-03-28,False,True,2025-12-07T07:12:56.759035+01:00,2025-12-07T07:12:56.759055+01:00
2406,2016-03-25,True,True,2025-12-07T07:12:56.760592+01:00,2026-01-07T13:34:41.753523+01:00
2407,2016-03-24,False,True,2025-12-07T07:12:56.762161+01:00,2025-12-07T07:12:56.762179+01:00
2408,2016-03-23,False,True,2025-12-07T07:12:56.763727+01:00,2025-12-07T07:12:56.763745+01:00
2409,2016-03-22,False,True,2025-12-07T07:12:56.765106+01:00,2025-12-07T07:12:56.765125+01:00
2410,2016-03-21,False,True,2025-12-07T07:12:56.766702+01:00,2025-12-07T07:12:56.766721+01:00
2411,2016-03-18,True,True,2025-12-07T07:12:56.768181+01:00,2026-01-07T13:34:45.299984+01:00
2412,2016-03-17,False,True,2025-12-07T07:12:56.769570+01:00,2025-12-07T07:12:56.769591+01:00
2413,2016-03-16,False,True,2025-12-07T07:12:56.771081+01:00,2025-12-07T07:12:56.771100+01:00
2414,2016-03-15,False,True,2025-12-07T07:12:56.772572+01:00,2025-12-07T07:12:56.772591+01:00
2415,2016-03-14,False,True,2025-12-07T07:12:56.774207+01:00,2025-12-07T07:12:56.774226+01:00
2416,2016-03-11,True,True,2025-12-07T07:12:56.775635+01:00,2026-01-07T13:34:48.172849+01:00
2417,2016-03-10,False,True,2025-12-07T07:12:56.777084+01:00,2025-12-07T07:12:56.777104+01:00
2418,2016-03-09,False,True,2025-12-07T07:12:56.778567+01:00,2025-12-07T07:12:56.778586+01:00
2419,2016-03-08,False,True,2025-12-07T07:12:56.780077+01:00,2025-12-07T07:12:56.780096+01:00
2420,2016-03-07,False,True,2025-12-07T07:12:56.781521+01:00,2025-12-07T07:12:56.781540+01:00
2421,2016-03-04,True,True,2025-12-07T07:12:56.782987+01:00,2026-01-07T13:34:51.335524+01:00
2422,2016-03-03,False,True,2025-12-07T07:12:56.784480+01:00,2025-12-07T07:12:56.784518+01:00
2423,2016-03-02,False,True,2025-12-07T07:12:56.785945+01:00,2025-12-07T07:12:56.785965+01:00
2424,2016-03-01,False,True,2025-12-07T07:12:56.787443+01:00,2025-12-07T07:12:56.787462+01:00
2425,2016-02-29,False,True,2025-12-07T07:12:56.789020+01:00,2025-12-07T07:12:56.789039+01:00
2426,2016-02-26,True,True,2025-12-07T07:12:56.790483+01:00,2026-01-07T13:34:54.225613+01:00
2427,2016-02-25,False,True,2025-12-07T07:12:56.791906+01:00,2025-12-07T07:12:56.791924+01:00
2428,2016-02-24,False,True,2025-12-07T07:12:56.793336+01:00,2025-12-07T07:12:56.793355+01:00
2429,2016-02-23,False,True,2025-12-07T07:12:56.794767+01:00,2025-12-07T07:12:56.794785+01:00
2430,2016-02-22,False,True,2025-12-07T07:12:56.796306+01:00,2025-12-07T07:12:56.796325+01:00
2431,2016-02-19,True,True,2025-12-07T07:12:56.797936+01:00,2026-01-07T13:34:57.123855+01:00
2432,2016-02-18,False,True,2025-12-07T07:12:56.800448+01:00,2025-12-07T07:12:56.800467+01:00
2433,2016-02-17,False,True,2025-12-07T07:12:56.802225+01:00,2025-12-07T07:12:56.802243+01:00
2434,2016-02-16,False,True,2025-12-07T07:12:56.804005+01:00,2025-12-07T07:12:56.804024+01:00
2435,2016-02-15,False,True,2025-12-07T07:12:56.805676+01:00,2025-12-07T07:12:56.805702+01:00
2436,2016-02-12,True,True,2025-12-07T07:12:56.807325+01:00,2026-01-07T13:35:00.059043+01:00
2437,2016-02-11,False,True,2025-12-07T07:12:56.809058+01:00,2025-12-07T07:12:56.809077+01:00
2438,2016-02-10,False,True,2025-12-07T07:12:56.810652+01:00,2025-12-07T07:12:56.810670+01:00
2439,2016-02-09,False,True,2025-12-07T07:12:56.812328+01:00,2025-12-07T07:12:56.812347+01:00
2440,2016-02-08,False,True,2025-12-07T07:12:56.814021+01:00,2025-12-07T07:12:56.814039+01:00
2441,2016-02-05,True,True,2025-12-07T07:12:56.815615+01:00,2026-01-07T13:35:03.360841+01:00
2442,2016-02-04,False,True,2025-12-07T07:12:56.817354+01:00,2025-12-07T07:12:56.817374+01:00
2443,2016-02-03,False,True,2025-12-07T07:12:56.819102+01:00,2025-12-07T07:12:56.819120+01:00
2444,2016-02-02,False,True,2025-12-07T07:12:56.820705+01:00,2025-12-07T07:12:56.820724+01:00
2445,2016-02-01,False,True,2025-12-07T07:12:56.822354+01:00,2025-12-07T07:12:56.822374+01:00
2446,2016-01-29,True,True,2025-12-07T07:12:56.824139+01:00,2026-01-07T13:35:06.262263+01:00
2447,2016-01-28,False,True,2025-12-07T07:12:56.825771+01:00,2025-12-07T07:12:56.825803+01:00
2448,2016-01-27,False,True,2025-12-07T07:12:56.827343+01:00,2025-12-07T07:12:56.827362+01:00
2449,2016-01-26,False,True,2025-12-07T07:12:56.829005+01:00,2025-12-07T07:12:56.829023+01:00
2450,2016-01-25,False,True,2025-12-07T07:12:56.830707+01:00,2025-12-07T07:12:56.830726+01:00
2451,2016-01-22,True,True,2025-12-07T07:12:56.832287+01:00,2026-01-07T13:35:09.084393+01:00
2452,2016-01-21,False,True,2025-12-07T07:12:56.833839+01:00,2025-12-07T07:12:56.833857+01:00
2453,2016-01-20,False,True,2025-12-07T07:12:56.835586+01:00,2025-12-07T07:12:56.835605+01:00
2454,2016-01-19,False,True,2025-12-07T07:12:56.838023+01:00,2025-12-07T07:12:56.838041+01:00
2455,2016-01-18,False,True,2025-12-07T07:12:56.839626+01:00,2025-12-07T07:12:56.839645+01:00
2456,2016-01-15,True,True,2025-12-07T07:12:56.841331+01:00,2026-01-07T13:35:12.194535+01:00
2457,2016-01-14,False,True,2025-12-07T07:12:56.842950+01:00,2025-12-07T07:12:56.842968+01:00
2458,2016-01-13,False,True,2025-12-07T07:12:56.844605+01:00,2025-12-07T07:12:56.844624+01:00
2459,2016-01-12,False,True,2025-12-07T07:12:56.846154+01:00,2025-12-07T07:12:56.846172+01:00
2465,2015-12-31,False,True,2025-12-07T07:12:56.855744+01:00,2025-12-07T07:12:56.855763+01:00
2469,2015-12-23,False,True,2025-12-07T07:12:56.862341+01:00,2025-12-07T07:12:56.862361+01:00
2470,2015-12-22,False,True,2025-12-07T07:12:56.864229+01:00,2025-12-07T07:12:56.864248+01:00
2471,2015-12-21,False,True,2025-12-07T07:12:56.865859+01:00,2025-12-07T07:12:56.865878+01:00
2472,2015-12-18,True,True,2025-12-07T07:12:56.867522+01:00,2026-01-07T13:35:21.385418+01:00
2473,2015-12-17,False,True,2025-12-07T07:12:56.869263+01:00,2025-12-07T07:12:56.869281+01:00
2474,2015-12-16,False,True,2025-12-07T07:12:56.870957+01:00,2025-12-07T07:12:56.870977+01:00
2475,2015-12-15,False,True,2025-12-07T07:12:56.872630+01:00,2025-12-07T07:12:56.872650+01:00
2476,2015-12-14,False,True,2025-12-07T07:12:56.874257+01:00,2025-12-07T07:12:56.874275+01:00
2477,2015-12-11,True,True,2025-12-07T07:12:56.875975+01:00,2026-01-07T13:35:24.314809+01:00
2478,2015-12-10,False,True,2025-12-07T07:12:56.877648+01:00,2025-12-07T07:12:56.877666+01:00
2479,2015-12-09,False,True,2025-12-07T07:12:56.879395+01:00,2025-12-07T07:12:56.886109+01:00
2480,2015-12-08,False,True,2025-12-07T07:12:56.887912+01:00,2025-12-07T07:12:56.887931+01:00
2481,2015-12-07,False,True,2025-12-07T07:12:56.889457+01:00,2025-12-07T07:12:56.889493+01:00
2482,2015-12-04,True,True,2025-12-07T07:12:56.891007+01:00,2026-01-07T13:35:27.427694+01:00
2483,2015-12-03,False,True,2025-12-07T07:12:56.892720+01:00,2025-12-07T07:12:56.892739+01:00
2484,2015-12-02,False,True,2025-12-07T07:12:56.894292+01:00,2025-12-07T07:12:56.894311+01:00
2485,2015-12-01,False,True,2025-12-07T07:12:56.895799+01:00,2025-12-07T07:12:56.895821+01:00
2486,2015-11-30,False,True,2025-12-07T07:12:56.897285+01:00,2025-12-07T07:12:56.897302+01:00
2487,2015-11-27,True,True,2025-12-07T07:12:56.898770+01:00,2026-01-07T13:35:30.509279+01:00
2488,2015-11-26,False,True,2025-12-07T07:12:56.900296+01:00,2025-12-07T07:12:56.900315+01:00
2489,2015-11-25,False,True,2025-12-07T07:12:56.901914+01:00,2025-12-07T07:12:56.901956+01:00
2490,2015-11-24,False,True,2025-12-07T07:12:56.903531+01:00,2025-12-07T07:12:56.903550+01:00
2491,2015-11-23,False,True,2025-12-07T07:12:56.905101+01:00,2025-12-07T07:12:56.905132+01:00
2492,2015-11-20,True,True,2025-12-07T07:12:56.906596+01:00,2026-01-07T13:35:33.318543+01:00
2493,2015-11-19,False,True,2025-12-07T07:12:56.908105+01:00,2025-12-07T07:12:56.908124+01:00
2494,2015-11-17,False,True,2025-12-07T07:12:56.909756+01:00,2025-12-07T07:12:56.909776+01:00
2495,2015-11-16,False,True,2025-12-07T07:12:56.911215+01:00,2025-12-07T07:12:56.911233+01:00
2496,2015-11-13,True,True,2025-12-07T07:12:56.912689+01:00,2026-01-07T13:35:35.573711+01:00
2497,2015-11-12,False,True,2025-12-07T07:12:56.914116+01:00,2025-12-07T07:12:56.914135+01:00
2498,2015-11-11,False,True,2025-12-07T07:12:56.915616+01:00,2025-12-07T07:12:56.915634+01:00
2499,2015-11-10,False,True,2025-12-07T07:12:56.917063+01:00,2025-12-07T07:12:56.917081+01:00
2501,2015-11-05,False,True,2025-12-07T07:12:56.919835+01:00,2025-12-07T07:12:56.919857+01:00
2502,2015-11-04,False,True,2025-12-07T07:12:56.921296+01:00,2025-12-07T07:12:56.921315+01:00
2503,2015-11-03,False,True,2025-12-07T07:12:56.922860+01:00,2025-12-07T07:12:56.922880+01:00
2504,2015-11-02,False,True,2025-12-07T07:12:56.924335+01:00,2025-12-07T07:12:56.924353+01:00
2506,2015-10-29,False,True,2025-12-07T07:12:56.927254+01:00,2025-12-07T07:12:56.927272+01:00
2507,2015-10-28,False,True,2025-12-07T07:12:56.928673+01:00,2025-12-07T07:12:56.928714+01:00
2508,2015-10-27,False,True,2025-12-07T07:12:56.930080+01:00,2025-12-07T07:12:56.930099+01:00
2509,2015-10-26,False,True,2025-12-07T07:12:56.931435+01:00,2025-12-07T07:12:56.931473+01:00
2510,2015-10-23,True,True,2025-12-07T07:12:56.932925+01:00,2026-01-07T13:35:43.931402+01:00
2511,2015-10-22,False,True,2025-12-07T07:12:56.934364+01:00,2025-12-07T07:12:56.934402+01:00
2512,2015-10-21,False,True,2025-12-07T07:12:56.935844+01:00,2025-12-07T07:12:56.935862+01:00
2513,2015-10-20,False,True,2025-12-07T07:12:56.937254+01:00,2025-12-07T07:12:56.937273+01:00
2514,2015-10-19,False,True,2025-12-07T07:12:56.938762+01:00,2025-12-07T07:12:56.938779+01:00
2515,2015-10-16,True,True,2025-12-07T07:12:56.940136+01:00,2026-01-07T13:35:46.876237+01:00
2516,2015-10-14,False,True,2025-12-07T07:12:56.941563+01:00,2025-12-07T07:12:56.941581+01:00
2517,2015-10-13,False,True,2025-12-07T07:12:56.943060+01:00,2025-12-07T07:12:56.943079+01:00
2518,2015-10-12,False,True,2025-12-07T07:12:56.944491+01:00,2025-12-07T07:12:56.944510+01:00
2519,2015-10-09,True,True,2025-12-07T07:12:56.945955+01:00,2026-01-07T13:35:49.233595+01:00
2520,2015-10-08,False,True,2025-12-07T07:12:56.947395+01:00,2025-12-07T07:12:56.947413+01:00
2521,2015-10-07,False,True,2025-12-07T07:12:56.949022+01:00,2025-12-07T07:12:56.949039+01:00
2522,2015-10-06,False,True,2025-12-07T07:12:56.950448+01:00,2025-12-07T07:12:56.950466+01:00
2523,2015-10-05,False,True,2025-12-07T07:12:56.951884+01:00,2025-12-07T07:12:56.951902+01:00
2524,2015-10-02,True,True,2025-12-07T07:12:56.953327+01:00,2026-01-07T13:35:52.045233+01:00
2526,2015-09-30,False,True,2025-12-07T07:12:56.956230+01:00,2025-12-07T07:12:56.956260+01:00
2528,2015-09-28,True,True,2025-12-07T07:12:56.959090+01:00,2026-01-07T13:35:54.292193+01:00
2529,2015-09-23,False,True,2025-12-07T07:12:56.960562+01:00,2025-12-07T07:12:56.960580+01:00
2530,2015-09-22,False,True,2025-12-07T07:12:56.962049+01:00,2025-12-07T07:12:56.962068+01:00
2531,2015-09-21,False,True,2025-12-07T07:12:56.963433+01:00,2025-12-07T07:12:56.963451+01:00
2532,2015-09-18,True,True,2025-12-07T07:12:56.964844+01:00,2026-01-07T13:35:56.655626+01:00
2533,2015-09-17,False,True,2025-12-07T07:12:56.966321+01:00,2025-12-07T07:12:56.966339+01:00
2534,2015-09-16,False,True,2025-12-07T07:12:56.967744+01:00,2025-12-07T07:12:56.967762+01:00
2535,2015-09-15,False,True,2025-12-07T07:12:56.969161+01:00,2025-12-07T07:12:56.969179+01:00
2536,2015-09-14,False,True,2025-12-07T07:12:56.970540+01:00,2025-12-07T07:12:56.970558+01:00
2537,2015-09-11,True,True,2025-12-07T07:12:56.971955+01:00,2026-01-07T12:55:26.467002+01:00
2538,2015-09-10,False,True,2025-12-07T07:12:56.973401+01:00,2025-12-07T07:12:56.973419+01:00
2539,2015-09-09,False,True,2025-12-07T07:12:56.974827+01:00,2025-12-07T07:12:56.974845+01:00
2540,2015-09-08,False,True,2025-12-07T07:12:56.976258+01:00,2025-12-07T07:12:56.976276+01:00
2541,2015-09-07,False,True,2025-12-07T07:12:56.977691+01:00,2025-12-07T07:12:56.977710+01:00
2542,2015-09-04,True,True,2025-12-07T07:12:56.979081+01:00,2026-01-07T13:36:01.891709+01:00
2543,2015-09-03,False,True,2025-12-07T07:12:56.980650+01:00,2025-12-07T07:12:56.980667+01:00
2544,2015-09-02,False,True,2025-12-07T07:12:56.982120+01:00,2025-12-07T07:12:56.982138+01:00
2545,2015-09-01,False,True,2025-12-07T07:12:56.983555+01:00,2025-12-07T07:12:56.983573+01:00
2546,2015-08-31,False,True,2025-12-07T07:12:56.985025+01:00,2025-12-07T07:12:56.985042+01:00
2547,2015-08-28,True,True,2025-12-07T07:12:56.986465+01:00,2026-01-07T13:36:04.854127+01:00
2548,2015-08-27,False,True,2025-12-07T07:12:56.987922+01:00,2025-12-07T07:12:56.987940+01:00
2549,2015-08-26,False,True,2025-12-07T07:12:56.989366+01:00,2025-12-07T07:12:56.989384+01:00
2550,2015-08-25,False,True,2025-12-07T07:12:56.990744+01:00,2025-12-07T07:12:56.990763+01:00
2551,2015-08-24,True,True,2025-12-07T07:12:56.992161+01:00,2026-01-07T13:36:07.107655+01:00
2552,2015-08-19,False,True,2025-12-07T07:12:56.993544+01:00,2025-12-07T07:12:56.993565+01:00
2553,2015-08-18,False,True,2025-12-07T07:12:56.995004+01:00,2025-12-07T07:12:56.995022+01:00
2554,2015-08-17,True,True,2025-12-07T07:12:56.996426+01:00,2026-01-07T13:36:08.785751+01:00
2555,2015-08-13,False,True,2025-12-07T07:12:56.997841+01:00,2025-12-07T07:12:56.997860+01:00
2556,2015-08-12,False,True,2025-12-07T07:12:56.999282+01:00,2025-12-07T07:12:56.999300+01:00
2557,2015-08-11,False,True,2025-12-07T07:12:57.000707+01:00,2025-12-07T07:12:57.000727+01:00
2558,2015-08-10,False,True,2025-12-07T07:12:57.002140+01:00,2025-12-07T07:12:57.002159+01:00
2559,2015-08-07,True,True,2025-12-07T07:12:57.003521+01:00,2026-01-07T13:36:11.658623+01:00
2560,2015-08-06,False,True,2025-12-07T07:12:57.004985+01:00,2025-12-07T07:12:57.005003+01:00
2561,2015-08-05,False,True,2025-12-07T07:12:57.006369+01:00,2025-12-07T07:12:57.006387+01:00
2562,2015-08-04,False,True,2025-12-07T07:12:57.007787+01:00,2025-12-07T07:12:57.007806+01:00
2563,2015-08-03,False,True,2025-12-07T07:12:57.009217+01:00,2025-12-07T07:12:57.009248+01:00
2565,2015-07-29,False,True,2025-12-07T07:12:57.012122+01:00,2025-12-07T07:12:57.012140+01:00
2566,2015-07-28,False,True,2025-12-07T07:12:57.013540+01:00,2025-12-07T07:12:57.013559+01:00
2567,2015-07-27,False,True,2025-12-07T07:12:57.014962+01:00,2025-12-07T07:12:57.014980+01:00
2569,2015-07-23,False,True,2025-12-07T07:12:57.017868+01:00,2025-12-07T07:12:57.017887+01:00
2570,2015-07-22,False,True,2025-12-07T07:12:57.019289+01:00,2025-12-07T07:12:57.019308+01:00
2571,2015-07-21,False,True,2025-12-07T07:12:57.020729+01:00,2025-12-07T07:12:57.020747+01:00
2573,2015-07-16,False,True,2025-12-07T07:12:57.023796+01:00,2025-12-07T07:12:57.023816+01:00
2574,2015-07-15,False,True,2025-12-07T07:12:57.025246+01:00,2025-12-07T07:12:57.025264+01:00
2575,2015-07-14,False,True,2025-12-07T07:12:57.026632+01:00,2025-12-07T07:12:57.026652+01:00
2576,2015-07-13,False,True,2025-12-07T07:12:57.028077+01:00,2025-12-07T07:12:57.028095+01:00
2578,2015-07-09,False,True,2025-12-07T07:12:57.030997+01:00,2025-12-07T07:12:57.031016+01:00
2579,2015-07-08,False,True,2025-12-07T07:12:57.032437+01:00,2025-12-07T07:12:57.032455+01:00
2580,2015-07-07,False,True,2025-12-07T07:12:57.033889+01:00,2025-12-07T07:12:57.033907+01:00
2581,2015-07-06,False,True,2025-12-07T07:12:57.035364+01:00,2025-12-07T07:12:57.035382+01:00
2585,2015-06-30,False,True,2025-12-07T07:12:57.041177+01:00,2025-12-07T07:12:57.041195+01:00
2588,2015-06-25,False,True,2025-12-07T07:12:57.045539+01:00,2025-12-07T07:12:57.045565+01:00
2589,2015-06-24,False,True,2025-12-07T07:12:57.046991+01:00,2025-12-07T07:12:57.047010+01:00
2590,2015-06-23,False,True,2025-12-07T07:12:57.048398+01:00,2025-12-07T07:12:57.048417+01:00
2591,2015-06-22,False,True,2025-12-07T07:12:57.049850+01:00,2025-12-07T07:12:57.049868+01:00
2593,2015-06-18,False,True,2025-12-07T07:12:57.052612+01:00,2025-12-07T07:12:57.052632+01:00
2594,2015-06-17,False,True,2025-12-07T07:12:57.054007+01:00,2025-12-07T07:12:57.054028+01:00
2595,2015-06-16,False,True,2025-12-07T07:12:57.055448+01:00,2025-12-07T07:12:57.055479+01:00
2596,2015-06-15,False,True,2025-12-07T07:12:57.056902+01:00,2025-12-07T07:12:57.056920+01:00
2597,2015-06-12,True,True,2025-12-07T07:12:57.058361+01:00,2026-01-07T13:36:33.861643+01:00
2598,2015-06-11,False,True,2025-12-07T07:12:57.059759+01:00,2025-12-07T07:12:57.059777+01:00
2599,2015-06-10,False,True,2025-12-07T07:12:57.061146+01:00,2025-12-07T07:12:57.061165+01:00
2600,2015-06-09,False,True,2025-12-07T07:12:57.062548+01:00,2025-12-07T07:12:57.062566+01:00
2601,2015-06-08,False,True,2025-12-07T07:12:57.064003+01:00,2025-12-07T07:12:57.064025+01:00
2602,2015-06-05,True,True,2025-12-07T07:12:57.065383+01:00,2026-01-07T13:36:36.756101+01:00
2603,2015-06-04,False,True,2025-12-07T07:12:57.066895+01:00,2025-12-07T07:12:57.066922+01:00
2604,2015-06-03,False,True,2025-12-07T07:12:57.068411+01:00,2025-12-07T07:12:57.068444+01:00
2605,2015-06-02,False,True,2025-12-07T07:12:57.069821+01:00,2025-12-07T07:12:57.069840+01:00
2606,2015-06-01,False,True,2025-12-07T07:12:57.071275+01:00,2025-12-07T07:12:57.071314+01:00
2607,2015-05-29,True,True,2025-12-07T07:12:57.072787+01:00,2026-01-07T13:36:39.673707+01:00
2608,2015-05-28,False,True,2025-12-07T07:12:57.074332+01:00,2025-12-07T07:12:57.074351+01:00
2609,2015-05-27,False,True,2025-12-07T07:12:57.075854+01:00,2025-12-07T07:12:57.075874+01:00
2610,2015-05-26,False,True,2025-12-07T07:12:57.077388+01:00,2025-12-07T07:12:57.077406+01:00
2611,2015-05-25,False,True,2025-12-07T07:12:57.078816+01:00,2025-12-07T07:12:57.078836+01:00
2612,2015-05-22,True,True,2025-12-07T07:12:57.080321+01:00,2026-01-07T13:36:42.764081+01:00
2613,2015-05-21,False,True,2025-12-07T07:12:57.081871+01:00,2025-12-07T07:12:57.081890+01:00
2614,2015-05-20,False,True,2025-12-07T07:12:57.083312+01:00,2025-12-07T07:12:57.083350+01:00
2615,2015-05-19,False,True,2025-12-07T07:12:57.084879+01:00,2025-12-07T07:12:57.084896+01:00
2616,2015-05-18,False,True,2025-12-07T07:12:57.086347+01:00,2025-12-07T07:12:57.086366+01:00
2617,2015-05-15,True,True,2025-12-07T07:12:57.087748+01:00,2026-01-07T13:03:22.477688+01:00
2618,2015-05-14,False,True,2025-12-07T07:12:57.089131+01:00,2025-12-07T07:12:57.089151+01:00
2619,2015-05-13,False,True,2025-12-07T07:12:57.090660+01:00,2025-12-07T07:12:57.090679+01:00
2620,2015-05-12,False,True,2025-12-07T07:12:57.092247+01:00,2025-12-07T07:12:57.092266+01:00
2621,2015-05-11,False,True,2025-12-07T07:12:57.093677+01:00,2025-12-07T07:12:57.093703+01:00
2622,2015-05-08,True,True,2025-12-07T07:12:57.095159+01:00,2026-01-07T13:36:48.153930+01:00
2623,2015-05-07,False,True,2025-12-07T07:12:57.096652+01:00,2025-12-07T07:12:57.096671+01:00
2624,2015-05-06,False,True,2025-12-07T07:12:57.098121+01:00,2025-12-07T07:12:57.098140+01:00
2625,2015-05-05,False,True,2025-12-07T07:12:57.099585+01:00,2025-12-07T07:12:57.099603+01:00
2626,2015-05-04,True,True,2025-12-07T07:12:57.101112+01:00,2026-01-07T13:36:50.404947+01:00
2627,2015-04-30,False,True,2025-12-07T07:12:57.102602+01:00,2025-12-07T07:12:57.102621+01:00
2628,2015-04-29,False,True,2025-12-07T07:12:57.104043+01:00,2025-12-07T07:12:57.104062+01:00
2629,2015-04-28,False,True,2025-12-07T07:12:57.105534+01:00,2025-12-07T07:12:57.105551+01:00
2630,2015-04-27,False,True,2025-12-07T07:12:57.107094+01:00,2025-12-07T07:12:57.107113+01:00
2631,2015-04-24,True,True,2025-12-07T07:12:57.108615+01:00,2026-01-07T13:36:53.278571+01:00
2632,2015-04-23,False,True,2025-12-07T07:12:57.110117+01:00,2025-12-07T07:12:57.110136+01:00
2633,2015-04-22,False,True,2025-12-07T07:12:57.111712+01:00,2025-12-07T07:12:57.111732+01:00
2634,2015-04-21,False,True,2025-12-07T07:12:57.113189+01:00,2025-12-07T07:12:57.113207+01:00
2635,2015-04-20,False,True,2025-12-07T07:12:57.114760+01:00,2025-12-07T07:12:57.114780+01:00
2636,2015-04-17,True,True,2025-12-07T07:12:57.116379+01:00,2026-01-07T13:36:56.133954+01:00
2637,2015-04-16,False,True,2025-12-07T07:12:57.117980+01:00,2025-12-07T07:12:57.118015+01:00
2638,2015-04-15,False,True,2025-12-07T07:12:57.119548+01:00,2025-12-07T07:12:57.119567+01:00
2639,2015-04-14,False,True,2025-12-07T07:12:57.121304+01:00,2025-12-07T07:12:57.121323+01:00
2640,2015-04-13,False,True,2025-12-07T07:12:57.122768+01:00,2025-12-07T07:12:57.122786+01:00
2641,2015-04-10,True,True,2025-12-07T07:12:57.124283+01:00,2026-01-07T13:36:59.432572+01:00
2642,2015-04-09,False,True,2025-12-07T07:12:57.125802+01:00,2025-12-07T07:12:57.125820+01:00
2643,2015-04-08,False,True,2025-12-07T07:12:57.127320+01:00,2025-12-07T07:12:57.127339+01:00
2644,2015-04-07,False,True,2025-12-07T07:12:57.128723+01:00,2025-12-07T07:12:57.128743+01:00
2645,2015-04-06,False,True,2025-12-07T07:12:57.130152+01:00,2025-12-07T07:12:57.130171+01:00
2646,2015-04-03,True,True,2025-12-07T07:12:57.131636+01:00,2026-01-07T13:37:02.472975+01:00
2647,2015-04-02,False,True,2025-12-07T07:12:57.133084+01:00,2025-12-07T07:12:57.133102+01:00
2648,2015-04-01,False,True,2025-12-07T07:12:57.134516+01:00,2025-12-07T07:12:57.134534+01:00
2649,2015-03-31,False,True,2025-12-07T07:12:57.136132+01:00,2025-12-07T07:12:57.136151+01:00
2650,2015-03-30,False,True,2025-12-07T07:12:57.137579+01:00,2025-12-07T07:12:57.137597+01:00
2651,2015-03-27,True,True,2025-12-07T07:12:57.139199+01:00,2026-01-07T13:37:05.371212+01:00
2652,2015-03-26,False,True,2025-12-07T07:12:57.140699+01:00,2025-12-07T07:12:57.140718+01:00
2653,2015-03-25,False,True,2025-12-07T07:12:57.151957+01:00,2025-12-07T07:12:57.151979+01:00
2654,2015-03-24,False,True,2025-12-07T07:12:57.153642+01:00,2025-12-07T07:12:57.153662+01:00
2655,2015-03-23,False,True,2025-12-07T07:12:57.155163+01:00,2025-12-07T07:12:57.155203+01:00
2657,2015-03-19,False,True,2025-12-07T07:12:57.158077+01:00,2025-12-07T07:12:57.158096+01:00
2658,2015-03-18,False,True,2025-12-07T07:12:57.159540+01:00,2025-12-07T07:12:57.159577+01:00
2659,2015-03-17,False,True,2025-12-07T07:12:57.161017+01:00,2025-12-07T07:12:57.161035+01:00
2660,2015-03-16,False,True,2025-12-07T07:12:57.162530+01:00,2025-12-07T07:12:57.162561+01:00
2662,2015-03-12,False,True,2025-12-07T07:12:57.165465+01:00,2025-12-07T07:12:57.165484+01:00
2663,2015-03-11,False,True,2025-12-07T07:12:57.166964+01:00,2025-12-07T07:12:57.166983+01:00
2664,2015-03-10,False,True,2025-12-07T07:12:57.168419+01:00,2025-12-07T07:12:57.168437+01:00
2665,2015-03-09,False,True,2025-12-07T07:12:57.169930+01:00,2025-12-07T07:12:57.169970+01:00
2666,2015-03-06,True,True,2025-12-07T07:12:57.171452+01:00,2026-01-07T13:37:13.854840+01:00
2667,2015-03-05,False,True,2025-12-07T07:12:57.173007+01:00,2025-12-07T07:12:57.173026+01:00
2668,2015-03-04,False,True,2025-12-07T07:12:57.174493+01:00,2025-12-07T07:12:57.174511+01:00
2669,2015-03-03,False,True,2025-12-07T07:12:57.176023+01:00,2025-12-07T07:12:57.176043+01:00
2670,2015-03-02,False,True,2025-12-07T07:12:57.177590+01:00,2025-12-07T07:12:57.177610+01:00
2671,2015-02-27,True,True,2025-12-07T07:12:57.179164+01:00,2026-01-07T13:37:16.706163+01:00
2672,2015-02-26,False,True,2025-12-07T07:12:57.180584+01:00,2025-12-07T07:12:57.180602+01:00
2673,2015-02-25,False,True,2025-12-07T07:12:57.182012+01:00,2025-12-07T07:12:57.182032+01:00
2674,2015-02-24,False,True,2025-12-07T07:12:57.183466+01:00,2025-12-07T07:12:57.183485+01:00
2675,2015-02-23,False,True,2025-12-07T07:12:57.184993+01:00,2025-12-07T07:12:57.185013+01:00
2677,2015-02-19,False,True,2025-12-07T07:12:57.188059+01:00,2025-12-07T07:12:57.188077+01:00
2678,2015-02-18,False,True,2025-12-07T07:12:57.189463+01:00,2025-12-07T07:12:57.189482+01:00
2679,2015-02-17,False,True,2025-12-07T07:12:57.190942+01:00,2025-12-07T07:12:57.190961+01:00
2680,2015-02-16,False,True,2025-12-07T07:12:57.192596+01:00,2025-12-07T07:12:57.192615+01:00
2682,2015-02-12,False,True,2025-12-07T07:12:57.195637+01:00,2025-12-07T07:12:57.195657+01:00
2683,2015-02-11,False,True,2025-12-07T07:12:57.197207+01:00,2025-12-07T07:12:57.197226+01:00
2684,2015-02-10,False,True,2025-12-07T07:12:57.198616+01:00,2025-12-07T07:12:57.198634+01:00
2685,2015-02-09,False,True,2025-12-07T07:12:57.200050+01:00,2025-12-07T07:12:57.200069+01:00
2687,2015-02-05,False,True,2025-12-07T07:12:57.203312+01:00,2025-12-07T07:12:57.203331+01:00
2688,2015-02-04,False,True,2025-12-07T07:12:57.204783+01:00,2025-12-07T07:12:57.204802+01:00
2689,2015-02-03,False,True,2025-12-07T07:12:57.206238+01:00,2025-12-07T07:12:57.206273+01:00
2690,2015-02-02,False,True,2025-12-07T07:12:57.207754+01:00,2025-12-07T07:12:57.207791+01:00
2692,2015-01-29,False,True,2025-12-07T07:12:57.210711+01:00,2025-12-07T07:12:57.210732+01:00
2693,2015-01-28,False,True,2025-12-07T07:12:57.212251+01:00,2025-12-07T07:12:57.212271+01:00
2694,2015-01-27,False,True,2025-12-07T07:12:57.213699+01:00,2025-12-07T07:12:57.213724+01:00
2695,2015-01-26,False,True,2025-12-07T07:12:57.215153+01:00,2025-12-07T07:12:57.215171+01:00
2696,2015-01-23,True,True,2025-12-07T07:12:57.216595+01:00,2026-01-07T13:37:31.578385+01:00
2697,2015-01-22,False,True,2025-12-07T07:12:57.218087+01:00,2025-12-07T07:12:57.218109+01:00
2698,2015-01-21,False,True,2025-12-07T07:12:57.219579+01:00,2025-12-07T07:12:57.219597+01:00
2699,2015-01-20,False,True,2025-12-07T07:12:57.221152+01:00,2025-12-07T07:12:57.221173+01:00
2700,2015-01-19,False,True,2025-12-07T07:12:57.222669+01:00,2025-12-07T07:12:57.222697+01:00
2701,2015-01-16,True,True,2025-12-07T07:12:57.224270+01:00,2026-01-07T13:37:34.606980+01:00
2702,2015-01-15,False,True,2025-12-07T07:12:57.225761+01:00,2025-12-07T07:12:57.258784+01:00
2703,2015-01-14,False,True,2025-12-07T07:12:57.260431+01:00,2025-12-07T07:12:57.260451+01:00
2704,2015-01-13,False,True,2025-12-07T07:12:57.261970+01:00,2025-12-07T07:12:57.261990+01:00
2705,2015-01-12,False,True,2025-12-07T07:12:57.263547+01:00,2025-12-07T07:12:57.263566+01:00
2706,2015-01-09,True,True,2025-12-07T07:12:57.265130+01:00,2026-01-07T13:37:37.487615+01:00
2707,2015-01-08,False,True,2025-12-07T07:12:57.266673+01:00,2025-12-07T07:12:57.266697+01:00
2708,2015-01-07,False,True,2025-12-07T07:12:57.268219+01:00,2025-12-07T07:12:57.268238+01:00
2709,2015-01-06,False,True,2025-12-07T07:12:57.269775+01:00,2025-12-07T07:12:57.269811+01:00
2711,2014-12-31,False,True,2025-12-07T07:12:57.272793+01:00,2025-12-07T07:12:57.272811+01:00
2712,2014-12-30,False,True,2025-12-07T07:12:57.274279+01:00,2025-12-07T07:12:57.274297+01:00
2713,2014-12-29,False,True,2025-12-07T07:12:57.275717+01:00,2025-12-07T07:12:57.275736+01:00
2715,2014-12-25,False,True,2025-12-07T07:12:57.278879+01:00,2025-12-07T07:12:57.278898+01:00
2716,2014-12-24,False,True,2025-12-07T07:12:57.280530+01:00,2025-12-07T07:12:57.280551+01:00
2717,2014-12-23,False,True,2025-12-07T07:12:57.282136+01:00,2025-12-07T07:12:57.282156+01:00
2718,2014-12-22,False,True,2025-12-07T07:12:57.283651+01:00,2025-12-07T07:12:57.283670+01:00
2719,2014-12-19,True,True,2025-12-07T07:12:57.285159+01:00,2026-01-07T13:05:23.638088+01:00
2720,2014-12-18,False,True,2025-12-07T07:12:57.286819+01:00,2025-12-07T07:12:57.286839+01:00
2721,2014-12-17,False,True,2025-12-07T07:12:57.288376+01:00,2025-12-07T07:12:57.288398+01:00
2722,2014-12-16,False,True,2025-12-07T07:12:57.290004+01:00,2025-12-07T07:12:57.290023+01:00
2723,2014-12-15,False,True,2025-12-07T07:12:57.291549+01:00,2025-12-07T07:12:57.291567+01:00
2724,2014-12-12,True,True,2025-12-07T07:12:57.293069+01:00,2026-01-07T13:37:51.129454+01:00
2725,2014-12-11,False,True,2025-12-07T07:12:57.294641+01:00,2025-12-07T07:12:57.294660+01:00
2726,2014-12-10,False,True,2025-12-07T07:12:57.296234+01:00,2025-12-07T07:12:57.296272+01:00
2727,2014-12-09,False,True,2025-12-07T07:12:57.297761+01:00,2025-12-07T07:12:57.297779+01:00
2728,2014-12-08,False,True,2025-12-07T07:12:57.299418+01:00,2025-12-07T07:12:57.299438+01:00
2729,2014-12-05,True,True,2025-12-07T07:12:57.300993+01:00,2026-01-07T13:37:54.007756+01:00
2730,2014-12-04,False,True,2025-12-07T07:12:57.302641+01:00,2025-12-07T07:12:57.302661+01:00
2731,2014-12-03,False,True,2025-12-07T07:12:57.304194+01:00,2025-12-07T07:12:57.304214+01:00
2732,2014-12-02,False,True,2025-12-07T07:12:57.305865+01:00,2025-12-07T07:12:57.305885+01:00
2733,2014-12-01,False,True,2025-12-07T07:12:57.307489+01:00,2025-12-07T07:12:57.307509+01:00
2735,2014-11-27,False,True,2025-12-07T07:12:57.310727+01:00,2025-12-07T07:12:57.310748+01:00
2736,2014-11-26,False,True,2025-12-07T07:12:57.312296+01:00,2025-12-07T07:12:57.312315+01:00
2737,2014-11-25,False,True,2025-12-07T07:12:57.313741+01:00,2025-12-07T07:12:57.313780+01:00
2738,2014-11-24,False,True,2025-12-07T07:12:57.315337+01:00,2025-12-07T07:12:57.315357+01:00
2740,2014-11-20,False,True,2025-12-07T07:12:57.318455+01:00,2025-12-07T07:12:57.318488+01:00
2741,2014-11-19,False,True,2025-12-07T07:12:57.320024+01:00,2025-12-07T07:12:57.320045+01:00
2742,2014-11-17,False,True,2025-12-07T07:12:57.321485+01:00,2025-12-07T07:12:57.321504+01:00
2743,2014-11-14,True,True,2025-12-07T07:12:57.322980+01:00,2026-01-07T13:38:03.096776+01:00
2744,2014-11-13,False,True,2025-12-07T07:12:57.324554+01:00,2025-12-07T07:12:57.324573+01:00
2745,2014-11-12,False,True,2025-12-07T07:12:57.326080+01:00,2025-12-07T07:12:57.326106+01:00
2746,2014-11-11,False,True,2025-12-07T07:12:57.360026+01:00,2025-12-07T07:12:57.360049+01:00
2747,2014-11-10,False,True,2025-12-07T07:12:57.362059+01:00,2025-12-07T07:12:57.362085+01:00
2748,2014-11-07,True,True,2025-12-07T07:12:57.364111+01:00,2026-01-07T13:38:06.134832+01:00
2749,2014-11-05,False,True,2025-12-07T07:12:57.366172+01:00,2025-12-07T07:12:57.366197+01:00
2750,2014-11-04,False,True,2025-12-07T07:12:57.368333+01:00,2025-12-07T07:12:57.368357+01:00
2794,2014-09-02,False,True,2025-12-07T07:12:57.441710+01:00,2025-12-07T07:12:57.441729+01:00
2795,2014-09-01,False,True,2025-12-07T07:12:57.443234+01:00,2025-12-07T07:12:57.443254+01:00
2796,2014-08-29,True,True,2025-12-07T07:12:57.444879+01:00,2026-01-07T13:38:38.309827+01:00
2797,2014-08-28,False,True,2025-12-07T07:12:57.446524+01:00,2025-12-07T07:12:57.446542+01:00
2798,2014-08-27,False,True,2025-12-07T07:12:57.448141+01:00,2025-12-07T07:12:57.448159+01:00
2799,2014-08-26,False,True,2025-12-07T07:12:57.449709+01:00,2025-12-07T07:12:57.449776+01:00
2800,2014-08-25,False,True,2025-12-07T07:12:57.451274+01:00,2025-12-07T07:12:57.451295+01:00
2801,2014-08-22,True,True,2025-12-07T07:12:57.452767+01:00,2026-01-07T13:38:41.161407+01:00
2802,2014-08-19,False,True,2025-12-07T07:12:57.455064+01:00,2025-12-07T07:12:57.455082+01:00
2803,2014-08-18,False,True,2025-12-07T07:12:57.456667+01:00,2025-12-07T07:12:57.456694+01:00
2804,2014-08-15,True,True,2025-12-07T07:12:57.458149+01:00,2026-01-07T13:38:42.767926+01:00
2805,2014-08-13,False,True,2025-12-07T07:12:57.459797+01:00,2025-12-07T07:12:57.459817+01:00
2806,2014-08-12,False,True,2025-12-07T07:12:57.461363+01:00,2025-12-07T07:12:57.461382+01:00
2807,2014-08-11,False,True,2025-12-07T07:12:57.462839+01:00,2025-12-07T07:12:57.462858+01:00
2808,2014-08-08,True,True,2025-12-07T07:12:57.464275+01:00,2026-01-07T13:38:44.977555+01:00
2809,2014-08-07,False,True,2025-12-07T07:12:57.465837+01:00,2025-12-07T07:12:57.465856+01:00
2810,2014-08-06,False,True,2025-12-07T07:12:57.467349+01:00,2025-12-07T07:12:57.467367+01:00
2811,2014-08-05,False,True,2025-12-07T07:12:57.468896+01:00,2025-12-07T07:12:57.468915+01:00
2812,2014-08-04,False,True,2025-12-07T07:12:57.470398+01:00,2025-12-07T07:12:57.470416+01:00
2813,2014-08-01,True,True,2025-12-07T07:12:57.471894+01:00,2026-01-07T13:38:47.732077+01:00
2814,2014-07-31,False,True,2025-12-07T07:12:57.473425+01:00,2025-12-07T07:12:57.473444+01:00
2815,2014-07-25,True,True,2025-12-07T07:12:57.474939+01:00,2026-01-07T13:38:49.030991+01:00
2816,2014-07-24,False,True,2025-12-07T07:12:57.476583+01:00,2025-12-07T07:12:57.476602+01:00
2817,2014-07-23,False,True,2025-12-07T07:12:57.478112+01:00,2025-12-07T07:12:57.478131+01:00
2818,2014-07-22,False,True,2025-12-07T07:12:57.479787+01:00,2025-12-07T07:12:57.479806+01:00
2819,2014-07-21,False,True,2025-12-07T07:12:57.481383+01:00,2025-12-07T07:12:57.481402+01:00
2820,2014-07-18,True,True,2025-12-07T07:12:57.482998+01:00,2026-01-07T13:38:51.813333+01:00
2821,2014-07-17,False,True,2025-12-07T07:12:57.484509+01:00,2025-12-07T07:12:57.484528+01:00
2822,2014-07-16,False,True,2025-12-07T07:12:57.486069+01:00,2025-12-07T07:12:57.486089+01:00
2823,2014-07-15,False,True,2025-12-07T07:12:57.487636+01:00,2025-12-07T07:12:57.487655+01:00
2824,2014-07-14,False,True,2025-12-07T07:12:57.489100+01:00,2025-12-07T07:12:57.489139+01:00
2825,2014-07-11,True,True,2025-12-07T07:12:57.490994+01:00,2026-01-07T13:38:54.984975+01:00
2826,2014-07-10,False,True,2025-12-07T07:12:57.492962+01:00,2025-12-07T07:12:57.492989+01:00
2827,2014-07-09,False,True,2025-12-07T07:12:57.494775+01:00,2025-12-07T07:12:57.494800+01:00
2828,2014-07-08,False,True,2025-12-07T07:12:57.496574+01:00,2025-12-07T07:12:57.496600+01:00
2829,2014-07-07,False,True,2025-12-07T07:12:57.498439+01:00,2025-12-07T07:12:57.498465+01:00
2830,2014-07-04,True,True,2025-12-07T07:12:57.500266+01:00,2026-01-07T13:38:57.794855+01:00
2834,2014-06-30,False,True,2025-12-07T07:12:57.507705+01:00,2025-12-07T07:12:57.507733+01:00
2835,2014-06-27,True,True,2025-12-07T07:12:57.509656+01:00,2026-01-07T13:39:00.704836+01:00
2836,2014-06-26,False,True,2025-12-07T07:12:57.511440+01:00,2025-12-07T07:12:57.511466+01:00
2837,2014-06-25,False,True,2025-12-07T07:12:57.513224+01:00,2025-12-07T07:12:57.513250+01:00
2838,2014-06-24,False,True,2025-12-07T07:12:57.515023+01:00,2025-12-07T07:12:57.515049+01:00
2839,2014-06-23,False,True,2025-12-07T07:12:57.516814+01:00,2025-12-07T07:12:57.516840+01:00
2840,2014-06-20,True,True,2025-12-07T07:12:57.518574+01:00,2026-01-07T13:39:04.948934+01:00
2841,2014-06-19,False,True,2025-12-07T07:12:57.520343+01:00,2025-12-07T07:12:57.520368+01:00
2842,2014-06-18,False,True,2025-12-07T07:12:57.522110+01:00,2025-12-07T07:12:57.522136+01:00
2843,2014-06-17,False,True,2025-12-07T07:12:57.523601+01:00,2025-12-07T07:12:57.523620+01:00
2844,2014-06-16,False,True,2025-12-07T07:12:57.525005+01:00,2025-12-07T07:12:57.525024+01:00
2845,2014-06-13,True,True,2025-12-07T07:12:57.526443+01:00,2026-01-07T13:39:07.972433+01:00
2846,2014-06-12,False,True,2025-12-07T07:12:57.527886+01:00,2025-12-07T07:12:57.527905+01:00
2847,2014-06-11,False,True,2025-12-07T07:12:57.529236+01:00,2025-12-07T07:12:57.529254+01:00
2848,2014-06-10,False,True,2025-12-07T07:12:57.530604+01:00,2025-12-07T07:12:57.530622+01:00
2849,2014-06-09,False,True,2025-12-07T07:12:57.532019+01:00,2025-12-07T07:12:57.532037+01:00
2850,2014-06-06,True,True,2025-12-07T07:12:57.533392+01:00,2026-01-07T13:39:10.888220+01:00
2851,2014-06-05,False,True,2025-12-07T07:12:57.534819+01:00,2025-12-07T07:12:57.534837+01:00
2852,2014-06-04,False,True,2025-12-07T07:12:57.536156+01:00,2025-12-07T07:12:57.536174+01:00
2853,2014-06-03,False,True,2025-12-07T07:12:57.537532+01:00,2025-12-07T07:12:57.537550+01:00
2854,2014-06-02,False,True,2025-12-07T07:12:57.538881+01:00,2025-12-07T07:12:57.538899+01:00
2855,2014-05-30,True,True,2025-12-07T07:12:57.540304+01:00,2026-01-07T13:39:13.803320+01:00
2856,2014-05-29,False,True,2025-12-07T07:12:57.541621+01:00,2025-12-07T07:12:57.541640+01:00
2857,2014-05-28,False,True,2025-12-07T07:12:57.543011+01:00,2025-12-07T07:12:57.543029+01:00
2858,2014-05-27,False,True,2025-12-07T07:12:57.544356+01:00,2025-12-07T07:12:57.544374+01:00
2859,2014-05-26,False,True,2025-12-07T07:12:57.545701+01:00,2025-12-07T07:12:57.545719+01:00
2860,2014-05-23,True,True,2025-12-07T07:12:57.547036+01:00,2026-01-07T13:39:16.594019+01:00
2861,2014-05-22,False,True,2025-12-07T07:12:57.548429+01:00,2025-12-07T07:12:57.548447+01:00
2862,2014-05-21,False,True,2025-12-07T07:12:57.549807+01:00,2025-12-07T07:12:57.549825+01:00
2863,2014-05-20,False,True,2025-12-07T07:12:57.551176+01:00,2025-12-07T07:12:57.551194+01:00
2864,2014-05-19,False,True,2025-12-07T07:12:57.552544+01:00,2025-12-07T07:12:57.552562+01:00
2865,2014-05-16,True,True,2025-12-07T07:12:57.553995+01:00,2026-01-07T13:39:19.396305+01:00
2866,2014-05-15,False,True,2025-12-07T07:12:57.555352+01:00,2025-12-07T07:12:57.555370+01:00
2867,2014-05-14,False,True,2025-12-07T07:12:57.556694+01:00,2025-12-07T07:12:57.556712+01:00
2868,2014-05-13,False,True,2025-12-07T07:12:57.558024+01:00,2025-12-07T07:12:57.558042+01:00
2869,2014-05-12,False,True,2025-12-07T07:12:57.559641+01:00,2025-12-07T07:12:57.559667+01:00
2870,2014-05-09,True,True,2025-12-07T07:12:57.561544+01:00,2026-01-07T13:39:22.502829+01:00
2871,2014-05-08,False,True,2025-12-07T07:12:57.563521+01:00,2025-12-07T07:12:57.563548+01:00
2872,2014-05-07,False,True,2025-12-07T07:12:57.565422+01:00,2025-12-07T07:12:57.565450+01:00
2873,2014-05-06,False,True,2025-12-07T07:12:57.567334+01:00,2025-12-07T07:12:57.567362+01:00
2874,2014-05-05,False,True,2025-12-07T07:12:57.569214+01:00,2025-12-07T07:12:57.569242+01:00
2875,2014-05-02,True,True,2025-12-07T07:12:57.571081+01:00,2026-01-07T13:39:25.498916+01:00
2876,2014-04-30,False,True,2025-12-07T07:12:57.572994+01:00,2025-12-07T07:12:57.573022+01:00
2877,2014-04-29,False,True,2025-12-07T07:12:57.575113+01:00,2025-12-07T07:12:57.575140+01:00
2878,2014-04-28,False,True,2025-12-07T07:12:57.576996+01:00,2025-12-07T07:12:57.577024+01:00
2879,2014-04-25,True,True,2025-12-07T07:12:57.578891+01:00,2026-01-07T12:54:09.585820+01:00
2880,2014-04-24,False,True,2025-12-07T07:12:57.580762+01:00,2025-12-07T07:12:57.580790+01:00
2881,2014-04-23,False,True,2025-12-07T07:12:57.582618+01:00,2025-12-07T07:12:57.582645+01:00
2882,2014-04-22,False,True,2025-12-07T07:12:57.584476+01:00,2025-12-07T07:12:57.584504+01:00
2883,2014-04-21,False,True,2025-12-07T07:12:57.586381+01:00,2025-12-07T07:12:57.586408+01:00
2884,2014-04-18,True,True,2025-12-07T07:12:57.588319+01:00,2026-01-07T13:39:30.181140+01:00
2885,2014-04-17,False,True,2025-12-07T07:12:57.590192+01:00,2025-12-07T07:12:57.590219+01:00
2886,2014-04-16,False,True,2025-12-07T07:12:57.592062+01:00,2025-12-07T07:12:57.592096+01:00
2887,2014-04-15,False,True,2025-12-07T07:12:57.593970+01:00,2025-12-07T07:12:57.593998+01:00
2888,2014-04-14,False,True,2025-12-07T07:12:57.595866+01:00,2025-12-07T07:12:57.595893+01:00
2889,2014-04-11,True,True,2025-12-07T07:12:57.597727+01:00,2026-01-07T13:39:33.079840+01:00
2890,2014-04-10,False,True,2025-12-07T07:12:57.599604+01:00,2025-12-07T07:12:57.599631+01:00
2891,2014-04-09,False,True,2025-12-07T07:12:57.601522+01:00,2025-12-07T07:12:57.601550+01:00
2892,2014-04-08,False,True,2025-12-07T07:12:57.603392+01:00,2025-12-07T07:12:57.603420+01:00
2893,2014-04-07,False,True,2025-12-07T07:12:57.605244+01:00,2025-12-07T07:12:57.605270+01:00
2894,2014-04-04,True,True,2025-12-07T07:12:57.607106+01:00,2026-01-07T13:39:36.003507+01:00
2895,2014-04-03,False,True,2025-12-07T07:12:57.608982+01:00,2025-12-07T07:12:57.609009+01:00
2896,2014-04-02,False,True,2025-12-07T07:12:57.610828+01:00,2025-12-07T07:12:57.610854+01:00
2897,2014-04-01,False,True,2025-12-07T07:12:57.612734+01:00,2025-12-07T07:12:57.612762+01:00
2898,2014-03-31,False,True,2025-12-07T07:12:57.614642+01:00,2025-12-07T07:12:57.614669+01:00
2899,2014-03-28,True,True,2025-12-07T07:12:57.616454+01:00,2026-01-07T13:39:38.977348+01:00
2900,2014-03-27,False,True,2025-12-07T07:12:57.618261+01:00,2025-12-07T07:12:57.618287+01:00
2901,2014-03-26,False,True,2025-12-07T07:12:57.620033+01:00,2025-12-07T07:12:57.620060+01:00
2902,2014-03-25,False,True,2025-12-07T07:12:57.621789+01:00,2025-12-07T07:12:57.621814+01:00
2903,2014-03-24,False,True,2025-12-07T07:12:57.623361+01:00,2025-12-07T07:12:57.623379+01:00
2904,2014-03-21,True,True,2025-12-07T07:12:57.624706+01:00,2026-01-07T13:39:41.864659+01:00
2905,2014-03-20,False,True,2025-12-07T07:12:57.626048+01:00,2025-12-07T07:12:57.626066+01:00
2906,2014-03-19,False,True,2025-12-07T07:12:57.627388+01:00,2025-12-07T07:12:57.627406+01:00
2907,2014-03-18,False,True,2025-12-07T07:12:57.628732+01:00,2025-12-07T07:12:57.628750+01:00
2908,2014-03-17,False,True,2025-12-07T07:12:57.630141+01:00,2025-12-07T07:12:57.630159+01:00
2909,2014-03-14,True,True,2025-12-07T07:12:57.631511+01:00,2026-01-07T13:39:44.748397+01:00
2910,2014-03-13,False,True,2025-12-07T07:12:57.632884+01:00,2025-12-07T07:12:57.632902+01:00
2911,2014-03-12,False,True,2025-12-07T07:12:57.634230+01:00,2025-12-07T07:12:57.634248+01:00
2912,2014-03-11,False,True,2025-12-07T07:12:57.635597+01:00,2025-12-07T07:12:57.635615+01:00
2913,2014-03-10,False,True,2025-12-07T07:12:57.637043+01:00,2025-12-07T07:12:57.637061+01:00
2914,2014-03-07,True,True,2025-12-07T07:12:57.638450+01:00,2026-01-07T13:39:47.534959+01:00
2915,2014-03-06,False,True,2025-12-07T07:12:57.639826+01:00,2025-12-07T07:12:57.639844+01:00
2916,2014-03-05,False,True,2025-12-07T07:12:57.641225+01:00,2025-12-07T07:12:57.641243+01:00
2917,2014-03-04,False,True,2025-12-07T07:12:57.642565+01:00,2025-12-07T07:12:57.642583+01:00
2918,2014-03-03,False,True,2025-12-07T07:12:57.643971+01:00,2025-12-07T07:12:57.643990+01:00
2920,2014-02-27,False,True,2025-12-07T07:12:57.646948+01:00,2025-12-07T07:12:57.646967+01:00
2921,2014-02-26,False,True,2025-12-07T07:12:57.648423+01:00,2025-12-07T07:12:57.648443+01:00
2922,2014-02-25,False,True,2025-12-07T07:12:57.649910+01:00,2025-12-07T07:12:57.649930+01:00
2923,2014-02-24,False,True,2025-12-07T07:12:57.651335+01:00,2025-12-07T07:12:57.651354+01:00
2925,2014-02-20,False,True,2025-12-07T07:12:57.654226+01:00,2025-12-07T07:12:57.654245+01:00
2926,2014-02-19,False,True,2025-12-07T07:12:57.655714+01:00,2025-12-07T07:12:57.655734+01:00
2927,2014-02-18,False,True,2025-12-07T07:12:57.657135+01:00,2025-12-07T07:12:57.657154+01:00
2928,2014-02-17,False,True,2025-12-07T07:12:57.658627+01:00,2025-12-07T07:12:57.658647+01:00
2929,2014-02-14,True,True,2025-12-07T07:12:57.660442+01:00,2026-01-07T13:39:56.088438+01:00
2930,2014-02-13,False,True,2025-12-07T07:12:57.662345+01:00,2025-12-07T07:12:57.662373+01:00
2931,2014-02-12,False,True,2025-12-07T07:12:57.664292+01:00,2025-12-07T07:12:57.664321+01:00
2932,2014-02-11,False,True,2025-12-07T07:12:57.666182+01:00,2025-12-07T07:12:57.666209+01:00
2933,2014-02-10,False,True,2025-12-07T07:12:57.668090+01:00,2025-12-07T07:12:57.668116+01:00
2934,2014-02-07,True,True,2025-12-07T07:12:57.669949+01:00,2026-01-07T13:39:58.875706+01:00
2935,2014-02-06,False,True,2025-12-07T07:12:57.674255+01:00,2025-12-07T07:12:57.674283+01:00
2936,2014-02-05,False,True,2025-12-07T07:12:57.676186+01:00,2025-12-07T07:12:57.676216+01:00
2937,2014-02-04,False,True,2025-12-07T07:12:57.678124+01:00,2025-12-07T07:12:57.678151+01:00
2938,2014-02-03,False,True,2025-12-07T07:12:57.680047+01:00,2025-12-07T07:12:57.680074+01:00
2939,2014-01-31,True,True,2025-12-07T07:12:57.681952+01:00,2026-01-07T13:40:01.756417+01:00
2940,2014-01-30,False,True,2025-12-07T07:12:57.683832+01:00,2025-12-07T07:12:57.683859+01:00
2941,2014-01-29,False,True,2025-12-07T07:12:57.685768+01:00,2025-12-07T07:12:57.685796+01:00
2942,2014-01-28,False,True,2025-12-07T07:12:57.687735+01:00,2025-12-07T07:12:57.687763+01:00
2943,2014-01-27,False,True,2025-12-07T07:12:57.689641+01:00,2025-12-07T07:12:57.689667+01:00
2944,2014-01-24,True,True,2025-12-07T07:12:57.691498+01:00,2026-01-07T13:40:04.576439+01:00
2945,2014-01-23,False,True,2025-12-07T07:12:57.693390+01:00,2025-12-07T07:12:57.693417+01:00
2946,2014-01-22,False,True,2025-12-07T07:12:57.695283+01:00,2025-12-07T07:12:57.695311+01:00
2947,2014-01-21,False,True,2025-12-07T07:12:57.697204+01:00,2025-12-07T07:12:57.697231+01:00
2948,2014-01-20,False,True,2025-12-07T07:12:57.699098+01:00,2025-12-07T07:12:57.699126+01:00
2949,2014-01-17,True,True,2025-12-07T07:12:57.701026+01:00,2026-01-07T13:40:07.482125+01:00
2950,2014-01-16,False,True,2025-12-07T07:12:57.702932+01:00,2025-12-07T07:12:57.702960+01:00
2951,2014-01-13,False,True,2025-12-07T07:12:57.704802+01:00,2025-12-07T07:12:57.704830+01:00
2952,2014-01-10,True,True,2025-12-07T07:12:57.706662+01:00,2026-01-07T12:48:25.159308+01:00
2953,2014-01-09,False,True,2025-12-07T07:12:57.708537+01:00,2025-12-07T07:12:57.708565+01:00
2954,2014-01-08,False,True,2025-12-07T07:12:57.710385+01:00,2025-12-07T07:12:57.710411+01:00
2955,2014-01-07,False,True,2025-12-07T07:12:57.712239+01:00,2025-12-07T07:12:57.712267+01:00
2956,2014-01-06,False,True,2025-12-07T07:12:57.714098+01:00,2025-12-07T07:12:57.714126+01:00
2957,2014-01-03,True,True,2025-12-07T07:12:57.715967+01:00,2026-01-07T13:40:11.544271+01:00
2959,2013-12-31,False,True,2025-12-07T07:12:57.719721+01:00,2025-12-07T07:12:57.719748+01:00
2961,2013-12-27,True,True,2025-12-07T07:12:57.723293+01:00,2026-01-07T13:40:13.919313+01:00
2962,2013-12-26,False,True,2025-12-07T07:12:57.724813+01:00,2025-12-07T07:12:57.724833+01:00
2963,2013-12-25,False,True,2025-12-07T07:12:57.726239+01:00,2025-12-07T07:12:57.726259+01:00
2964,2013-12-24,False,True,2025-12-07T07:12:57.727651+01:00,2025-12-07T07:12:57.727670+01:00
2965,2013-12-23,False,True,2025-12-07T07:12:57.729074+01:00,2025-12-07T07:12:57.729094+01:00
2966,2013-12-20,True,True,2025-12-07T07:12:57.730506+01:00,2026-01-07T13:40:16.746115+01:00
2967,2013-12-19,False,True,2025-12-07T07:12:57.731854+01:00,2025-12-07T07:12:57.731872+01:00
2968,2013-12-18,False,True,2025-12-07T07:12:57.733182+01:00,2025-12-07T07:12:57.733201+01:00
2969,2013-12-17,False,True,2025-12-07T07:12:57.734576+01:00,2025-12-07T07:12:57.734595+01:00
2970,2013-12-16,False,True,2025-12-07T07:12:57.735976+01:00,2025-12-07T07:12:57.735994+01:00
2971,2013-12-13,True,True,2025-12-07T07:12:57.737375+01:00,2026-01-07T13:05:37.375252+01:00
2972,2013-12-12,False,True,2025-12-07T07:12:57.738809+01:00,2025-12-07T07:12:57.738828+01:00
2973,2013-12-11,False,True,2025-12-07T07:12:57.740236+01:00,2025-12-07T07:12:57.740255+01:00
2974,2013-12-10,False,True,2025-12-07T07:12:57.741644+01:00,2025-12-07T07:12:57.741662+01:00
2975,2013-12-09,False,True,2025-12-07T07:12:57.743027+01:00,2025-12-07T07:12:57.743045+01:00
2976,2013-12-06,True,True,2025-12-07T07:12:57.744359+01:00,2026-01-07T13:40:21.965124+01:00
2977,2013-12-05,False,True,2025-12-07T07:12:57.745807+01:00,2025-12-07T07:12:57.745826+01:00
2978,2013-12-04,False,True,2025-12-07T07:12:57.747156+01:00,2025-12-07T07:12:57.747174+01:00
2979,2013-12-03,False,True,2025-12-07T07:12:57.748544+01:00,2025-12-07T07:12:57.748562+01:00
2980,2013-12-02,False,True,2025-12-07T07:12:57.749899+01:00,2025-12-07T07:12:57.749917+01:00
2981,2013-11-29,True,True,2025-12-07T07:12:57.751275+01:00,2026-01-07T13:40:24.889978+01:00
2982,2013-11-28,False,True,2025-12-07T07:12:57.752647+01:00,2025-12-07T07:12:57.752666+01:00
2983,2013-11-27,False,True,2025-12-07T07:12:57.753981+01:00,2025-12-07T07:12:57.753999+01:00
2984,2013-11-26,False,True,2025-12-07T07:12:57.755315+01:00,2025-12-07T07:12:57.755333+01:00
2985,2013-11-25,False,True,2025-12-07T07:12:57.756692+01:00,2025-12-07T07:12:57.756711+01:00
2986,2013-11-22,True,True,2025-12-07T07:12:57.758031+01:00,2026-01-07T13:40:27.836824+01:00
2987,2013-11-21,False,True,2025-12-07T07:12:57.759673+01:00,2025-12-07T07:12:57.759707+01:00
2988,2013-11-20,False,True,2025-12-07T07:12:57.761534+01:00,2025-12-07T07:12:57.761559+01:00
2989,2013-11-19,False,True,2025-12-07T07:12:57.763335+01:00,2025-12-07T07:12:57.763361+01:00
2990,2013-11-15,True,True,2025-12-07T07:12:57.765121+01:00,2026-01-07T13:40:30.028442+01:00
2991,2013-11-14,False,True,2025-12-07T07:12:57.766983+01:00,2025-12-07T07:12:57.767009+01:00
2992,2013-11-13,False,True,2025-12-07T07:12:57.768806+01:00,2025-12-07T07:12:57.768832+01:00
2993,2013-11-12,False,True,2025-12-07T07:12:57.770614+01:00,2025-12-07T07:12:57.770640+01:00
2994,2013-11-11,False,True,2025-12-07T07:12:57.772812+01:00,2025-12-07T07:12:57.772837+01:00
2996,2013-11-07,False,True,2025-12-07T07:12:57.777128+01:00,2025-12-07T07:12:57.777152+01:00
2997,2013-11-04,False,True,2025-12-07T07:12:57.779226+01:00,2025-12-07T07:12:57.779251+01:00
2999,2013-10-31,False,True,2025-12-07T07:12:57.783940+01:00,2025-12-07T07:12:57.783966+01:00
3000,2013-10-30,False,True,2025-12-07T07:12:57.786123+01:00,2025-12-07T07:12:57.786149+01:00
3001,2013-10-29,False,True,2025-12-07T07:12:57.788314+01:00,2025-12-07T07:12:57.788340+01:00
3002,2013-10-28,False,True,2025-12-07T07:12:57.790480+01:00,2025-12-07T07:12:57.790507+01:00
3003,2013-10-25,True,True,2025-12-07T07:12:57.792705+01:00,2026-01-07T13:40:37.502093+01:00
3004,2013-10-24,False,True,2025-12-07T07:12:57.794739+01:00,2025-12-07T07:12:57.794765+01:00
3005,2013-10-23,False,True,2025-12-07T07:12:57.796836+01:00,2025-12-07T07:12:57.796862+01:00
3006,2013-10-22,False,True,2025-12-07T07:12:57.798877+01:00,2025-12-07T07:12:57.798913+01:00
3007,2013-10-21,True,True,2025-12-07T07:12:57.801015+01:00,2026-01-07T13:40:39.702007+01:00
3008,2013-10-15,False,True,2025-12-07T07:12:57.803180+01:00,2025-12-07T07:12:57.803206+01:00
3009,2013-10-14,False,True,2025-12-07T07:12:57.805355+01:00,2025-12-07T07:12:57.805383+01:00
3010,2013-10-11,True,True,2025-12-07T07:12:57.807553+01:00,2026-01-07T13:40:41.474680+01:00
3011,2013-10-10,False,True,2025-12-07T07:12:57.809706+01:00,2025-12-07T07:12:57.809734+01:00
3012,2013-10-09,False,True,2025-12-07T07:12:57.811922+01:00,2025-12-07T07:12:57.811948+01:00
3013,2013-10-08,False,True,2025-12-07T07:12:57.814035+01:00,2025-12-07T07:12:57.814060+01:00
3014,2013-10-07,False,True,2025-12-07T07:12:57.816065+01:00,2025-12-07T07:12:57.816091+01:00
3015,2013-10-04,True,True,2025-12-07T07:12:57.818112+01:00,2026-01-07T13:40:44.449852+01:00
3016,2013-10-03,False,True,2025-12-07T07:12:57.820164+01:00,2025-12-07T07:12:57.820190+01:00
3017,2013-10-02,False,True,2025-12-07T07:12:57.822246+01:00,2025-12-07T07:12:57.822271+01:00
3018,2013-10-01,False,True,2025-12-07T07:12:57.824150+01:00,2025-12-07T07:12:57.824168+01:00
3019,2013-09-30,False,True,2025-12-07T07:12:57.825736+01:00,2025-12-07T07:12:57.825754+01:00
3020,2013-09-27,True,True,2025-12-07T07:12:57.827326+01:00,2026-01-07T13:40:47.188154+01:00
3021,2013-09-26,False,True,2025-12-07T07:12:57.828888+01:00,2025-12-07T07:12:57.828906+01:00
3022,2013-09-25,False,True,2025-12-07T07:12:57.830517+01:00,2025-12-07T07:12:57.830537+01:00
3023,2013-09-24,False,True,2025-12-07T07:12:57.832210+01:00,2025-12-07T07:12:57.832228+01:00
3024,2013-09-23,False,True,2025-12-07T07:12:57.833759+01:00,2025-12-07T07:12:57.833777+01:00
3025,2013-09-20,True,True,2025-12-07T07:12:57.835308+01:00,2026-01-07T13:06:39.763122+01:00
3026,2013-09-19,False,True,2025-12-07T07:12:57.837046+01:00,2025-12-07T07:12:57.837064+01:00
3027,2013-09-18,False,True,2025-12-07T07:12:57.838711+01:00,2025-12-07T07:12:57.838729+01:00
3028,2013-09-17,False,True,2025-12-07T07:12:57.840346+01:00,2025-12-07T07:12:57.840364+01:00
3029,2013-09-16,False,True,2025-12-07T07:12:57.841905+01:00,2025-12-07T07:12:57.841923+01:00
3030,2013-09-13,True,True,2025-12-07T07:12:57.843586+01:00,2026-01-07T13:40:52.625935+01:00
3031,2013-09-12,False,True,2025-12-07T07:12:57.845288+01:00,2025-12-07T07:12:57.845306+01:00
3032,2013-09-11,False,True,2025-12-07T07:12:57.846920+01:00,2025-12-07T07:12:57.846938+01:00
3033,2013-09-10,False,True,2025-12-07T07:12:57.848514+01:00,2025-12-07T07:12:57.848532+01:00
3034,2013-09-09,False,True,2025-12-07T07:12:57.850094+01:00,2025-12-07T07:12:57.850114+01:00
3035,2013-09-06,True,True,2025-12-07T07:12:57.851714+01:00,2026-01-07T13:40:55.509893+01:00
3036,2013-09-05,False,True,2025-12-07T07:12:57.853291+01:00,2025-12-07T07:12:57.853309+01:00
3037,2013-09-04,False,True,2025-12-07T07:12:57.854912+01:00,2025-12-07T07:12:57.854932+01:00
3038,2013-09-03,False,True,2025-12-07T07:12:57.856565+01:00,2025-12-07T07:12:57.856584+01:00
3039,2013-09-02,False,True,2025-12-07T07:12:57.858157+01:00,2025-12-07T07:12:57.858174+01:00
3040,2013-08-30,True,True,2025-12-07T07:12:57.860084+01:00,2026-01-07T13:40:58.472354+01:00
3041,2013-08-29,False,True,2025-12-07T07:12:57.862193+01:00,2025-12-07T07:12:57.862259+01:00
3042,2013-08-28,False,True,2025-12-07T07:12:57.864394+01:00,2025-12-07T07:12:57.864419+01:00
3043,2013-08-27,False,True,2025-12-07T07:12:57.866471+01:00,2025-12-07T07:12:57.866497+01:00
3044,2013-08-26,False,True,2025-12-07T07:12:57.868529+01:00,2025-12-07T07:12:57.868554+01:00
3045,2013-08-23,True,True,2025-12-07T07:12:57.870755+01:00,2026-01-07T13:41:01.281264+01:00
3046,2013-08-22,False,True,2025-12-07T07:12:57.872899+01:00,2025-12-07T07:12:57.872924+01:00
3047,2013-08-19,False,True,2025-12-07T07:12:57.874909+01:00,2025-12-07T07:12:57.874935+01:00
3048,2013-08-16,True,True,2025-12-07T07:12:57.877059+01:00,2026-01-07T13:41:02.892311+01:00
3049,2013-08-15,False,True,2025-12-07T07:12:57.879118+01:00,2025-12-07T07:12:57.879145+01:00
3050,2013-08-13,False,True,2025-12-07T07:12:57.881306+01:00,2025-12-07T07:12:57.881332+01:00
3052,2013-08-08,False,True,2025-12-07T07:12:57.885599+01:00,2025-12-07T07:12:57.885627+01:00
3053,2013-08-07,False,True,2025-12-07T07:12:57.887748+01:00,2025-12-07T07:12:57.887774+01:00
3054,2013-08-06,False,True,2025-12-07T07:12:57.889804+01:00,2025-12-07T07:12:57.889830+01:00
3055,2013-08-05,False,True,2025-12-07T07:12:57.891974+01:00,2025-12-07T07:12:57.892000+01:00
3057,2013-08-01,False,True,2025-12-07T07:12:57.896182+01:00,2025-12-07T07:12:57.896210+01:00
3058,2013-07-31,False,True,2025-12-07T07:12:57.898216+01:00,2025-12-07T07:12:57.898242+01:00
3059,2013-07-29,False,True,2025-12-07T07:12:57.900473+01:00,2025-12-07T07:12:57.900500+01:00
3061,2013-07-25,False,True,2025-12-07T07:12:57.904284+01:00,2025-12-07T07:12:57.904302+01:00
3062,2013-07-24,False,True,2025-12-07T07:12:57.906113+01:00,2025-12-07T07:12:57.906133+01:00
3063,2013-07-23,False,True,2025-12-07T07:12:57.907738+01:00,2025-12-07T07:12:57.907756+01:00
3064,2013-07-22,False,True,2025-12-07T07:12:57.909452+01:00,2025-12-07T07:12:57.909470+01:00
3066,2013-07-18,False,True,2025-12-07T07:12:57.912815+01:00,2025-12-07T07:12:57.912833+01:00
3067,2013-07-17,False,True,2025-12-07T07:12:57.914393+01:00,2025-12-07T07:12:57.914412+01:00
3068,2013-07-16,False,True,2025-12-07T07:12:57.916010+01:00,2025-12-07T07:12:57.916029+01:00
3069,2013-07-15,False,True,2025-12-07T07:12:57.917604+01:00,2025-12-07T07:12:57.917623+01:00
3071,2013-07-11,False,True,2025-12-07T07:12:57.920831+01:00,2025-12-07T07:12:57.920849+01:00
3072,2013-07-10,False,True,2025-12-07T07:12:57.922411+01:00,2025-12-07T07:12:57.922429+01:00
3073,2013-07-09,False,True,2025-12-07T07:12:57.924019+01:00,2025-12-07T07:12:57.924038+01:00
3074,2013-07-08,False,True,2025-12-07T07:12:57.925591+01:00,2025-12-07T07:12:57.925609+01:00
3076,2013-07-04,False,True,2025-12-07T07:12:57.928814+01:00,2025-12-07T07:12:57.928832+01:00
3077,2013-07-03,False,True,2025-12-07T07:12:57.930426+01:00,2025-12-07T07:12:57.930445+01:00
3078,2013-07-02,False,True,2025-12-07T07:12:57.932008+01:00,2025-12-07T07:12:57.932027+01:00
3079,2013-07-01,False,True,2025-12-07T07:12:57.933643+01:00,2025-12-07T07:12:57.933661+01:00
3081,2013-06-27,False,True,2025-12-07T07:12:57.936917+01:00,2025-12-07T07:12:57.936935+01:00
3082,2013-06-26,False,True,2025-12-07T07:12:57.938528+01:00,2025-12-07T07:12:57.938546+01:00
3083,2013-06-25,False,True,2025-12-07T07:12:57.940278+01:00,2025-12-07T07:12:57.940296+01:00
3084,2013-06-24,False,True,2025-12-07T07:12:57.941905+01:00,2025-12-07T07:12:57.941924+01:00
3085,2013-06-21,True,True,2025-12-07T07:12:57.943503+01:00,2026-01-07T13:41:25.004211+01:00
3086,2013-06-20,False,True,2025-12-07T07:12:57.945230+01:00,2025-12-07T07:12:57.945249+01:00
3087,2013-06-19,False,True,2025-12-07T07:12:57.946841+01:00,2025-12-07T07:12:57.946859+01:00
3088,2013-06-18,False,True,2025-12-07T07:12:57.948511+01:00,2025-12-07T07:12:57.948545+01:00
3089,2013-06-17,False,True,2025-12-07T07:12:57.950153+01:00,2025-12-07T07:12:57.950171+01:00
3090,2013-06-14,True,True,2025-12-07T07:12:57.951798+01:00,2026-01-07T12:59:07.538971+01:00
3091,2013-06-13,False,True,2025-12-07T07:12:57.953444+01:00,2025-12-07T07:12:57.953462+01:00
3092,2013-06-12,False,True,2025-12-07T07:12:57.955008+01:00,2025-12-07T07:12:57.955027+01:00
3093,2013-06-11,False,True,2025-12-07T07:12:57.956703+01:00,2025-12-07T07:12:57.956722+01:00
3094,2013-06-10,False,True,2025-12-07T07:12:57.958315+01:00,2025-12-07T07:12:57.958333+01:00
3095,2013-06-07,True,True,2025-12-07T07:12:57.960113+01:00,2026-01-07T13:41:30.246591+01:00
3096,2013-06-06,False,True,2025-12-07T07:12:57.961677+01:00,2025-12-07T07:12:57.961703+01:00
3097,2013-06-05,False,True,2025-12-07T07:12:57.963378+01:00,2025-12-07T07:12:57.963396+01:00
3098,2013-06-04,False,True,2025-12-07T07:12:57.964868+01:00,2025-12-07T07:12:57.964887+01:00
3099,2013-06-03,False,True,2025-12-07T07:12:57.966387+01:00,2025-12-07T07:12:57.966405+01:00
3100,2013-05-31,True,True,2025-12-07T07:12:57.967871+01:00,2026-01-07T13:41:33.466583+01:00
3101,2013-05-30,False,True,2025-12-07T07:12:57.969303+01:00,2025-12-07T07:12:57.969341+01:00
3102,2013-05-29,False,True,2025-12-07T07:12:57.970764+01:00,2025-12-07T07:12:57.970798+01:00
3103,2013-05-28,False,True,2025-12-07T07:12:57.972208+01:00,2025-12-07T07:12:57.972225+01:00
3104,2013-05-27,False,True,2025-12-07T07:12:57.973612+01:00,2025-12-07T07:12:57.973631+01:00
3105,2013-05-24,True,True,2025-12-07T07:12:57.975064+01:00,2026-01-07T13:41:36.574606+01:00
3106,2013-05-23,False,True,2025-12-07T07:12:57.976517+01:00,2025-12-07T07:12:57.976535+01:00
3107,2013-05-22,False,True,2025-12-07T07:12:57.977982+01:00,2025-12-07T07:12:57.978000+01:00
3108,2013-05-21,False,True,2025-12-07T07:12:57.981742+01:00,2025-12-07T07:12:57.981760+01:00
3109,2013-05-20,False,True,2025-12-07T07:12:57.983242+01:00,2025-12-07T07:12:57.983260+01:00
3110,2013-05-17,True,True,2025-12-07T07:12:57.984798+01:00,2026-01-07T12:53:12.758897+01:00
3111,2013-05-16,False,True,2025-12-07T07:12:57.986359+01:00,2025-12-07T07:12:57.986380+01:00
3112,2013-05-15,False,True,2025-12-07T07:12:57.987809+01:00,2025-12-07T07:12:57.987827+01:00
6641,1995-01-13,True,True,2025-12-07T07:13:16.397664+01:00,2026-01-07T14:13:22.657342+01:00
6642,1995-01-06,True,True,2025-12-07T07:13:16.399610+01:00,2026-01-07T14:13:23.107274+01:00
6643,1995-01-02,True,True,2025-12-07T07:13:16.401459+01:00,2026-01-07T14:13:23.552122+01:00
