id,categorie,closed,created,droits_entree,droits_sortie,affectation_du_resultat,code_isin,nature_juridique,commercialisateur,code_maroclear,frais_gestion,nom,periodicite,souscripteur,type,promoteur,indice_de_benchmark,sensibilite,le_depositaire,sdg.id,sdg.emails,sdg.actif_sous_gestion,sdg.adresse,sdg.capital,sdg.fax,sdg.image,sdg.nom,sdg.telephone,sdg.emails_cotisations,sdg.website,sdg.civilite,sdg.politesse,sdg.nom_et_prenom,sdg.fonction,sdg.ville,sdg.ice
502,,,2020-07-03,0.0,0.0,CAPITALISANT,MA0000038630,FCP,AFRICAPITAL MANAGEMENT,3863,0.02,AC SECUR RENDEMENT,HEBDOMADAIRE,FNPP,OMLT,,MBI GLOBAL,"]1,1    7]",CDG,2,"['w.kanas@africapital.ma', 'm.jaidi@africapital.ma', 'm.oumoulid@africapital.ma']",15206711256.91,"Capital Tower, Angle Main Street et du Boulevard Abdellah Bencherif. 17ème étage. Casablanca.",,,,AFRICAPITAL MANAGEMENT,+212 522 978 180,"['asfim@asfim.ma', 'r.elhonsali@asfim.ma', 'a.arrias@africapital.ma', 'm.najme@africapital.ma']",,Monsieur,Monsieur,Mehdi NAJME,Directeur Général,CASABLANCA,000191043000008
82,,,2014-11-21,0.03,0.03,CAPITALISANT,MA0000037640,FCP,AD CAPITAL ASSET MANAGEMENT; AD CAPITAL GROUP,3764,0.02,AD BALANCED FUND,HEBDOMADAIRE,FGP,DIVERSIFIÉ,,50% MASI + 50% MBI MLT,-,BANK OF AFRICA,1,"['aelghazi@adcapital.ma', 'sfahlaoui@adcapital.ma', 'abenyahia@adcapital.ma']",19056725489.08,"411 Route D’El Jadida, 1er étage, Oasis, Casablanca, Maroc.",,aelghazi@adcapital.ma,,AD CAPITAL ASSET MANAGEMENT,+212 (0)522 25 17 45,"['asfim@asfim.ma', 'r.elhonsali@asfim.ma', 'tobaid@adcapital.ma', 'aelghazi@adcapital.ma', 'jamaddah@adcapital.ma']",,Monsieur,Monsieur,Tariq OBAID,Directeur Général Délégué,CASABLANCA,001646240000024
86,,,2010-05-28,0.03,0.03,CAPITALISANT,MA0000037087,FCP,AD CAPITAL ASSET MANAGEMENT; AD CAPITAL GROUP,3708,0.02,AD BONDS,HEBDOMADAIRE,FGP,OMLT,,MBI MLT,"[1,1  5,1[",ATTIJARIWAFA BANK,1,"['aelghazi@adcapital.ma', 'sfahlaoui@adcapital.ma', 'abenyahia@adcapital.ma']",19056725489.08,"411 Route D’El Jadida, 1er étage, Oasis, Casablanca, Maroc.",,aelghazi@adcapital.ma,,AD CAPITAL ASSET MANAGEMENT,+212 (0)522 25 17 45,"['asfim@asfim.ma', 'r.elhonsali@asfim.ma', 'tobaid@adcapital.ma', 'aelghazi@adcapital.ma', 'jamaddah@adcapital.ma']",,Monsieur,Monsieur,Tariq OBAID,Directeur Général Délégué,CASABLANCA,001646240000024
642,,,2026-05-07,0.03,0.015,MIXTE,MA0000300030,FCP,AD CAPITAL ASSET MANAGEMENT; AD CAPITAL GROUP,30003,0.02,AD CAPITAL DYNAMIC BOND,QUOTIDIENNE,FGP,OMLT,,MBI MLT,[3  7],BANQUE CENTRALE POPULAIRE,1,"['aelghazi@adcapital.ma', 'sfahlaoui@adcapital.ma', 'abenyahia@adcapital.ma']",19056725489.08,"411 Route D’El Jadida, 1er étage, Oasis, Casablanca, Maroc.",,aelghazi@adcapital.ma,,AD CAPITAL ASSET MANAGEMENT,+212 (0)522 25 17 45,"['asfim@asfim.ma', 'r.elhonsali@asfim.ma', 'tobaid@adcapital.ma', 'aelghazi@adcapital.ma', 'jamaddah@adcapital.ma']",,Monsieur,Monsieur,Tariq OBAID,Directeur Général Délégué,CASABLANCA,001646240000024
643,,,2026-05-07,0.03,0.015,MIXTE,MA0000300048,FCP,AD CAPITAL ASSET MANAGEMENT; AD CAPITAL GROUP,30004,0.02,AD CAPITAL MULTISTRATEGIE,QUOTIDIENNE,FGP,ACTIONS,,MASI,-,CREDIT DU MAROC,1,"['aelghazi@adcapital.ma', 'sfahlaoui@adcapital.ma', 'abenyahia@adcapital.ma']",19056725489.08,"411 Route D’El Jadida, 1er étage, Oasis, Casablanca, Maroc.",,aelghazi@adcapital.ma,,AD CAPITAL ASSET MANAGEMENT,+212 (0)522 25 17 45,"['asfim@asfim.ma', 'r.elhonsali@asfim.ma', 'tobaid@adcapital.ma', 'aelghazi@adcapital.ma', 'jamaddah@adcapital.ma']",,Monsieur,Monsieur,Tariq OBAID,Directeur Général Délégué,CASABLANCA,001646240000024
644,,,2026-05-07,0.03,0.015,MIXTE,MA0000300055,FCP,AD CAPITAL ASSET MANAGEMENT; AD CAPITAL GROUP,30005,0.02,AD CAPITAL OBLIGATAIRE PLUS,QUOTIDIENNE,FGP,OMLT,,MBI MLT,[3  7],SAHAM BANK,1,"['aelghazi@adcapital.ma', 'sfahlaoui@adcapital.ma', 'abenyahia@adcapital.ma']",19056725489.08,"411 Route D’El Jadida, 1er étage, Oasis, Casablanca, Maroc.",,aelghazi@adcapital.ma,,AD CAPITAL ASSET MANAGEMENT,+212 (0)522 25 17 45,"['asfim@asfim.ma', 'r.elhonsali@asfim.ma', 'tobaid@adcapital.ma', 'aelghazi@adcapital.ma', 'jamaddah@adcapital.ma']",,Monsieur,Monsieur,Tariq OBAID,Directeur Général Délégué,CASABLANCA,001646240000024
87,,,2010-05-28,0.03,0.03,CAPITALISANT,MA0000037095,FCP,AD CAPITAL ASSET MANAGEMENT; AD CAPITAL GROUP,3709,0.02,AD CASH,QUOTIDIENNE,FGP,MONÉTAIRE,,MBI CT,[0  0.5[,ATTIJARIWAFA BANK,1,"['aelghazi@adcapital.ma', 'sfahlaoui@adcapital.ma', 'abenyahia@adcapital.ma']",19056725489.08,"411 Route D’El Jadida, 1er étage, Oasis, Casablanca, Maroc.",,aelghazi@adcapital.ma,,AD CAPITAL ASSET MANAGEMENT,+212 (0)522 25 17 45,"['asfim@asfim.ma', 'r.elhonsali@asfim.ma', 'tobaid@adcapital.ma', 'aelghazi@adcapital.ma', 'jamaddah@adcapital.ma']",,Monsieur,Monsieur,Tariq OBAID,Directeur Général Délégué,CASABLANCA,001646240000024
558,,,2022-02-25,0.03,0.03,CAPITALISANT,MA0000039158,FCP,AD CAPITAL ASSET MANAGEMENT; AD CAPITAL GROUP,3915,0.02,AD COMPACT OBLIGATAIRE,HEBDOMADAIRE,FGP,OMLT,,MBI GLOBAL,"[3,5  7,5[",CFG BANK,1,"['aelghazi@adcapital.ma', 'sfahlaoui@adcapital.ma', 'abenyahia@adcapital.ma']",19056725489.08,"411 Route D’El Jadida, 1er étage, Oasis, Casablanca, Maroc.",,aelghazi@adcapital.ma,,AD CAPITAL ASSET MANAGEMENT,+212 (0)522 25 17 45,"['asfim@asfim.ma', 'r.elhonsali@asfim.ma', 'tobaid@adcapital.ma', 'aelghazi@adcapital.ma', 'jamaddah@adcapital.ma']",,Monsieur,Monsieur,Tariq OBAID,Directeur Général Délégué,CASABLANCA,001646240000024
83,,,2014-11-21,0.03,0.03,CAPITALISANT,MA0000037632,FCP,AD CAPITAL ASSET MANAGEMENT; AD CAPITAL GROUP,3763,0.02,AD FIXED INCOME FUND,QUOTIDIENNE,FGP,MONÉTAIRE,,MBI CT,"]0  0,5]",BANK OF AFRICA,1,"['aelghazi@adcapital.ma', 'sfahlaoui@adcapital.ma', 'abenyahia@adcapital.ma']",19056725489.08,"411 Route D’El Jadida, 1er étage, Oasis, Casablanca, Maroc.",,aelghazi@adcapital.ma,,AD CAPITAL ASSET MANAGEMENT,+212 (0)522 25 17 45,"['asfim@asfim.ma', 'r.elhonsali@asfim.ma', 'tobaid@adcapital.ma', 'aelghazi@adcapital.ma', 'jamaddah@adcapital.ma']",,Monsieur,Monsieur,Tariq OBAID,Directeur Général Délégué,CASABLANCA,001646240000024
607,,,2024-09-06,0.03,0.03,DISTRIBUANT,MA0000039554,FCP,AD CAPITAL ASSET MANAGEMENT; AD CAPITAL GROUP,3955,0.02,AD HARMONIE DIVERSIFIÉ,HEBDOMADAIRE,FGP,DIVERSIFIÉ,,50% MASI + 50% MBI MLT,-,ATTIJARIWAFA BANK,1,"['aelghazi@adcapital.ma', 'sfahlaoui@adcapital.ma', 'abenyahia@adcapital.ma']",19056725489.08,"411 Route D’El Jadida, 1er étage, Oasis, Casablanca, Maroc.",,aelghazi@adcapital.ma,,AD CAPITAL ASSET MANAGEMENT,+212 (0)522 25 17 45,"['asfim@asfim.ma', 'r.elhonsali@asfim.ma', 'tobaid@adcapital.ma', 'aelghazi@adcapital.ma', 'jamaddah@adcapital.ma']",,Monsieur,Monsieur,Tariq OBAID,Directeur Général Délégué,CASABLANCA,001646240000024
85,,,2010-05-28,0.03,0.03,CAPITALISANT,MA0000037079,FCP,AD CAPITAL ASSET MANAGEMENT; AD CAPITAL GROUP,3707,0.02,AD MOROCCAN EQUITY FUND,HEBDOMADAIRE,FGP,ACTIONS,,MASI,-,ATTIJARIWAFA BANK,1,"['aelghazi@adcapital.ma', 'sfahlaoui@adcapital.ma', 'abenyahia@adcapital.ma']",19056725489.08,"411 Route D’El Jadida, 1er étage, Oasis, Casablanca, Maroc.",,aelghazi@adcapital.ma,,AD CAPITAL ASSET MANAGEMENT,+212 (0)522 25 17 45,"['asfim@asfim.ma', 'r.elhonsali@asfim.ma', 'tobaid@adcapital.ma', 'aelghazi@adcapital.ma', 'jamaddah@adcapital.ma']",,Monsieur,Monsieur,Tariq OBAID,Directeur Général Délégué,CASABLANCA,001646240000024
561,,,2022-04-29,0.0,0.0,CAPITALISANT,MA0000039182,FCP,AD CAPITAL ASSET MANAGEMENT,3918,0.02,AD SECUR RENDEMENT,HEBDOMADAIRE,FNPP,OMLT,,MBI GLOBAL,"]1,1   7]",CDG,1,"['aelghazi@adcapital.ma', 'sfahlaoui@adcapital.ma', 'abenyahia@adcapital.ma']",19056725489.08,"411 Route D’El Jadida, 1er étage, Oasis, Casablanca, Maroc.",,aelghazi@adcapital.ma,,AD CAPITAL ASSET MANAGEMENT,+212 (0)522 25 17 45,"['asfim@asfim.ma', 'r.elhonsali@asfim.ma', 'tobaid@adcapital.ma', 'aelghazi@adcapital.ma', 'jamaddah@adcapital.ma']",,Monsieur,Monsieur,Tariq OBAID,Directeur Général Délégué,CASABLANCA,001646240000024
557,,,2022-02-22,0.03,0.03,CAPITALISANT,MA0000039141,FCP,AD CAPITAL ASSET MANAGEMENT; AD CAPITAL GROUP,3914,0.02,AD SELECT BANQUES,QUOTIDIENNE,FGP,OCT,,MBI CT,"]0,5 1,1]",CFG BANK,1,"['aelghazi@adcapital.ma', 'sfahlaoui@adcapital.ma', 'abenyahia@adcapital.ma']",19056725489.08,"411 Route D’El Jadida, 1er étage, Oasis, Casablanca, Maroc.",,aelghazi@adcapital.ma,,AD CAPITAL ASSET MANAGEMENT,+212 (0)522 25 17 45,"['asfim@asfim.ma', 'r.elhonsali@asfim.ma', 'tobaid@adcapital.ma', 'aelghazi@adcapital.ma', 'jamaddah@adcapital.ma']",,Monsieur,Monsieur,Tariq OBAID,Directeur Général Délégué,CASABLANCA,001646240000024
84,,,2014-11-21,0.03,0.03,CAPITALISANT,MA0000037624,FCP,AD CAPITAL ASSET MANAGEMENT; AD CAPITAL GROUP,3762,0.02,AD YIELD FUND,QUOTIDIENNE,FGP,OCT,,MBI CT,"]0,5 1,1]",BANK OF AFRICA,1,"['aelghazi@adcapital.ma', 'sfahlaoui@adcapital.ma', 'abenyahia@adcapital.ma']",19056725489.08,"411 Route D’El Jadida, 1er étage, Oasis, Casablanca, Maroc.",,aelghazi@adcapital.ma,,AD CAPITAL ASSET MANAGEMENT,+212 (0)522 25 17 45,"['asfim@asfim.ma', 'r.elhonsali@asfim.ma', 'tobaid@adcapital.ma', 'aelghazi@adcapital.ma', 'jamaddah@adcapital.ma']",,Monsieur,Monsieur,Tariq OBAID,Directeur Général Délégué,CASABLANCA,001646240000024
386,,,2009-09-11,0.03,0.015,CAPITALISANT,MA0000036840,FCP,WAFA GESTION,3684,0.02,AFAK CRP,HEBDOMADAIRE,FNPP,DIVERSIFIÉ,INSTITUTIONNELS,"37,5% MBI MLT + 37,5% MBI MT + 25% MASI RB",-,ATTIJARIWAFA BANK,16,"['mohamed.berrada1@attijariwafa.com', 'h.nokra@attijariwafa.com', 'g.mrini@attijariwafa.com', 'n.ouhatta@attijariwafa.com']",192315700959.16,"416, rue Mustapha EL Maani – Casablanca – Maroc",,,,WAFA GESTION,+212 522 453 838,"['asfim@asfim.ma', 'r.elhonsali@asfim.ma', 'k.bensouda@attijariwafa.com', 'n.ouhatta@attijariwafa.com', 'mohamed.berrada1@attijariwafa.com', 'R.Hilali@attijariwafa.com']",,Monsieur,Monsieur,Reda HILALI,Directeur Général,CASABLANCA,001698382000048
608,,,2024-09-23,0.03,0.03,MIXTE,MA0000039570,FCP,AFG ASSET MANAGEMENT,3957,0.02,AFG ACTIVE BOND FUND,QUOTIDIENNE,FGP,OMLT,,95% MBI GLOBAL + 5% MASI,]4  8],BANQUE CENTRALE POPULAIRE,19,"['nisrine.adel@afg-am.com', 'houda.najim@afg-am.com', 'elmehdi.rossi@afg-am.com', 'loutfi.elmoutaouakil@afg-am.com']",23968249285.97,"3, Boulevard Massira Al Khadra, 3ème étage – Casablanca – Maroc",,nisrine.adel@afg-am.com,,AFG ASSET MANAGEMENT,+212(0)522 05 12 12,"['asfim@asfim.ma', 'r.elhonsali@asfim.ma', 'souhail.chalabi@afg-am.com', 'nisrine.adel@afg-am.com', 'yousra.kalakhi@afg-am.com']",https://www.afgassetmanagement.com/,Monsieur,Monsieur,Souhail CHALABI,Directeur Général,CASABLANCA,000529601000028
641,,,2026-04-22,0.03,0.03,MIXTE,MA0000039968,FCP,AFG ASSET MANAGEMENT,3996,0.02,AFG ALLOCATION FUND,QUOTIDIENNE,FNPP,DIVERSIFIÉ,INSTITUTIONNELS,70% MBI GLOBAL + 30% MASI,-,ATTIJARIWAFA BANK,19,"['nisrine.adel@afg-am.com', 'houda.najim@afg-am.com', 'elmehdi.rossi@afg-am.com', 'loutfi.elmoutaouakil@afg-am.com']",23968249285.97,"3, Boulevard Massira Al Khadra, 3ème étage – Casablanca – Maroc",,nisrine.adel@afg-am.com,,AFG ASSET MANAGEMENT,+212(0)522 05 12 12,"['asfim@asfim.ma', 'r.elhonsali@asfim.ma', 'souhail.chalabi@afg-am.com', 'nisrine.adel@afg-am.com', 'yousra.kalakhi@afg-am.com']",https://www.afgassetmanagement.com/,Monsieur,Monsieur,Souhail CHALABI,Directeur Général,CASABLANCA,000529601000028
620,,,2025-08-01,0.03,0.03,MIXTE,MA0000039752,FCP,AFG ASSET MANAGEMENT,3975,0.02,AFG BALANCED FUND,QUOTIDIENNE,FGP,DIVERSIFIÉ,,50% MBI GLOBAL + 50% MASI,-,BCP,19,"['nisrine.adel@afg-am.com', 'houda.najim@afg-am.com', 'elmehdi.rossi@afg-am.com', 'loutfi.elmoutaouakil@afg-am.com']",23968249285.97,"3, Boulevard Massira Al Khadra, 3ème étage – Casablanca – Maroc",,nisrine.adel@afg-am.com,,AFG ASSET MANAGEMENT,+212(0)522 05 12 12,"['asfim@asfim.ma', 'r.elhonsali@asfim.ma', 'souhail.chalabi@afg-am.com', 'nisrine.adel@afg-am.com', 'yousra.kalakhi@afg-am.com']",https://www.afgassetmanagement.com/,Monsieur,Monsieur,Souhail CHALABI,Directeur Général,CASABLANCA,000529601000028
419,,,2002-01-04,0.03,0.015,MIXTE,MA0000038952,FCP,AFG ASSET MANAGEMENT,3895,0.02,AFG CASH MANAGEMENT,QUOTIDIENNE,FGP,MONÉTAIRE,,MONIA,"]0  0,5]",SAHAM BANK,19,"['nisrine.adel@afg-am.com', 'houda.najim@afg-am.com', 'elmehdi.rossi@afg-am.com', 'loutfi.elmoutaouakil@afg-am.com']",23968249285.97,"3, Boulevard Massira Al Khadra, 3ème étage – Casablanca – Maroc",,nisrine.adel@afg-am.com,,AFG ASSET MANAGEMENT,+212(0)522 05 12 12,"['asfim@asfim.ma', 'r.elhonsali@asfim.ma', 'souhail.chalabi@afg-am.com', 'nisrine.adel@afg-am.com', 'yousra.kalakhi@afg-am.com']",https://www.afgassetmanagement.com/,Monsieur,Monsieur,Souhail CHALABI,Directeur Général,CASABLANCA,000529601000028
420,,,2002-01-04,0.03,0.015,MIXTE,MA0000038994,FCP,AFG ASSET MANAGEMENT,3899,0.02,AFG DYNAMIC FUND,QUOTIDIENNE,FGP,ACTIONS,,MASI,-,SAHAM BANK,19,"['nisrine.adel@afg-am.com', 'houda.najim@afg-am.com', 'elmehdi.rossi@afg-am.com', 'loutfi.elmoutaouakil@afg-am.com']",23968249285.97,"3, Boulevard Massira Al Khadra, 3ème étage – Casablanca – Maroc",,nisrine.adel@afg-am.com,,AFG ASSET MANAGEMENT,+212(0)522 05 12 12,"['asfim@asfim.ma', 'r.elhonsali@asfim.ma', 'souhail.chalabi@afg-am.com', 'nisrine.adel@afg-am.com', 'yousra.kalakhi@afg-am.com']",https://www.afgassetmanagement.com/,Monsieur,Monsieur,Souhail CHALABI,Directeur Général,CASABLANCA,000529601000028
586,,,2023-05-18,0.03,0.03,MIXTE,MA0000039455,FCP,AFG ASSET MANAGEMENT,3945,0.02,AFG FLEXIBLE FUND,QUOTIDIENNE,FNPP,DIVERSIFIÉ,INSTITUTIONNELS,75% MBI GLOBAL + 25% MASI RB,-,BCP,19,"['nisrine.adel@afg-am.com', 'houda.najim@afg-am.com', 'elmehdi.rossi@afg-am.com', 'loutfi.elmoutaouakil@afg-am.com']",23968249285.97,"3, Boulevard Massira Al Khadra, 3ème étage – Casablanca – Maroc",,nisrine.adel@afg-am.com,,AFG ASSET MANAGEMENT,+212(0)522 05 12 12,"['asfim@asfim.ma', 'r.elhonsali@asfim.ma', 'souhail.chalabi@afg-am.com', 'nisrine.adel@afg-am.com', 'yousra.kalakhi@afg-am.com']",https://www.afgassetmanagement.com/,Monsieur,Monsieur,Souhail CHALABI,Directeur Général,CASABLANCA,000529601000028
585,,,2023-05-18,0.03,0.03,MIXTE,MA0000039448,FCP,AFG ASSET MANAGEMENT,3944,0.02,AFG GOV BOND FUND,QUOTIDIENNE,FGP,OMLT,,MBI GLOBAL,]4  8],ATTIJARIWAFA BANK,19,"['nisrine.adel@afg-am.com', 'houda.najim@afg-am.com', 'elmehdi.rossi@afg-am.com', 'loutfi.elmoutaouakil@afg-am.com']",23968249285.97,"3, Boulevard Massira Al Khadra, 3ème étage – Casablanca – Maroc",,nisrine.adel@afg-am.com,,AFG ASSET MANAGEMENT,+212(0)522 05 12 12,"['asfim@asfim.ma', 'r.elhonsali@asfim.ma', 'souhail.chalabi@afg-am.com', 'nisrine.adel@afg-am.com', 'yousra.kalakhi@afg-am.com']",https://www.afgassetmanagement.com/,Monsieur,Monsieur,Souhail CHALABI,Directeur Général,CASABLANCA,000529601000028
421,,,2003-01-24,0.03,0.03,CAPITALISANT,MA0000038978,FCP,AFG ASSET MANAGEMENT,3897,0.02,AFG INCOME FUND,QUOTIDIENNE,FGP,OMLT,,MBI GLOBAL,]3   7],SAHAM BANK,19,"['nisrine.adel@afg-am.com', 'houda.najim@afg-am.com', 'elmehdi.rossi@afg-am.com', 'loutfi.elmoutaouakil@afg-am.com']",23968249285.97,"3, Boulevard Massira Al Khadra, 3ème étage – Casablanca – Maroc",,nisrine.adel@afg-am.com,,AFG ASSET MANAGEMENT,+212(0)522 05 12 12,"['asfim@asfim.ma', 'r.elhonsali@asfim.ma', 'souhail.chalabi@afg-am.com', 'nisrine.adel@afg-am.com', 'yousra.kalakhi@afg-am.com']",https://www.afgassetmanagement.com/,Monsieur,Monsieur,Souhail CHALABI,Directeur Général,CASABLANCA,000529601000028
416,,,2003-01-24,0.03,0.015,MIXTE,MA0000038960,FCP,AFG ASSET MANAGEMENT,3896,0.02,AFG LIQUIDITY FUND,QUOTIDIENNE,FGP,OCT,,MBI CT,"]0,5 1,1]",SAHAM BANK,19,"['nisrine.adel@afg-am.com', 'houda.najim@afg-am.com', 'elmehdi.rossi@afg-am.com', 'loutfi.elmoutaouakil@afg-am.com']",23968249285.97,"3, Boulevard Massira Al Khadra, 3ème étage – Casablanca – Maroc",,nisrine.adel@afg-am.com,,AFG ASSET MANAGEMENT,+212(0)522 05 12 12,"['asfim@asfim.ma', 'r.elhonsali@asfim.ma', 'souhail.chalabi@afg-am.com', 'nisrine.adel@afg-am.com', 'yousra.kalakhi@afg-am.com']",https://www.afgassetmanagement.com/,Monsieur,Monsieur,Souhail CHALABI,Directeur Général,CASABLANCA,000529601000028
422,,,2003-01-24,0.03,0.015,MIXTE,MA0000038986,FCP,AFG ASSET MANAGEMENT,3898,0.02,AFG OPTIMAL FUND,QUOTIDIENNE,FGP,DIVERSIFIÉ,,70% MBI GLOBAL + 30% MASI,-,SAHAM BANK,19,"['nisrine.adel@afg-am.com', 'houda.najim@afg-am.com', 'elmehdi.rossi@afg-am.com', 'loutfi.elmoutaouakil@afg-am.com']",23968249285.97,"3, Boulevard Massira Al Khadra, 3ème étage – Casablanca – Maroc",,nisrine.adel@afg-am.com,,AFG ASSET MANAGEMENT,+212(0)522 05 12 12,"['asfim@asfim.ma', 'r.elhonsali@asfim.ma', 'souhail.chalabi@afg-am.com', 'nisrine.adel@afg-am.com', 'yousra.kalakhi@afg-am.com']",https://www.afgassetmanagement.com/,Monsieur,Monsieur,Souhail CHALABI,Directeur Général,CASABLANCA,000529601000028
564,,,2022-07-01,0.0,0.0,CAPITALISANT,MA0000039240,FCP,AFG ASSET MANAGEMENT,3924,0.02,AFG SECUR RENDEMENT,HEBDOMADAIRE,FNPP,OMLT,INSTITUTIONNELS,MBI Global,"]1,1  7]",CDG,19,"['nisrine.adel@afg-am.com', 'houda.najim@afg-am.com', 'elmehdi.rossi@afg-am.com', 'loutfi.elmoutaouakil@afg-am.com']",23968249285.97,"3, Boulevard Massira Al Khadra, 3ème étage – Casablanca – Maroc",,nisrine.adel@afg-am.com,,AFG ASSET MANAGEMENT,+212(0)522 05 12 12,"['asfim@asfim.ma', 'r.elhonsali@asfim.ma', 'souhail.chalabi@afg-am.com', 'nisrine.adel@afg-am.com', 'yousra.kalakhi@afg-am.com']",https://www.afgassetmanagement.com/,Monsieur,Monsieur,Souhail CHALABI,Directeur Général,CASABLANCA,000529601000028
579,,,2023-03-23,0.0,0.0,MIXTE,MA0000039372,FCP,AFG ASSET MANAGEMENT,3937,0.02,AFG T-BOND FUND,QUOTIDIENNE,FNPP,OMLT,INSTITUTIONNELS,MBI MLT,"]1,1  10]",ATTIJARIWAFA BANK,19,"['nisrine.adel@afg-am.com', 'houda.najim@afg-am.com', 'elmehdi.rossi@afg-am.com', 'loutfi.elmoutaouakil@afg-am.com']",23968249285.97,"3, Boulevard Massira Al Khadra, 3ème étage – Casablanca – Maroc",,nisrine.adel@afg-am.com,,AFG ASSET MANAGEMENT,+212(0)522 05 12 12,"['asfim@asfim.ma', 'r.elhonsali@asfim.ma', 'souhail.chalabi@afg-am.com', 'nisrine.adel@afg-am.com', 'yousra.kalakhi@afg-am.com']",https://www.afgassetmanagement.com/,Monsieur,Monsieur,Souhail CHALABI,Directeur Général,CASABLANCA,000529601000028
21,,,2010-01-28,0.03,0.03,CAPITALISANT,MA0000036865,FCP,AFRICAPITAL MANAGEMENT,3686,0.02,AFRICAPITAL BONDS,HEBDOMADAIRE,FGP,OMLT,,MBI MLT,]1.1  5.1],ATTIJARIWAFA BANK,2,"['w.kanas@africapital.ma', 'm.jaidi@africapital.ma', 'm.oumoulid@africapital.ma']",15206711256.91,"Capital Tower, Angle Main Street et du Boulevard Abdellah Bencherif. 17ème étage. Casablanca.",,,,AFRICAPITAL MANAGEMENT,+212 522 978 180,"['asfim@asfim.ma', 'r.elhonsali@asfim.ma', 'a.arrias@africapital.ma', 'm.najme@africapital.ma']",,Monsieur,Monsieur,Mehdi NAJME,Directeur Général,CASABLANCA,000191043000008
20,,,2010-01-28,0.02,0.02,CAPITALISANT,MA0000036873,FCP,AFRICAPITAL MANAGEMENT,3687,0.02,AFRICAPITAL CASH,QUOTIDIENNE,FGP,OCT,,MBI CT,]0.5  1.1],ATTIJARIWAFA BANK,2,"['w.kanas@africapital.ma', 'm.jaidi@africapital.ma', 'm.oumoulid@africapital.ma']",15206711256.91,"Capital Tower, Angle Main Street et du Boulevard Abdellah Bencherif. 17ème étage. Casablanca.",,,,AFRICAPITAL MANAGEMENT,+212 522 978 180,"['asfim@asfim.ma', 'r.elhonsali@asfim.ma', 'a.arrias@africapital.ma', 'm.najme@africapital.ma']",,Monsieur,Monsieur,Mehdi NAJME,Directeur Général,CASABLANCA,000191043000008
22,,,2008-10-27,0.03,0.03,CAPITALISANT,MA0000036790,FCP,AFRICAPITAL MANAGEMENT,3679,0.02,AFRICAPITAL EQUITY,HEBDOMADAIRE,FGP,ACTIONS,,MASI,-,ATTIJARIWAFA BANK,2,"['w.kanas@africapital.ma', 'm.jaidi@africapital.ma', 'm.oumoulid@africapital.ma']",15206711256.91,"Capital Tower, Angle Main Street et du Boulevard Abdellah Bencherif. 17ème étage. Casablanca.",,,,AFRICAPITAL MANAGEMENT,+212 522 978 180,"['asfim@asfim.ma', 'r.elhonsali@asfim.ma', 'a.arrias@africapital.ma', 'm.najme@africapital.ma']",,Monsieur,Monsieur,Mehdi NAJME,Directeur Général,CASABLANCA,000191043000008
23,,,2008-10-27,0.03,0.03,CAPITALISANT,MA0000036774,FCP,AFRICAPITAL MANAGEMENT,3677,0.02,AFRICAPITAL LIQUIDITY,QUOTIDIENNE,FGP,MONÉTAIRE,,Repo jj capitalisé,"]0  0,5]",ATTIJARIWAFA BANK,2,"['w.kanas@africapital.ma', 'm.jaidi@africapital.ma', 'm.oumoulid@africapital.ma']",15206711256.91,"Capital Tower, Angle Main Street et du Boulevard Abdellah Bencherif. 17ème étage. Casablanca.",,,,AFRICAPITAL MANAGEMENT,+212 522 978 180,"['asfim@asfim.ma', 'r.elhonsali@asfim.ma', 'a.arrias@africapital.ma', 'm.najme@africapital.ma']",,Monsieur,Monsieur,Mehdi NAJME,Directeur Général,CASABLANCA,000191043000008
19,,,2008-10-27,0.03,0.03,CAPITALISANT,MA0000036782,FCP,AFRICAPITAL MANAGEMENT,3678,0.02,AFRICAPITAL SECURITE,HEBDOMADAIRE,FGP,DIVERSIFIÉ,,60% MASI + 40% MBI,-,ATTIJARIWAFA BANK,2,"['w.kanas@africapital.ma', 'm.jaidi@africapital.ma', 'm.oumoulid@africapital.ma']",15206711256.91,"Capital Tower, Angle Main Street et du Boulevard Abdellah Bencherif. 17ème étage. Casablanca.",,,,AFRICAPITAL MANAGEMENT,+212 522 978 180,"['asfim@asfim.ma', 'r.elhonsali@asfim.ma', 'a.arrias@africapital.ma', 'm.najme@africapital.ma']",,Monsieur,Monsieur,Mehdi NAJME,Directeur Général,CASABLANCA,000191043000008
131,,,2001-01-12,0.0,0.0,CAPITALISANT,MA0000040107,FCP,UPLINE CAPITAL MANAGEMENT,4010,0.0025,AL AMAL,QUOTIDIENNE,FGP,OCT,,90% MBI CT + 10%MBI MT,"]0,5 1,1]",BCP,14,"['amine.boumehraz@uplinegroup.ma', 'nawfal.alami@uplinegroup.ma', 'zainab.lyassaa@uplinegroup.ma', 'sophia.hachki@uplinegroup.ma', 'ysadik@uplinegroup.ma', 'intissar.elhrissi@uplinegroup.ma']",104991562414.11,"101, Bvd Mohamed Zerktouni, Casablanca",,,,UPLINE CAPITAL MANAGEMENT,+212 522 954 960,"['asfim@asfim.ma', 'r.elhonsali@asfim.ma', 'Mohammed.Echaaly@uplinegroup.ma', 'amine.boumehraz@uplinegroup.ma', 'ycharafeeddine@cpm.co.ma']",,Monsieur,Monsieur,Youssef CHARAFE-EDDINE,Directeur Général,CASABLANCA,001553236000093
121,,,2009-12-04,0.005,0.005,CAPITALISANT,MA0000040826,FCP,UPLINE CAPITAL MANAGEMENT,4082,0.02,AL BADIL CHAABI ASSHOUM,HEBDOMADAIRE,FGP,ACTIONS,,MASI,-,BCP,14,"['amine.boumehraz@uplinegroup.ma', 'nawfal.alami@uplinegroup.ma', 'zainab.lyassaa@uplinegroup.ma', 'sophia.hachki@uplinegroup.ma', 'ysadik@uplinegroup.ma', 'intissar.elhrissi@uplinegroup.ma']",104991562414.11,"101, Bvd Mohamed Zerktouni, Casablanca",,,,UPLINE CAPITAL MANAGEMENT,+212 522 954 960,"['asfim@asfim.ma', 'r.elhonsali@asfim.ma', 'Mohammed.Echaaly@uplinegroup.ma', 'amine.boumehraz@uplinegroup.ma', 'ycharafeeddine@cpm.co.ma']",,Monsieur,Monsieur,Youssef CHARAFE-EDDINE,Directeur Général,CASABLANCA,001553236000093
240,,,2013-06-28,0.03,0.015,CAPITALISANT,MA0000041170,FCP,AL BARID BANK,4117,0.02,AL BARID ISTITMAR,HEBDOMADAIRE,FGP,OMLT,,MBI MT,[1.1  5.1[,CDG CAPITAL,7,"['kejjilali@cdgcapitalgestion.ma', 'himjrane@cdgcapitalgestion.ma', 'akorait@cdgcapitalgestion.ma', 'middleoffice@cdgcapitalgestion.ma']",82930863366.85,"101, Bd Al Massira Al Khadra, 3ème étage, Casablanca – Maroc",,,,CDG CAPITAL GESTION,+212 522 923 111,"['asfim@asfim.ma', 'r.elhonsali@asfim.ma', 'relachhab@cdgcapitalgestion.ma', 'baitssi@cdgcapitalgestion.ma', 'kejjilali@cdgcapitalgestion.ma', 'mkhazraji@cdgcapitalgestion.ma']",,Monsieur,Monsieur,Rachid ELACHHAB,Directeur Général,CASABLANCA,001431541000080
239,,,2013-06-28,0.03,0.015,CAPITALISANT,MA0000041162,FCP,AL BARID BANK,4116,0.02,AL BARID TRESORERIE,QUOTIDIENNE,FGP,MONÉTAIRE,,50% TMP + 50% MBI CT,"<=0,5",CDG CAPITAL,7,"['kejjilali@cdgcapitalgestion.ma', 'himjrane@cdgcapitalgestion.ma', 'akorait@cdgcapitalgestion.ma', 'middleoffice@cdgcapitalgestion.ma']",82930863366.85,"101, Bd Al Massira Al Khadra, 3ème étage, Casablanca – Maroc",,,,CDG CAPITAL GESTION,+212 522 923 111,"['asfim@asfim.ma', 'r.elhonsali@asfim.ma', 'relachhab@cdgcapitalgestion.ma', 'baitssi@cdgcapitalgestion.ma', 'kejjilali@cdgcapitalgestion.ma', 'mkhazraji@cdgcapitalgestion.ma']",,Monsieur,Monsieur,Rachid ELACHHAB,Directeur Général,CASABLANCA,001431541000080
122,,,2009-12-04,0.002,0.001,CAPITALISANT,MA0000040818,FCP,UPLINE CAPITAL MANAGEMENT,4081,0.02,AL IDDIKHAR CHAABI ACTIONS,HEBDOMADAIRE,FGP,ACTIONS,,MASI,-,BCP,14,"['amine.boumehraz@uplinegroup.ma', 'nawfal.alami@uplinegroup.ma', 'zainab.lyassaa@uplinegroup.ma', 'sophia.hachki@uplinegroup.ma', 'ysadik@uplinegroup.ma', 'intissar.elhrissi@uplinegroup.ma']",104991562414.11,"101, Bvd Mohamed Zerktouni, Casablanca",,,,UPLINE CAPITAL MANAGEMENT,+212 522 954 960,"['asfim@asfim.ma', 'r.elhonsali@asfim.ma', 'Mohammed.Echaaly@uplinegroup.ma', 'amine.boumehraz@uplinegroup.ma', 'ycharafeeddine@cpm.co.ma']",,Monsieur,Monsieur,Youssef CHARAFE-EDDINE,Directeur Général,CASABLANCA,001553236000093
124,,,2005-10-28,0.0,0.0,MIXTE,MA0000040438,FCP,UPLINE CAPITAL MANAGEMENT,4043,0.008,AL IDDIKHAR CHAABI KASSIR AL MADA,QUOTIDIENNE,FGP,OMLT,,MBI,"]1,1   5,1]",BCP,14,"['amine.boumehraz@uplinegroup.ma', 'nawfal.alami@uplinegroup.ma', 'zainab.lyassaa@uplinegroup.ma', 'sophia.hachki@uplinegroup.ma', 'ysadik@uplinegroup.ma', 'intissar.elhrissi@uplinegroup.ma']",104991562414.11,"101, Bvd Mohamed Zerktouni, Casablanca",,,,UPLINE CAPITAL MANAGEMENT,+212 522 954 960,"['asfim@asfim.ma', 'r.elhonsali@asfim.ma', 'Mohammed.Echaaly@uplinegroup.ma', 'amine.boumehraz@uplinegroup.ma', 'ycharafeeddine@cpm.co.ma']",,Monsieur,Monsieur,Youssef CHARAFE-EDDINE,Directeur Général,CASABLANCA,001553236000093
126,,,2005-10-28,0.0,0.0,CAPITALISANT,MA0000040412,FCP,UPLINE CAPITAL MANAGEMENT,4041,0.02,AL IDDIKHAR CHAABI MOUTAWASSIT AL MADA,QUOTIDIENNE,FGP,OMLT,,30% MBI MT + 70% MBI MLT,]3  7],BCP,14,"['amine.boumehraz@uplinegroup.ma', 'nawfal.alami@uplinegroup.ma', 'zainab.lyassaa@uplinegroup.ma', 'sophia.hachki@uplinegroup.ma', 'ysadik@uplinegroup.ma', 'intissar.elhrissi@uplinegroup.ma']",104991562414.11,"101, Bvd Mohamed Zerktouni, Casablanca",,,,UPLINE CAPITAL MANAGEMENT,+212 522 954 960,"['asfim@asfim.ma', 'r.elhonsali@asfim.ma', 'Mohammed.Echaaly@uplinegroup.ma', 'amine.boumehraz@uplinegroup.ma', 'ycharafeeddine@cpm.co.ma']",,Monsieur,Monsieur,Youssef CHARAFE-EDDINE,Directeur Général,CASABLANCA,001553236000093
125,,,2005-10-28,0.0,0.0,CAPITALISANT,MA0000040420,FCP,UPLINE CAPITAL MANAGEMENT,4042,0.02,AL IDDIKHAR CHAABI TAWIL AL MADA,QUOTIDIENNE,FGP,OMLT,,80%MBI MLT + 20% MBI LT,]4  8],BCP,14,"['amine.boumehraz@uplinegroup.ma', 'nawfal.alami@uplinegroup.ma', 'zainab.lyassaa@uplinegroup.ma', 'sophia.hachki@uplinegroup.ma', 'ysadik@uplinegroup.ma', 'intissar.elhrissi@uplinegroup.ma']",104991562414.11,"101, Bvd Mohamed Zerktouni, Casablanca",,,,UPLINE CAPITAL MANAGEMENT,+212 522 954 960,"['asfim@asfim.ma', 'r.elhonsali@asfim.ma', 'Mohammed.Echaaly@uplinegroup.ma', 'amine.boumehraz@uplinegroup.ma', 'ycharafeeddine@cpm.co.ma']",,Monsieur,Monsieur,Youssef CHARAFE-EDDINE,Directeur Général,CASABLANCA,001553236000093
152,,,2007-08-31,0.0,0.0,CAPITALISANT,MA0000036550,FCP,UPLINE CAPITAL MANAGEMENT,3655,0.02,AL IJTIMAI ADDAMANE,HEBDOMADAIRE,FNPP,OMLT,,MBI GLOBAL,"]1,1  7]",CDG,14,"['amine.boumehraz@uplinegroup.ma', 'nawfal.alami@uplinegroup.ma', 'zainab.lyassaa@uplinegroup.ma', 'sophia.hachki@uplinegroup.ma', 'ysadik@uplinegroup.ma', 'intissar.elhrissi@uplinegroup.ma']",104991562414.11,"101, Bvd Mohamed Zerktouni, Casablanca",,,,UPLINE CAPITAL MANAGEMENT,+212 522 954 960,"['asfim@asfim.ma', 'r.elhonsali@asfim.ma', 'Mohammed.Echaaly@uplinegroup.ma', 'amine.boumehraz@uplinegroup.ma', 'ycharafeeddine@cpm.co.ma']",,Monsieur,Monsieur,Youssef CHARAFE-EDDINE,Directeur Général,CASABLANCA,001553236000093
426,,,2007-08-24,0.03,0.015,CAPITALISANT,MA0000036543,FCP,SAHAM BANK,3654,0.02,AL IJTIMAI AVENIR,HEBDOMADAIRE,FNPP,OMLT,,MBI GLOBAL,"]1,1  7]",SAHAM BANK,13,"['mohammed.alami-chentoufi@sahambank.com', 'mohamed-amine.el-moudaffar@sahambank.com', 'Omar.Abzahd@sahambank.com', 'skg.sales@sahambank.com']",42713528406.17,"55, Bd Abdelmoumen 20100 – Casablanca – Maroc",,,https://fundshare.asfim.ma/media/images/Logo_SAHAM_CAPITAL_GESTION.png,SAHAM CAPITAL GESTION,+212 522 439 810,"['asfim@asfim.ma', 'r.elhonsali@asfim.ma', 'mohamed-amine.el-moudaffar@sahambank.com', 'mohammed.alami-chentoufi@sahambank.com', 'tahar.zerrari@sahambank.com']",https://www.sahamcapitalgestion.com,Monsieur,Monsieur,Tahar ZERRARI,Directeur Général,CASABLANCA,001515144000086
382,,,2007-06-08,0.03,0.03,CAPITALISANT,MA0000036527,FCP,WAFA GESTION,3652,0.02,AL IJTIMAI INMAA,HEBDOMADAIRE,FNPP,OMLT,,MBI GLOBAL,"]1,1  7]",ATTIJARIWAFA BANK,16,"['mohamed.berrada1@attijariwafa.com', 'h.nokra@attijariwafa.com', 'g.mrini@attijariwafa.com', 'n.ouhatta@attijariwafa.com']",192315700959.16,"416, rue Mustapha EL Maani – Casablanca – Maroc",,,,WAFA GESTION,+212 522 453 838,"['asfim@asfim.ma', 'r.elhonsali@asfim.ma', 'k.bensouda@attijariwafa.com', 'n.ouhatta@attijariwafa.com', 'mohamed.berrada1@attijariwafa.com', 'R.Hilali@attijariwafa.com']",,Monsieur,Monsieur,Reda HILALI,Directeur Général,CASABLANCA,001698382000048
112,,,2007-04-06,0.03,0.015,CAPITALISANT,MA0000036444,FCP,VALORIS MANAGEMENT,3644,0.008,AL IJTIMAI PATRIMOINE,HEBDOMADAIRE,FNPP,OMLT,,MBI GLOBAL,"[1,1  7,1[",CDG,15,"['w.rhazoui@valoris.ma', 'a.elmahboub@valoris.ma', 'k.laoued@valoris.ma', 's.garrag@valoris.ma']",63671205418.82,"Angle Route El Jadida et Rue Aboudabi, Oasis Casablanca.",,,,VALORIS MANAGEMENT,+212 522 239 760,"['asfim@asfim.ma', 'r.elhonsali@asfim.ma', 'i.berrahou@valoris.ma', 'w.rhazoui@capitalgestiongroup.com', 'm.hassani@valoris.ma']",,Monsieur,Monsieur,Mostafa HASSANI,Directeur Général,CASABLANCA,001540868000058
215,,,2007-07-13,0.03,0.015,CAPITALISANT,MA0000042103,FCP,ATLAS CAPITAL MANAGEMENT,4210,0.02,AL IJTIMAI PROTECTION,HEBDOMADAIRE,FNPP,OMLT,,MBI Global,"[1,1  7[",CDG,3,"['d.jaykoraichi@atlascapital.ma', 'a.chadili@atlascapital.ma', 'h.ouahimi@atlascapital.ma']",12164113848.26,"88, rue El Marrakchi – Quartier Hippodrome – Casablanca – Maroc",,,,ATLAS CAPITAL MANAGEMENT,+212 522 237 602,"['asfim@asfim.ma', 'r.elhonsali@asfim.ma', 's.elghandour@atlascapital.ma', 'n.alaoui@atlascapital.ma', 'h.abkhar@atlascapital.ma']",,Madame,Madame,Nezha ALAOUI,Directeur Général,CASABLANCA,001525160000090
234,,,2010-05-28,0.03,0.015,CAPITALISANT,MA0000040990,FCP,CDG CAPITAL GESTION,4099,0.02,AL IJTIMAI SERENITE,HEBDOMADAIRE,FNPP,OMLT,,MBI GLOBAL,"[1,1  7[",CDG,7,"['kejjilali@cdgcapitalgestion.ma', 'himjrane@cdgcapitalgestion.ma', 'akorait@cdgcapitalgestion.ma', 'middleoffice@cdgcapitalgestion.ma']",82930863366.85,"101, Bd Al Massira Al Khadra, 3ème étage, Casablanca – Maroc",,,,CDG CAPITAL GESTION,+212 522 923 111,"['asfim@asfim.ma', 'r.elhonsali@asfim.ma', 'relachhab@cdgcapitalgestion.ma', 'baitssi@cdgcapitalgestion.ma', 'kejjilali@cdgcapitalgestion.ma', 'mkhazraji@cdgcapitalgestion.ma']",,Monsieur,Monsieur,Rachid ELACHHAB,Directeur Général,CASABLANCA,001431541000080
305,,,2007-05-04,0.0,0.0,CAPITALISANT,MA0000036535,FCP,CFG GESTION,3653,0.02,AL IJTIMAI SOLIDARITE,HEBDOMADAIRE,FNPP,OMLT,,MBI GLOBAL,"[1,1  7[",CDG,8,"['M.AitElBied@cfgbank.com', 'y.elyakoubi@cfgbank.com', 'i.rharib@cfgbank.com', 'l.berradafathi@cfgbank.com']",26838334241.57977,"5/7, Rue Ibnou Toufail Quartier Palmier, Angle, Boulevard Zerktouni – Casablanca – Maroc",,,,CFG GESTION,+212 522 250 050,"['asfim@asfim.ma', 'r.elhonsali@asfim.ma', 'o.chekroun@cfgbank.com', 'A.Wadifi@cfgbank.com', 'M.AitElBied@cfgbank.com', 'W.AMRANIJOUTEI@cfgbank.com']",,Monsieur,Monsieur,Walid AMRANI JOUTEI,Directeur Général,CASABLANCA,000084699000096
245,,,2000-07-14,0.03,0.015,CAPITALISANT,MA0000035495,FCP,CIH CAPITAL MANAGEMENT,3549,0.0075,AL IKRAM,HEBDOMADAIRE,FNPP,DIVERSIFIÉ,INSTITUTIONNELS,60% MASI + 40% MBI MT,-,BMCI,5,"['fadoua.elaomari@cihbank.ma', 'nabil.ouagrani@cihbank.ma', 'ismail.halhoul@cihbank.ma', 'abdelilah.sadki@cihbank.ma', 'Khadija.ElGhadbane@cihbank.ma']",25718258906.03,"25 Bd Massira El Khadra, 2ème étage Casablanca",,fadoua.elomari@bnpparibas.com,,CIH CAPITAL MANAGEMENT,0522 92 69 00,"['asfim@asfim.ma', 'r.elhonsali@asfim.ma', 'Fadoua.Elaomari@cihbank.ma', 'Khadija.ElGhadbane@cihbank.ma', 'mohammed.lamrini@cihbank.ma']",,Monsieur,Monsieur,Mohammed LAMRINI,Directeur Général,CASABLANCA,001536529000035
149,,,2008-05-20,0.0,0.0,CAPITALISANT,MA0000036600,FCP,UPLINE CAPITAL MANAGEMENT,3660,0.02,ALIF I,QUOTIDIENNE,FNPP,OMLT,,50% MBI MT + 50% MBI MLT,"]3,1   7,1]",BCP,14,"['amine.boumehraz@uplinegroup.ma', 'nawfal.alami@uplinegroup.ma', 'zainab.lyassaa@uplinegroup.ma', 'sophia.hachki@uplinegroup.ma', 'ysadik@uplinegroup.ma', 'intissar.elhrissi@uplinegroup.ma']",104991562414.11,"101, Bvd Mohamed Zerktouni, Casablanca",,,,UPLINE CAPITAL MANAGEMENT,+212 522 954 960,"['asfim@asfim.ma', 'r.elhonsali@asfim.ma', 'Mohammed.Echaaly@uplinegroup.ma', 'amine.boumehraz@uplinegroup.ma', 'ycharafeeddine@cpm.co.ma']",,Monsieur,Monsieur,Youssef CHARAFE-EDDINE,Directeur Général,CASABLANCA,001553236000093
481,,,2019-09-06,0.03,0.03,CAPITALISANT,MA0000038234,FCP,BMCE CAPITAL GESTION,3823,0.02,ALIF III,QUOTIDIENNE,FNPP,OMLT,,50 MBI MT + 50% MBI MLT,"]1,1   10]",BANK OF AFRICA,4,"['f.eljaouhari@bmcek.co.ma', 'a.elyoussefi@bmcek.co.ma', 's.larhbali@bmcek.co.ma', 'a.benkirane@bmcek.co.ma', 'z.elandaloussi@bmcek.co.ma']",104927601110.3,"63, Boulevard Moulay Youssef, 20070 Casablanca – Maroc",,,,BMCE CAPITAL GESTION,+212 520 364 300,"['asfim@asfim.ma', 'r.elhonsali@asfim.ma', 'a.elyoussefi@bmcek.co.ma', 'f.eljaouhari@bmcek.co.ma', 'a.alami@bmcek.co.ma']",,Monsieur,Monsieur,Ahmed ALAMI HASSANI,Directeur Général,CASABLANCA,001534150000054
508,,,2020-11-10,0.03,0.02,CAPITALISANT,MA0000038739,FCP,SAHAM BANK,3873,0.02,ALIF V,QUOTIDIENNE,FNPP,OMLT,,50% MBI MT + 50% MBI MLT,"]1,1  10]",SAHAM BANK,13,"['mohammed.alami-chentoufi@sahambank.com', 'mohamed-amine.el-moudaffar@sahambank.com', 'Omar.Abzahd@sahambank.com', 'skg.sales@sahambank.com']",42713528406.17,"55, Bd Abdelmoumen 20100 – Casablanca – Maroc",,,https://fundshare.asfim.ma/media/images/Logo_SAHAM_CAPITAL_GESTION.png,SAHAM CAPITAL GESTION,+212 522 439 810,"['asfim@asfim.ma', 'r.elhonsali@asfim.ma', 'mohamed-amine.el-moudaffar@sahambank.com', 'mohammed.alami-chentoufi@sahambank.com', 'tahar.zerrari@sahambank.com']",https://www.sahamcapitalgestion.com,Monsieur,Monsieur,Tahar ZERRARI,Directeur Général,CASABLANCA,001515144000086
136,,,2000-10-31,0.003,0.003,CAPITALISANT,MA0000040057,FCP,UPLINE CAPITAL MANAGEMENT,4005,0.018000000000000002,ALISTITMAR CHAABI,HEBDOMADAIRE,FGP,DIVERSIFIÉ,,60% MASI +40% MBI,-,BCP,14,"['amine.boumehraz@uplinegroup.ma', 'nawfal.alami@uplinegroup.ma', 'zainab.lyassaa@uplinegroup.ma', 'sophia.hachki@uplinegroup.ma', 'ysadik@uplinegroup.ma', 'intissar.elhrissi@uplinegroup.ma']",104991562414.11,"101, Bvd Mohamed Zerktouni, Casablanca",,,,UPLINE CAPITAL MANAGEMENT,+212 522 954 960,"['asfim@asfim.ma', 'r.elhonsali@asfim.ma', 'Mohammed.Echaaly@uplinegroup.ma', 'amine.boumehraz@uplinegroup.ma', 'ycharafeeddine@cpm.co.ma']",,Monsieur,Monsieur,Youssef CHARAFE-EDDINE,Directeur Général,CASABLANCA,001553236000093
134,,,2000-10-31,0.005,0.003,CAPITALISANT,MA0000040073,FCP,UPLINE CAPITAL MANAGEMENT,4007,0.018000000000000002,ALISTITMAR CHAABI ACTIONS,HEBDOMADAIRE,FGP,ACTIONS,,MASI,-,BCP,14,"['amine.boumehraz@uplinegroup.ma', 'nawfal.alami@uplinegroup.ma', 'zainab.lyassaa@uplinegroup.ma', 'sophia.hachki@uplinegroup.ma', 'ysadik@uplinegroup.ma', 'intissar.elhrissi@uplinegroup.ma']",104991562414.11,"101, Bvd Mohamed Zerktouni, Casablanca",,,,UPLINE CAPITAL MANAGEMENT,+212 522 954 960,"['asfim@asfim.ma', 'r.elhonsali@asfim.ma', 'Mohammed.Echaaly@uplinegroup.ma', 'amine.boumehraz@uplinegroup.ma', 'ycharafeeddine@cpm.co.ma']",,Monsieur,Monsieur,Youssef CHARAFE-EDDINE,Directeur Général,CASABLANCA,001553236000093
129,,,2000-12-29,0.0,0.0,CAPITALISANT,MA0000040123,FCP,UPLINE CAPITAL MANAGEMENT,4012,0.0025,ALISTITMAR CHAABI TRESORERIE,QUOTIDIENNE,FGP,MONÉTAIRE,,MBI CT,"]0  0,5]",BCP,14,"['amine.boumehraz@uplinegroup.ma', 'nawfal.alami@uplinegroup.ma', 'zainab.lyassaa@uplinegroup.ma', 'sophia.hachki@uplinegroup.ma', 'ysadik@uplinegroup.ma', 'intissar.elhrissi@uplinegroup.ma']",104991562414.11,"101, Bvd Mohamed Zerktouni, Casablanca",,,,UPLINE CAPITAL MANAGEMENT,+212 522 954 960,"['asfim@asfim.ma', 'r.elhonsali@asfim.ma', 'Mohammed.Echaaly@uplinegroup.ma', 'amine.boumehraz@uplinegroup.ma', 'ycharafeeddine@cpm.co.ma']",,Monsieur,Monsieur,Youssef CHARAFE-EDDINE,Directeur Général,CASABLANCA,001553236000093
132,,,2000-10-31,0.0,0.0,CAPITALISANT,MA0000040099,FCP,UPLINE CAPITAL MANAGEMENT,4009,0.01,ASSANAD CHAABI,HEBDOMADAIRE,FGP,OMLT,,80% MBI MLT+20% MBI LT,]4   8],BCP,14,"['amine.boumehraz@uplinegroup.ma', 'nawfal.alami@uplinegroup.ma', 'zainab.lyassaa@uplinegroup.ma', 'sophia.hachki@uplinegroup.ma', 'ysadik@uplinegroup.ma', 'intissar.elhrissi@uplinegroup.ma']",104991562414.11,"101, Bvd Mohamed Zerktouni, Casablanca",,,,UPLINE CAPITAL MANAGEMENT,+212 522 954 960,"['asfim@asfim.ma', 'r.elhonsali@asfim.ma', 'Mohammed.Echaaly@uplinegroup.ma', 'amine.boumehraz@uplinegroup.ma', 'ycharafeeddine@cpm.co.ma']",,Monsieur,Monsieur,Youssef CHARAFE-EDDINE,Directeur Général,CASABLANCA,001553236000093
212,,,2007-02-02,0.03,0.015,CAPITALISANT,MA0000040651,FCP,CDG CAPITAL GESTION,4065,0.02,ATLANTA AVENIR,HEBDOMADAIRE,FNPP,ACTIONS,INSTITUTIONNELS,CFG 25 FLOTTANT,-,CDG CAPITAL,7,"['kejjilali@cdgcapitalgestion.ma', 'himjrane@cdgcapitalgestion.ma', 'akorait@cdgcapitalgestion.ma', 'middleoffice@cdgcapitalgestion.ma']",82930863366.85,"101, Bd Al Massira Al Khadra, 3ème étage, Casablanca – Maroc",,,,CDG CAPITAL GESTION,+212 522 923 111,"['asfim@asfim.ma', 'r.elhonsali@asfim.ma', 'relachhab@cdgcapitalgestion.ma', 'baitssi@cdgcapitalgestion.ma', 'kejjilali@cdgcapitalgestion.ma', 'mkhazraji@cdgcapitalgestion.ma']",,Monsieur,Monsieur,Rachid ELACHHAB,Directeur Général,CASABLANCA,001431541000080
246,,,2000-01-07,0.03,0.015,CAPITALISANT,MA0000035206,FCP,CIH CAPITAL MANAGEMENT,3520,0.02,ATLANTA OBLIGATIONS,HEBDOMADAIRE,FNPP,OMLT,,MBI,"]1,1  13]",BMCI,5,"['fadoua.elaomari@cihbank.ma', 'nabil.ouagrani@cihbank.ma', 'ismail.halhoul@cihbank.ma', 'abdelilah.sadki@cihbank.ma', 'Khadija.ElGhadbane@cihbank.ma']",25718258906.03,"25 Bd Massira El Khadra, 2ème étage Casablanca",,fadoua.elomari@bnpparibas.com,,CIH CAPITAL MANAGEMENT,0522 92 69 00,"['asfim@asfim.ma', 'r.elhonsali@asfim.ma', 'Fadoua.Elaomari@cihbank.ma', 'Khadija.ElGhadbane@cihbank.ma', 'mohammed.lamrini@cihbank.ma']",,Monsieur,Monsieur,Mohammed LAMRINI,Directeur Général,CASABLANCA,001536529000035
197,,,2004-12-31,0.03,0.015,CAPITALISANT,MA0000040453,FCP,CDG CAPITAL GESTION,4045,0.02,ATLANTA PERFORMANCE,HEBDOMADAIRE,FNPP,OMLT,,MBI GLOBAL,[3  7[,CDG CAPITAL,7,"['kejjilali@cdgcapitalgestion.ma', 'himjrane@cdgcapitalgestion.ma', 'akorait@cdgcapitalgestion.ma', 'middleoffice@cdgcapitalgestion.ma']",82930863366.85,"101, Bd Al Massira Al Khadra, 3ème étage, Casablanca – Maroc",,,,CDG CAPITAL GESTION,+212 522 923 111,"['asfim@asfim.ma', 'r.elhonsali@asfim.ma', 'relachhab@cdgcapitalgestion.ma', 'baitssi@cdgcapitalgestion.ma', 'kejjilali@cdgcapitalgestion.ma', 'mkhazraji@cdgcapitalgestion.ma']",,Monsieur,Monsieur,Rachid ELACHHAB,Directeur Général,CASABLANCA,001431541000080
94,,,2011-07-14,0.03,0.015,CAPITALISANT,MA0000037194,FCP,ATLAS CAPITAL MANAGEMENT,3719,0.02,ATLAS AMBITION,HEBDOMADAIRE,FGP,ACTIONS,,MASI,-,ATTIJARIWAFA BANK,3,"['d.jaykoraichi@atlascapital.ma', 'a.chadili@atlascapital.ma', 'h.ouahimi@atlascapital.ma']",12164113848.26,"88, rue El Marrakchi – Quartier Hippodrome – Casablanca – Maroc",,,,ATLAS CAPITAL MANAGEMENT,+212 522 237 602,"['asfim@asfim.ma', 'r.elhonsali@asfim.ma', 's.elghandour@atlascapital.ma', 'n.alaoui@atlascapital.ma', 'h.abkhar@atlascapital.ma']",,Madame,Madame,Nezha ALAOUI,Directeur Général,CASABLANCA,001525160000090
401,,,2017-06-30,0.03,0.03,CAPITALISANT,MA0000042087,FCP,ATLAS CAPITAL MANAGEMENT,4208,0.02,ATLAS CROISSANCE,HEBDOMADAIRE,FGP,DIVERSIFIÉ,,50% MASI + 50% MBI,-,CIH BANK,3,"['d.jaykoraichi@atlascapital.ma', 'a.chadili@atlascapital.ma', 'h.ouahimi@atlascapital.ma']",12164113848.26,"88, rue El Marrakchi – Quartier Hippodrome – Casablanca – Maroc",,,,ATLAS CAPITAL MANAGEMENT,+212 522 237 602,"['asfim@asfim.ma', 'r.elhonsali@asfim.ma', 's.elghandour@atlascapital.ma', 'n.alaoui@atlascapital.ma', 'h.abkhar@atlascapital.ma']",,Madame,Madame,Nezha ALAOUI,Directeur Général,CASABLANCA,001525160000090
93,,,2011-07-14,0.005,0.005,CAPITALISANT,MA0000037202,FCP,ATLAS CAPITAL MANAGEMENT,3720,0.0075,ATLAS EQUILIBRE,QUOTIDIENNE,FGP,OCT,,MBI CT,]0.5  1.1],ATTIJARIWAFA BANK,3,"['d.jaykoraichi@atlascapital.ma', 'a.chadili@atlascapital.ma', 'h.ouahimi@atlascapital.ma']",12164113848.26,"88, rue El Marrakchi – Quartier Hippodrome – Casablanca – Maroc",,,,ATLAS CAPITAL MANAGEMENT,+212 522 237 602,"['asfim@asfim.ma', 'r.elhonsali@asfim.ma', 's.elghandour@atlascapital.ma', 'n.alaoui@atlascapital.ma', 'h.abkhar@atlascapital.ma']",,Madame,Madame,Nezha ALAOUI,Directeur Général,CASABLANCA,001525160000090
158,,,2000-03-31,0.03,0.03,CAPITALISANT,MA0000039380,FCP,ATLAS CAPITAL MANAGEMENT,3938,0.02,ATLAS HARMONIE,HEBDOMADAIRE,FNPP,OMLT,INSTITUTIONNELS,MBI GLOBAL,"]1,1; 8]",CIH BANK,3,"['d.jaykoraichi@atlascapital.ma', 'a.chadili@atlascapital.ma', 'h.ouahimi@atlascapital.ma']",12164113848.26,"88, rue El Marrakchi – Quartier Hippodrome – Casablanca – Maroc",,,,ATLAS CAPITAL MANAGEMENT,+212 522 237 602,"['asfim@asfim.ma', 'r.elhonsali@asfim.ma', 's.elghandour@atlascapital.ma', 'n.alaoui@atlascapital.ma', 'h.abkhar@atlascapital.ma']",,Madame,Madame,Nezha ALAOUI,Directeur Général,CASABLANCA,001525160000090
95,,,2008-08-22,0.03,0.03,CAPITALISANT,MA0000039463,FCP,ATLAS CAPITAL MANAGEMENT,3946,0.02,ATLAS LIQUIDITE,QUOTIDIENNE,FGP,OCT,,MBI CT,"0,5 ; 1,1]",BANK OF AFRICA,3,"['d.jaykoraichi@atlascapital.ma', 'a.chadili@atlascapital.ma', 'h.ouahimi@atlascapital.ma']",12164113848.26,"88, rue El Marrakchi – Quartier Hippodrome – Casablanca – Maroc",,,,ATLAS CAPITAL MANAGEMENT,+212 522 237 602,"['asfim@asfim.ma', 'r.elhonsali@asfim.ma', 's.elghandour@atlascapital.ma', 'n.alaoui@atlascapital.ma', 'h.abkhar@atlascapital.ma']",,Madame,Madame,Nezha ALAOUI,Directeur Général,CASABLANCA,001525160000090
399,,,2017-06-30,0.03,0.03,CAPITALISANT,MA0000042053,FCP,ATLAS CAPITAL MANAGEMENT,4205,0.02,ATLAS MONEBANQUES,QUOTIDIENNE,FGP,MONÉTAIRE,,MONIA,"[0  0,5]",CIH BANK,3,"['d.jaykoraichi@atlascapital.ma', 'a.chadili@atlascapital.ma', 'h.ouahimi@atlascapital.ma']",12164113848.26,"88, rue El Marrakchi – Quartier Hippodrome – Casablanca – Maroc",,,,ATLAS CAPITAL MANAGEMENT,+212 522 237 602,"['asfim@asfim.ma', 'r.elhonsali@asfim.ma', 's.elghandour@atlascapital.ma', 'n.alaoui@atlascapital.ma', 'h.abkhar@atlascapital.ma']",,Madame,Madame,Nezha ALAOUI,Directeur Général,CASABLANCA,001525160000090
400,,,2017-06-30,0.03,0.03,CAPITALISANT,MA0000042061,FCP,ATLAS CAPITAL MANAGEMENT,4206,0.02,ATLAS OBLIGBANCAIRES,QUOTIDIENNE,FGP,OCT,,MBI CT,"]0,5 1,1]",CIH BANK,3,"['d.jaykoraichi@atlascapital.ma', 'a.chadili@atlascapital.ma', 'h.ouahimi@atlascapital.ma']",12164113848.26,"88, rue El Marrakchi – Quartier Hippodrome – Casablanca – Maroc",,,,ATLAS CAPITAL MANAGEMENT,+212 522 237 602,"['asfim@asfim.ma', 'r.elhonsali@asfim.ma', 's.elghandour@atlascapital.ma', 'n.alaoui@atlascapital.ma', 'h.abkhar@atlascapital.ma']",,Madame,Madame,Nezha ALAOUI,Directeur Général,CASABLANCA,001525160000090
89,,,2016-01-15,0.03,0.015,CAPITALISANT,MA0000042095,FCP,ATLAS CAPITAL MANAGEMENT,4209,0.02,ATLAS OPTIMISATION,HEBDOMADAIRE,FGP,ACTIONS,,MASI RN,-,CIH BANK,3,"['d.jaykoraichi@atlascapital.ma', 'a.chadili@atlascapital.ma', 'h.ouahimi@atlascapital.ma']",12164113848.26,"88, rue El Marrakchi – Quartier Hippodrome – Casablanca – Maroc",,,,ATLAS CAPITAL MANAGEMENT,+212 522 237 602,"['asfim@asfim.ma', 'r.elhonsali@asfim.ma', 's.elghandour@atlascapital.ma', 'n.alaoui@atlascapital.ma', 'h.abkhar@atlascapital.ma']",,Madame,Madame,Nezha ALAOUI,Directeur Général,CASABLANCA,001525160000090
90,,,2015-12-28,0.03,0.03,CAPITALISANT,MA0000042079,FCP,ATLAS CAPITAL MANAGEMENT,4207,0.02,ATLAS PERENNITE,HEBDOMADAIRE,FGP,OMLT,,50% MBI MT + 50%MBI MLT,"]3,5 7,5]",CIH BANK,3,"['d.jaykoraichi@atlascapital.ma', 'a.chadili@atlascapital.ma', 'h.ouahimi@atlascapital.ma']",12164113848.26,"88, rue El Marrakchi – Quartier Hippodrome – Casablanca – Maroc",,,,ATLAS CAPITAL MANAGEMENT,+212 522 237 602,"['asfim@asfim.ma', 'r.elhonsali@asfim.ma', 's.elghandour@atlascapital.ma', 'n.alaoui@atlascapital.ma', 'h.abkhar@atlascapital.ma']",,Madame,Madame,Nezha ALAOUI,Directeur Général,CASABLANCA,001525160000090
460,,,2019-02-22,0.03,0.03,MIXTE,MA0000038291,FCP,ATLAS CAPITAL MANAGEMENT,3829,0.02,ATLAS PERFORMANCE,HEBDOMADAIRE,FGP,DIVERSIFIÉ,,25% MASI RB + 75 % MBI Global,-,CIH BANK,3,"['d.jaykoraichi@atlascapital.ma', 'a.chadili@atlascapital.ma', 'h.ouahimi@atlascapital.ma']",12164113848.26,"88, rue El Marrakchi – Quartier Hippodrome – Casablanca – Maroc",,,,ATLAS CAPITAL MANAGEMENT,+212 522 237 602,"['asfim@asfim.ma', 'r.elhonsali@asfim.ma', 's.elghandour@atlascapital.ma', 'n.alaoui@atlascapital.ma', 'h.abkhar@atlascapital.ma']",,Madame,Madame,Nezha ALAOUI,Directeur Général,CASABLANCA,001525160000090
97,,,2000-03-31,0.03,0.015,CAPITALISANT,MA0000035651,FCP,ATLAS CAPITAL MANAGEMENT,3565,0.015,ATLAS PREMIUM,HEBDOMADAIRE,FGP,ACTIONS,,MASI,-,CIH BANK,3,"['d.jaykoraichi@atlascapital.ma', 'a.chadili@atlascapital.ma', 'h.ouahimi@atlascapital.ma']",12164113848.26,"88, rue El Marrakchi – Quartier Hippodrome – Casablanca – Maroc",,,,ATLAS CAPITAL MANAGEMENT,+212 522 237 602,"['asfim@asfim.ma', 'r.elhonsali@asfim.ma', 's.elghandour@atlascapital.ma', 'n.alaoui@atlascapital.ma', 'h.abkhar@atlascapital.ma']",,Madame,Madame,Nezha ALAOUI,Directeur Général,CASABLANCA,001525160000090
91,,,2013-01-28,0.03,0.015,CAPITALISANT,MA0000037434,FCP,ATLAS CAPITAL MANAGEMENT,3743,0.02,ATLAS SELECTION,HEBDOMADAIRE,FGP,ACTIONS,,MASI,-,ATTIJARIWAFA BANK,3,"['d.jaykoraichi@atlascapital.ma', 'a.chadili@atlascapital.ma', 'h.ouahimi@atlascapital.ma']",12164113848.26,"88, rue El Marrakchi – Quartier Hippodrome – Casablanca – Maroc",,,,ATLAS CAPITAL MANAGEMENT,+212 522 237 602,"['asfim@asfim.ma', 'r.elhonsali@asfim.ma', 's.elghandour@atlascapital.ma', 'n.alaoui@atlascapital.ma', 'h.abkhar@atlascapital.ma']",,Madame,Madame,Nezha ALAOUI,Directeur Général,CASABLANCA,001525160000090
92,,,2011-07-14,0.01,0.005,CAPITALISANT,MA0000037210,FCP,ATLAS CAPITAL MANAGEMENT,3721,0.01,ATLAS SERENITE,HEBDOMADAIRE,FGP,OMLT,,MBI,[4  8],ATTIJARIWAFA BANK,3,"['d.jaykoraichi@atlascapital.ma', 'a.chadili@atlascapital.ma', 'h.ouahimi@atlascapital.ma']",12164113848.26,"88, rue El Marrakchi – Quartier Hippodrome – Casablanca – Maroc",,,,ATLAS CAPITAL MANAGEMENT,+212 522 237 602,"['asfim@asfim.ma', 'r.elhonsali@asfim.ma', 's.elghandour@atlascapital.ma', 'n.alaoui@atlascapital.ma', 'h.abkhar@atlascapital.ma']",,Madame,Madame,Nezha ALAOUI,Directeur Général,CASABLANCA,001525160000090
88,,,2016-01-14,0.03,0.03,CAPITALISANT,MA0000042046,FCP,ATLAS CAPITAL MANAGEMENT,4204,0.02,ATLAS TRESORERIE,QUOTIDIENNE,FGP,MONÉTAIRE,,MONIA,"[0  0,5]",CIH BANK,3,"['d.jaykoraichi@atlascapital.ma', 'a.chadili@atlascapital.ma', 'h.ouahimi@atlascapital.ma']",12164113848.26,"88, rue El Marrakchi – Quartier Hippodrome – Casablanca – Maroc",,,,ATLAS CAPITAL MANAGEMENT,+212 522 237 602,"['asfim@asfim.ma', 'r.elhonsali@asfim.ma', 's.elghandour@atlascapital.ma', 'n.alaoui@atlascapital.ma', 'h.abkhar@atlascapital.ma']",,Madame,Madame,Nezha ALAOUI,Directeur Général,CASABLANCA,001525160000090
357,,,2002-03-08,0.0,0.015,DISTRIBUANT,MA0000041550,FCP,WAFA GESTION,4155,0.0,ATTAKAFOUL,HEBDOMADAIRE,FNPP,ACTIONS,,-,-,ATTIJARIWAFA BANK,16,"['mohamed.berrada1@attijariwafa.com', 'h.nokra@attijariwafa.com', 'g.mrini@attijariwafa.com', 'n.ouhatta@attijariwafa.com']",192315700959.16,"416, rue Mustapha EL Maani – Casablanca – Maroc",,,,WAFA GESTION,+212 522 453 838,"['asfim@asfim.ma', 'r.elhonsali@asfim.ma', 'k.bensouda@attijariwafa.com', 'n.ouhatta@attijariwafa.com', 'mohamed.berrada1@attijariwafa.com', 'R.Hilali@attijariwafa.com']",,Monsieur,Monsieur,Reda HILALI,Directeur Général,CASABLANCA,001698382000048
341,,,1999-06-11,0.03,0.015,CAPITALISANT,MA0000036063,FCP,WAFA GESTION,3606,0.02,ATTIJARI ACTIONS,QUOTIDIENNE,FGP,ACTIONS,,MASI,-,ATTIJARIWAFA BANK,16,"['mohamed.berrada1@attijariwafa.com', 'h.nokra@attijariwafa.com', 'g.mrini@attijariwafa.com', 'n.ouhatta@attijariwafa.com']",192315700959.16,"416, rue Mustapha EL Maani – Casablanca – Maroc",,,,WAFA GESTION,+212 522 453 838,"['asfim@asfim.ma', 'r.elhonsali@asfim.ma', 'k.bensouda@attijariwafa.com', 'n.ouhatta@attijariwafa.com', 'mohamed.berrada1@attijariwafa.com', 'R.Hilali@attijariwafa.com']",,Monsieur,Monsieur,Reda HILALI,Directeur Général,CASABLANCA,001698382000048
352,,,1996-11-08,0.03,0.015,CAPITALISANT,MA0000040156,FCP,WAFA GESTION,4015,0.02,ATTIJARI AL MOUCHARAKA,HEBDOMADAIRE,FGP,ACTIONS,,MASI,-,ATTIJARIWAFA BANK,16,"['mohamed.berrada1@attijariwafa.com', 'h.nokra@attijariwafa.com', 'g.mrini@attijariwafa.com', 'n.ouhatta@attijariwafa.com']",192315700959.16,"416, rue Mustapha EL Maani – Casablanca – Maroc",,,,WAFA GESTION,+212 522 453 838,"['asfim@asfim.ma', 'r.elhonsali@asfim.ma', 'k.bensouda@attijariwafa.com', 'n.ouhatta@attijariwafa.com', 'mohamed.berrada1@attijariwafa.com', 'R.Hilali@attijariwafa.com']",,Monsieur,Monsieur,Reda HILALI,Directeur Général,CASABLANCA,001698382000048
575,,,2022-11-17,0.0,0.0,CAPITALISANT,MA0000042145,FCP,WAFA GESTION,4214,0.0015,ATTIJARI CASH GARANTI,QUOTIDIENNE,FGP,CONTRACTUEL,-,MONIA,-,ATTIJARIWAFA BANK,16,"['mohamed.berrada1@attijariwafa.com', 'h.nokra@attijariwafa.com', 'g.mrini@attijariwafa.com', 'n.ouhatta@attijariwafa.com']",192315700959.16,"416, rue Mustapha EL Maani – Casablanca – Maroc",,,,WAFA GESTION,+212 522 453 838,"['asfim@asfim.ma', 'r.elhonsali@asfim.ma', 'k.bensouda@attijariwafa.com', 'n.ouhatta@attijariwafa.com', 'mohamed.berrada1@attijariwafa.com', 'R.Hilali@attijariwafa.com']",,Monsieur,Monsieur,Reda HILALI,Directeur Général,CASABLANCA,001698382000048
318,,,1996-10-11,0.03,0.015,CAPITALISANT,MA0000030520,SICAV,WAFA GESTION,3052,0.02,ATTIJARI DIVERSIFIE,QUOTIDIENNE,FGP,DIVERSIFIÉ,,30% MASI + 70% MBI MT,-,ATTIJARIWAFA BANK,16,"['mohamed.berrada1@attijariwafa.com', 'h.nokra@attijariwafa.com', 'g.mrini@attijariwafa.com', 'n.ouhatta@attijariwafa.com']",192315700959.16,"416, rue Mustapha EL Maani – Casablanca – Maroc",,,,WAFA GESTION,+212 522 453 838,"['asfim@asfim.ma', 'r.elhonsali@asfim.ma', 'k.bensouda@attijariwafa.com', 'n.ouhatta@attijariwafa.com', 'mohamed.berrada1@attijariwafa.com', 'R.Hilali@attijariwafa.com']",,Monsieur,Monsieur,Reda HILALI,Directeur Général,CASABLANCA,001698382000048
447,,,2018-08-03,0.03,0.015,DISTRIBUANT,MA0000041477,FCP,WAFA GESTION; ATTIJARIWAFA BANK,4147,0.02,ATTIJARI DIVIDEND FUND,HEBDOMADAIRE,FGP,ACTIONS,,MASI,-,ATTIJARIWAFA BANK,16,"['mohamed.berrada1@attijariwafa.com', 'h.nokra@attijariwafa.com', 'g.mrini@attijariwafa.com', 'n.ouhatta@attijariwafa.com']",192315700959.16,"416, rue Mustapha EL Maani – Casablanca – Maroc",,,,WAFA GESTION,+212 522 453 838,"['asfim@asfim.ma', 'r.elhonsali@asfim.ma', 'k.bensouda@attijariwafa.com', 'n.ouhatta@attijariwafa.com', 'mohamed.berrada1@attijariwafa.com', 'R.Hilali@attijariwafa.com']",,Monsieur,Monsieur,Reda HILALI,Directeur Général,CASABLANCA,001698382000048
351,,,1998-10-23,0.0,0.0,MIXTE,MA0000037939,FCP,WAFA GESTION,3793,0.02,ATTIJARI FINANCES CORP RENDEMENT,HEBDOMADAIRE,FGP,DIVERSIFIÉ,,75% MBI MLT + 25% MASI,-,ATTIJARIWAFA BANK,16,"['mohamed.berrada1@attijariwafa.com', 'h.nokra@attijariwafa.com', 'g.mrini@attijariwafa.com', 'n.ouhatta@attijariwafa.com']",192315700959.16,"416, rue Mustapha EL Maani – Casablanca – Maroc",,,,WAFA GESTION,+212 522 453 838,"['asfim@asfim.ma', 'r.elhonsali@asfim.ma', 'k.bensouda@attijariwafa.com', 'n.ouhatta@attijariwafa.com', 'mohamed.berrada1@attijariwafa.com', 'R.Hilali@attijariwafa.com']",,Monsieur,Monsieur,Reda HILALI,Directeur Général,CASABLANCA,001698382000048
342,,,1998-10-23,0.015,0.02,CAPITALISANT,MA0000036089,FCP,WAFA GESTION,3608,0.03,ATTIJARI FINANCES CORP VALEURS,HEBDOMADAIRE,FNPP,ACTIONS,,MASI,-,ATTIJARIWAFA BANK,16,"['mohamed.berrada1@attijariwafa.com', 'h.nokra@attijariwafa.com', 'g.mrini@attijariwafa.com', 'n.ouhatta@attijariwafa.com']",192315700959.16,"416, rue Mustapha EL Maani – Casablanca – Maroc",,,,WAFA GESTION,+212 522 453 838,"['asfim@asfim.ma', 'r.elhonsali@asfim.ma', 'k.bensouda@attijariwafa.com', 'n.ouhatta@attijariwafa.com', 'mohamed.berrada1@attijariwafa.com', 'R.Hilali@attijariwafa.com']",,Monsieur,Monsieur,Reda HILALI,Directeur Général,CASABLANCA,001698382000048
571,,,2022-09-29,0.03,0.03,CAPITALISANT,MA0000042129,FCP,WAFA GESTION; ATTIJARIWAFA BANK,4212,0.02,ATTIJARI FIXED INCOME DISTRIBUTION,QUOTIDIENNE,FGP,OMLT,,MBI MT,[5  9[,ATTIJARIWAFA BANK,16,"['mohamed.berrada1@attijariwafa.com', 'h.nokra@attijariwafa.com', 'g.mrini@attijariwafa.com', 'n.ouhatta@attijariwafa.com']",192315700959.16,"416, rue Mustapha EL Maani – Casablanca – Maroc",,,,WAFA GESTION,+212 522 453 838,"['asfim@asfim.ma', 'r.elhonsali@asfim.ma', 'k.bensouda@attijariwafa.com', 'n.ouhatta@attijariwafa.com', 'mohamed.berrada1@attijariwafa.com', 'R.Hilali@attijariwafa.com']",,Monsieur,Monsieur,Reda HILALI,Directeur Général,CASABLANCA,001698382000048
383,,,2007-11-22,0.02,0.02,CAPITALISANT,MA0000036659,FCP,WAFA GESTION,3665,0.02,ATTIJARI LIQUIDITE,QUOTIDIENNE,FGP,MONÉTAIRE,,TMP,"[0  0,5[",ATTIJARIWAFA BANK,16,"['mohamed.berrada1@attijariwafa.com', 'h.nokra@attijariwafa.com', 'g.mrini@attijariwafa.com', 'n.ouhatta@attijariwafa.com']",192315700959.16,"416, rue Mustapha EL Maani – Casablanca – Maroc",,,,WAFA GESTION,+212 522 453 838,"['asfim@asfim.ma', 'r.elhonsali@asfim.ma', 'k.bensouda@attijariwafa.com', 'n.ouhatta@attijariwafa.com', 'mohamed.berrada1@attijariwafa.com', 'R.Hilali@attijariwafa.com']",,Monsieur,Monsieur,Reda HILALI,Directeur Général,CASABLANCA,001698382000048
570,,,2022-09-29,0.02,0.02,DISTRIBUANT,MA0000042111,FCP,WAFA GESTION; ATTIJARIWAFA BANK,4211,0.02,ATTIJARI MIXED DISTRIBUTION,QUOTIDIENNE,FGP,DIVERSIFIÉ,,70% MBI MT + 30% MASI,-,ATTIJARIWAFA BANK,16,"['mohamed.berrada1@attijariwafa.com', 'h.nokra@attijariwafa.com', 'g.mrini@attijariwafa.com', 'n.ouhatta@attijariwafa.com']",192315700959.16,"416, rue Mustapha EL Maani – Casablanca – Maroc",,,,WAFA GESTION,+212 522 453 838,"['asfim@asfim.ma', 'r.elhonsali@asfim.ma', 'k.bensouda@attijariwafa.com', 'n.ouhatta@attijariwafa.com', 'mohamed.berrada1@attijariwafa.com', 'R.Hilali@attijariwafa.com']",,Monsieur,Monsieur,Reda HILALI,Directeur Général,CASABLANCA,001698382000048
370,,,1996-07-19,0.0,0.0,CAPITALISANT,MA0000040339,FCP,WAFA GESTION,4033,0.02,ATTIJARI MONETAIRE JOUR,QUOTIDIENNE,FGP,MONÉTAIRE,,TMP,"[0  0,5[",ATTIJARIWAFA BANK,16,"['mohamed.berrada1@attijariwafa.com', 'h.nokra@attijariwafa.com', 'g.mrini@attijariwafa.com', 'n.ouhatta@attijariwafa.com']",192315700959.16,"416, rue Mustapha EL Maani – Casablanca – Maroc",,,,WAFA GESTION,+212 522 453 838,"['asfim@asfim.ma', 'r.elhonsali@asfim.ma', 'k.bensouda@attijariwafa.com', 'n.ouhatta@attijariwafa.com', 'mohamed.berrada1@attijariwafa.com', 'R.Hilali@attijariwafa.com']",,Monsieur,Monsieur,Reda HILALI,Directeur Général,CASABLANCA,001698382000048
339,,,1999-06-11,0.0,0.0,CAPITALISANT,MA0000036048,FCP,WAFA GESTION,3604,0.02,ATTIJARI MONETAIRE PLUS,QUOTIDIENNE,FGP,OCT,,MBI CT,"[0,5  1,1[",ATTIJARIWAFA BANK,16,"['mohamed.berrada1@attijariwafa.com', 'h.nokra@attijariwafa.com', 'g.mrini@attijariwafa.com', 'n.ouhatta@attijariwafa.com']",192315700959.16,"416, rue Mustapha EL Maani – Casablanca – Maroc",,,,WAFA GESTION,+212 522 453 838,"['asfim@asfim.ma', 'r.elhonsali@asfim.ma', 'k.bensouda@attijariwafa.com', 'n.ouhatta@attijariwafa.com', 'mohamed.berrada1@attijariwafa.com', 'R.Hilali@attijariwafa.com']",,Monsieur,Monsieur,Reda HILALI,Directeur Général,CASABLANCA,001698382000048
320,,,1997-05-30,0.03,0.015,CAPITALISANT,MA0000030546,SICAV,WAFA GESTION,3054,0.02,ATTIJARI OBLIGATIONS,HEBDOMADAIRE,FGP,OMLT,,MBI MT,"[1,1  5[",ATTIJARIWAFA BANK,16,"['mohamed.berrada1@attijariwafa.com', 'h.nokra@attijariwafa.com', 'g.mrini@attijariwafa.com', 'n.ouhatta@attijariwafa.com']",192315700959.16,"416, rue Mustapha EL Maani – Casablanca – Maroc",,,,WAFA GESTION,+212 522 453 838,"['asfim@asfim.ma', 'r.elhonsali@asfim.ma', 'k.bensouda@attijariwafa.com', 'n.ouhatta@attijariwafa.com', 'mohamed.berrada1@attijariwafa.com', 'R.Hilali@attijariwafa.com']",,Monsieur,Monsieur,Reda HILALI,Directeur Général,CASABLANCA,001698382000048
333,,,1997-09-05,0.03,0.015,CAPITALISANT,MA0000030694,SICAV,WAFA GESTION,3069,0.02,ATTIJARI PATRIMOINE DIVERSIFIE,HEBDOMADAIRE,FGP,DIVERSIFIÉ,,50% MASI + 50% MBI MT,-,ATTIJARIWAFA BANK,16,"['mohamed.berrada1@attijariwafa.com', 'h.nokra@attijariwafa.com', 'g.mrini@attijariwafa.com', 'n.ouhatta@attijariwafa.com']",192315700959.16,"416, rue Mustapha EL Maani – Casablanca – Maroc",,,,WAFA GESTION,+212 522 453 838,"['asfim@asfim.ma', 'r.elhonsali@asfim.ma', 'k.bensouda@attijariwafa.com', 'n.ouhatta@attijariwafa.com', 'mohamed.berrada1@attijariwafa.com', 'R.Hilali@attijariwafa.com']",,Monsieur,Monsieur,Reda HILALI,Directeur Général,CASABLANCA,001698382000048
319,,,1998-03-06,0.03,0.015,CAPITALISANT,MA0000030538,SICAV,WAFA GESTION,3053,0.02,ATTIJARI PATRIMOINE MULTIGESTION,HEBDOMADAIRE,FGP,DIVERSIFIÉ,,40% MASI + 60% MBI MT,-,ATTIJARIWAFA BANK,16,"['mohamed.berrada1@attijariwafa.com', 'h.nokra@attijariwafa.com', 'g.mrini@attijariwafa.com', 'n.ouhatta@attijariwafa.com']",192315700959.16,"416, rue Mustapha EL Maani – Casablanca – Maroc",,,,WAFA GESTION,+212 522 453 838,"['asfim@asfim.ma', 'r.elhonsali@asfim.ma', 'k.bensouda@attijariwafa.com', 'n.ouhatta@attijariwafa.com', 'mohamed.berrada1@attijariwafa.com', 'R.Hilali@attijariwafa.com']",,Monsieur,Monsieur,Reda HILALI,Directeur Général,CASABLANCA,001698382000048
334,,,1995-02-10,0.03,0.015,CAPITALISANT,MA0000030702,SICAV,WAFA GESTION,3070,0.02,ATTIJARI PATRIMOINE TAUX,HEBDOMADAIRE,FGP,OMLT,,MBI MT,"[1,1  5[",ATTIJARIWAFA BANK,16,"['mohamed.berrada1@attijariwafa.com', 'h.nokra@attijariwafa.com', 'g.mrini@attijariwafa.com', 'n.ouhatta@attijariwafa.com']",192315700959.16,"416, rue Mustapha EL Maani – Casablanca – Maroc",,,,WAFA GESTION,+212 522 453 838,"['asfim@asfim.ma', 'r.elhonsali@asfim.ma', 'k.bensouda@attijariwafa.com', 'n.ouhatta@attijariwafa.com', 'mohamed.berrada1@attijariwafa.com', 'R.Hilali@attijariwafa.com']",,Monsieur,Monsieur,Reda HILALI,Directeur Général,CASABLANCA,001698382000048
328,,,1995-02-10,0.03,0.015,CAPITALISANT,MA0000030645,SICAV,WAFA GESTION,3064,0.02,ATTIJARI PATRIMOINE VALEURS,HEBDOMADAIRE,FGP,ACTIONS,,MASI,-,ATTIJARIWAFA BANK,16,"['mohamed.berrada1@attijariwafa.com', 'h.nokra@attijariwafa.com', 'g.mrini@attijariwafa.com', 'n.ouhatta@attijariwafa.com']",192315700959.16,"416, rue Mustapha EL Maani – Casablanca – Maroc",,,,WAFA GESTION,+212 522 453 838,"['asfim@asfim.ma', 'r.elhonsali@asfim.ma', 'k.bensouda@attijariwafa.com', 'n.ouhatta@attijariwafa.com', 'mohamed.berrada1@attijariwafa.com', 'R.Hilali@attijariwafa.com']",,Monsieur,Monsieur,Reda HILALI,Directeur Général,CASABLANCA,001698382000048
599,,,2024-04-05,0.02,0.02,MIXTE,MA0000039539,FCP,WAFA GESTION,3953,0.02,ATTIJARI PRIVATE FUND,HEBDOMADAIRE,FGP,DIVERSIFIÉ,,50% MASI RB + 50% MBI GLOBAL,-,ATTIJARIWAFA BANK,16,"['mohamed.berrada1@attijariwafa.com', 'h.nokra@attijariwafa.com', 'g.mrini@attijariwafa.com', 'n.ouhatta@attijariwafa.com']",192315700959.16,"416, rue Mustapha EL Maani – Casablanca – Maroc",,,,WAFA GESTION,+212 522 453 838,"['asfim@asfim.ma', 'r.elhonsali@asfim.ma', 'k.bensouda@attijariwafa.com', 'n.ouhatta@attijariwafa.com', 'mohamed.berrada1@attijariwafa.com', 'R.Hilali@attijariwafa.com']",,Monsieur,Monsieur,Reda HILALI,Directeur Général,CASABLANCA,001698382000048
363,,,2002-10-11,0.03,0.015,CAPITALISANT,MA0000040263,FCP,WAFA GESTION,4026,0.02,ATTIJARI SECURITE,HEBDOMADAIRE,FGP,OMLT,,MBI MT,"[1,1  5[",ATTIJARIWAFA BANK,16,"['mohamed.berrada1@attijariwafa.com', 'h.nokra@attijariwafa.com', 'g.mrini@attijariwafa.com', 'n.ouhatta@attijariwafa.com']",192315700959.16,"416, rue Mustapha EL Maani – Casablanca – Maroc",,,,WAFA GESTION,+212 522 453 838,"['asfim@asfim.ma', 'r.elhonsali@asfim.ma', 'k.bensouda@attijariwafa.com', 'n.ouhatta@attijariwafa.com', 'mohamed.berrada1@attijariwafa.com', 'R.Hilali@attijariwafa.com']",,Monsieur,Monsieur,Reda HILALI,Directeur Général,CASABLANCA,001698382000048
335,,,1997-09-05,0.03,0.015,CAPITALISANT,MA0000030710,SICAV,WAFA GESTION,3071,0.02,ATTIJARI SELECTION,HEBDOMADAIRE,FGP,DIVERSIFIÉ,,40% MASI +60% MBI MT,-,ATTIJARIWAFA BANK,16,"['mohamed.berrada1@attijariwafa.com', 'h.nokra@attijariwafa.com', 'g.mrini@attijariwafa.com', 'n.ouhatta@attijariwafa.com']",192315700959.16,"416, rue Mustapha EL Maani – Casablanca – Maroc",,,,WAFA GESTION,+212 522 453 838,"['asfim@asfim.ma', 'r.elhonsali@asfim.ma', 'k.bensouda@attijariwafa.com', 'n.ouhatta@attijariwafa.com', 'mohamed.berrada1@attijariwafa.com', 'R.Hilali@attijariwafa.com']",,Monsieur,Monsieur,Reda HILALI,Directeur Général,CASABLANCA,001698382000048
337,,,1996-04-05,0.03,0.015,CAPITALISANT,MA0000036022,SICAV,WAFA GESTION,3602,0.02,ATTIJARI SOLIDARITE,HEBDOMADAIRE,FGP,DIVERSIFIÉ,,50% MASI + 50% MBI MT,-,ATTIJARIWAFA BANK,16,"['mohamed.berrada1@attijariwafa.com', 'h.nokra@attijariwafa.com', 'g.mrini@attijariwafa.com', 'n.ouhatta@attijariwafa.com']",192315700959.16,"416, rue Mustapha EL Maani – Casablanca – Maroc",,,,WAFA GESTION,+212 522 453 838,"['asfim@asfim.ma', 'r.elhonsali@asfim.ma', 'k.bensouda@attijariwafa.com', 'n.ouhatta@attijariwafa.com', 'mohamed.berrada1@attijariwafa.com', 'R.Hilali@attijariwafa.com']",,Monsieur,Monsieur,Reda HILALI,Directeur Général,CASABLANCA,001698382000048
321,,,1998-05-22,0.0,0.0,CAPITALISANT,MA0000030553,SICAV,WAFA GESTION,3055,0.02,ATTIJARI TRESORERIE,QUOTIDIENNE,FGP,MONÉTAIRE,,TMP,"[0  0,5[",ATTIJARIWAFA BANK,16,"['mohamed.berrada1@attijariwafa.com', 'h.nokra@attijariwafa.com', 'g.mrini@attijariwafa.com', 'n.ouhatta@attijariwafa.com']",192315700959.16,"416, rue Mustapha EL Maani – Casablanca – Maroc",,,,WAFA GESTION,+212 522 453 838,"['asfim@asfim.ma', 'r.elhonsali@asfim.ma', 'k.bensouda@attijariwafa.com', 'n.ouhatta@attijariwafa.com', 'mohamed.berrada1@attijariwafa.com', 'R.Hilali@attijariwafa.com']",,Monsieur,Monsieur,Reda HILALI,Directeur Général,CASABLANCA,001698382000048
572,,,2022-09-30,0.02,0.02,CAPITALISANT,MA0000042137,FCP,WAFA GESTION; ATTIJARIWAFA BANK,4213,0.02,ATTIJARI VALEURS ESG,HEBDOMADAIRE,FGP,ACTIONS,,ESG 10 INDEX,-,ATTIJARIWAFA BANK,16,"['mohamed.berrada1@attijariwafa.com', 'h.nokra@attijariwafa.com', 'g.mrini@attijariwafa.com', 'n.ouhatta@attijariwafa.com']",192315700959.16,"416, rue Mustapha EL Maani – Casablanca – Maroc",,,,WAFA GESTION,+212 522 453 838,"['asfim@asfim.ma', 'r.elhonsali@asfim.ma', 'k.bensouda@attijariwafa.com', 'n.ouhatta@attijariwafa.com', 'mohamed.berrada1@attijariwafa.com', 'R.Hilali@attijariwafa.com']",,Monsieur,Monsieur,Reda HILALI,Directeur Général,CASABLANCA,001698382000048
244,,,2000-07-14,0.03,0.015,DISTRIBUANT,MA0000035511,FCP,CIH CAPITAL MANAGEMENT,3551,0.02,AVENIR ACTIONS,HEBDOMADAIRE,FNPP,DIVERSIFIÉ,INSTITUTIONNELS,80% MBI GLOBAL + 20% MASI,-,BMCI,5,"['fadoua.elaomari@cihbank.ma', 'nabil.ouagrani@cihbank.ma', 'ismail.halhoul@cihbank.ma', 'abdelilah.sadki@cihbank.ma', 'Khadija.ElGhadbane@cihbank.ma']",25718258906.03,"25 Bd Massira El Khadra, 2ème étage Casablanca",,fadoua.elomari@bnpparibas.com,,CIH CAPITAL MANAGEMENT,0522 92 69 00,"['asfim@asfim.ma', 'r.elhonsali@asfim.ma', 'Fadoua.Elaomari@cihbank.ma', 'Khadija.ElGhadbane@cihbank.ma', 'mohammed.lamrini@cihbank.ma']",,Monsieur,Monsieur,Mohammed LAMRINI,Directeur Général,CASABLANCA,001536529000035
293,,,2006-07-07,0.03,0.015,MIXTE,MA0000036378,FCP,CFG GESTION,3637,0.02,AVENIR CROISSANCE,HEBDOMADAIRE,FNPP,ACTIONS,INSTITUTIONNELS,CFG 25 FLOTTANT,-,ATTIJARIWAFA BANK,8,"['M.AitElBied@cfgbank.com', 'y.elyakoubi@cfgbank.com', 'i.rharib@cfgbank.com', 'l.berradafathi@cfgbank.com']",26838334241.57977,"5/7, Rue Ibnou Toufail Quartier Palmier, Angle, Boulevard Zerktouni – Casablanca – Maroc",,,,CFG GESTION,+212 522 250 050,"['asfim@asfim.ma', 'r.elhonsali@asfim.ma', 'o.chekroun@cfgbank.com', 'A.Wadifi@cfgbank.com', 'M.AitElBied@cfgbank.com', 'W.AMRANIJOUTEI@cfgbank.com']",,Monsieur,Monsieur,Walid AMRANI JOUTEI,Directeur Général,CASABLANCA,000084699000096
300,,,1998-06-12,0.0,0.0,MIXTE,MA0000035685,FCP,CFG GESTION,3568,0.01,AVENIR OBLIGATION,HEBDOMADAIRE,FNPP,OMLT,INSTITUTIONNELS,CFG BONDS MT,[4  8[,ATTIJARIWAFA BANK,8,"['M.AitElBied@cfgbank.com', 'y.elyakoubi@cfgbank.com', 'i.rharib@cfgbank.com', 'l.berradafathi@cfgbank.com']",26838334241.57977,"5/7, Rue Ibnou Toufail Quartier Palmier, Angle, Boulevard Zerktouni – Casablanca – Maroc",,,,CFG GESTION,+212 522 250 050,"['asfim@asfim.ma', 'r.elhonsali@asfim.ma', 'o.chekroun@cfgbank.com', 'A.Wadifi@cfgbank.com', 'M.AitElBied@cfgbank.com', 'W.AMRANIJOUTEI@cfgbank.com']",,Monsieur,Monsieur,Walid AMRANI JOUTEI,Directeur Général,CASABLANCA,000084699000096
301,,,1999-04-16,0.03,0.015,MIXTE,MA0000035693,FCP,CFG GESTION,3569,0.02,AVENIR PREMIERE,HEBDOMADAIRE,FNPP,OMLT,,MBI MLT,"]1,1  8]",ATTIJARIWAFA BANK,8,"['M.AitElBied@cfgbank.com', 'y.elyakoubi@cfgbank.com', 'i.rharib@cfgbank.com', 'l.berradafathi@cfgbank.com']",26838334241.57977,"5/7, Rue Ibnou Toufail Quartier Palmier, Angle, Boulevard Zerktouni – Casablanca – Maroc",,,,CFG GESTION,+212 522 250 050,"['asfim@asfim.ma', 'r.elhonsali@asfim.ma', 'o.chekroun@cfgbank.com', 'A.Wadifi@cfgbank.com', 'M.AitElBied@cfgbank.com', 'W.AMRANIJOUTEI@cfgbank.com']",,Monsieur,Monsieur,Walid AMRANI JOUTEI,Directeur Général,CASABLANCA,000084699000096
302,,,2004-12-03,0.03,0.015,MIXTE,MA0000036253,FCP,CFG GESTION,3625,0.02,AVENIR PREVOYANCE ,HEBDOMADAIRE,FNPP,OMLT,,MBI MLT,[3  7[,BANK OF AFRICA,8,"['M.AitElBied@cfgbank.com', 'y.elyakoubi@cfgbank.com', 'i.rharib@cfgbank.com', 'l.berradafathi@cfgbank.com']",26838334241.57977,"5/7, Rue Ibnou Toufail Quartier Palmier, Angle, Boulevard Zerktouni – Casablanca – Maroc",,,,CFG GESTION,+212 522 250 050,"['asfim@asfim.ma', 'r.elhonsali@asfim.ma', 'o.chekroun@cfgbank.com', 'A.Wadifi@cfgbank.com', 'M.AitElBied@cfgbank.com', 'W.AMRANIJOUTEI@cfgbank.com']",,Monsieur,Monsieur,Walid AMRANI JOUTEI,Directeur Général,CASABLANCA,000084699000096
521,,,2021-02-12,0.0,0.0,MIXTE,MA0000038796,FCP,UPLINE CAPITAL MANAGEMENT,3879,0.02,AWALI,HEBDOMADAIRE,FNPP,OMLT,,95% MBI MLT + 5% MASI Flottant,]4  8],BCP,14,"['amine.boumehraz@uplinegroup.ma', 'nawfal.alami@uplinegroup.ma', 'zainab.lyassaa@uplinegroup.ma', 'sophia.hachki@uplinegroup.ma', 'ysadik@uplinegroup.ma', 'intissar.elhrissi@uplinegroup.ma']",104991562414.11,"101, Bvd Mohamed Zerktouni, Casablanca",,,,UPLINE CAPITAL MANAGEMENT,+212 522 954 960,"['asfim@asfim.ma', 'r.elhonsali@asfim.ma', 'Mohammed.Echaaly@uplinegroup.ma', 'amine.boumehraz@uplinegroup.ma', 'ycharafeeddine@cpm.co.ma']",,Monsieur,Monsieur,Youssef CHARAFE-EDDINE,Directeur Général,CASABLANCA,001553236000093
621,,,2025-08-08,0.0,0.0,CAPITALISANT,MA0000042533,FCP,WAFA GESTION,4253,0.02,AWG CAPITAL CROISSANCE,HEBDOMADAIRE,FGP,DIVERSIFIÉ,,70% MBI GLOBAL + 30% MASI RB,-,ATTIJARIWAFA BANK,16,"['mohamed.berrada1@attijariwafa.com', 'h.nokra@attijariwafa.com', 'g.mrini@attijariwafa.com', 'n.ouhatta@attijariwafa.com']",192315700959.16,"416, rue Mustapha EL Maani – Casablanca – Maroc",,,,WAFA GESTION,+212 522 453 838,"['asfim@asfim.ma', 'r.elhonsali@asfim.ma', 'k.bensouda@attijariwafa.com', 'n.ouhatta@attijariwafa.com', 'mohamed.berrada1@attijariwafa.com', 'R.Hilali@attijariwafa.com']",,Monsieur,Monsieur,Reda HILALI,Directeur Général,CASABLANCA,001698382000048
192,,,2003-04-18,0.03,0.015,MIXTE,MA0000035552,FCP,CDG CAPITAL GESTION,3555,0.02,AXA AVENIR,HEBDOMADAIRE,FNPP,DIVERSIFIÉ,INSTITUTIONNELS,80% MBI GLOBAL + 25% MASI RN,-,CDG CAPITAL,7,"['kejjilali@cdgcapitalgestion.ma', 'himjrane@cdgcapitalgestion.ma', 'akorait@cdgcapitalgestion.ma', 'middleoffice@cdgcapitalgestion.ma']",82930863366.85,"101, Bd Al Massira Al Khadra, 3ème étage, Casablanca – Maroc",,,,CDG CAPITAL GESTION,+212 522 923 111,"['asfim@asfim.ma', 'r.elhonsali@asfim.ma', 'relachhab@cdgcapitalgestion.ma', 'baitssi@cdgcapitalgestion.ma', 'kejjilali@cdgcapitalgestion.ma', 'mkhazraji@cdgcapitalgestion.ma']",,Monsieur,Monsieur,Rachid ELACHHAB,Directeur Général,CASABLANCA,001431541000080
249,,,2007-12-07,0.03,0.015,MIXTE,MA0000036667,FCP,CIH CAPITAL MANAGEMENT,3666,0.005,AXA CROISSANCE,HEBDOMADAIRE,FNPP,OMLT,,MBI,"[1,1  5,1[",BMCI,5,"['fadoua.elaomari@cihbank.ma', 'nabil.ouagrani@cihbank.ma', 'ismail.halhoul@cihbank.ma', 'abdelilah.sadki@cihbank.ma', 'Khadija.ElGhadbane@cihbank.ma']",25718258906.03,"25 Bd Massira El Khadra, 2ème étage Casablanca",,fadoua.elomari@bnpparibas.com,,CIH CAPITAL MANAGEMENT,0522 92 69 00,"['asfim@asfim.ma', 'r.elhonsali@asfim.ma', 'Fadoua.Elaomari@cihbank.ma', 'Khadija.ElGhadbane@cihbank.ma', 'mohammed.lamrini@cihbank.ma']",,Monsieur,Monsieur,Mohammed LAMRINI,Directeur Général,CASABLANCA,001536529000035
248,,,2007-12-07,0.03,0.015,MIXTE,MA0000036642,FCP,CIH CAPITAL MANAGEMENT,3664,0.005,AXA EPARGNE,HEBDOMADAIRE,FNPP,OMLT,,MBI MLT,"[1,1  5,1[",BMCI,5,"['fadoua.elaomari@cihbank.ma', 'nabil.ouagrani@cihbank.ma', 'ismail.halhoul@cihbank.ma', 'abdelilah.sadki@cihbank.ma', 'Khadija.ElGhadbane@cihbank.ma']",25718258906.03,"25 Bd Massira El Khadra, 2ème étage Casablanca",,fadoua.elomari@bnpparibas.com,,CIH CAPITAL MANAGEMENT,0522 92 69 00,"['asfim@asfim.ma', 'r.elhonsali@asfim.ma', 'Fadoua.Elaomari@cihbank.ma', 'Khadija.ElGhadbane@cihbank.ma', 'mohammed.lamrini@cihbank.ma']",,Monsieur,Monsieur,Mohammed LAMRINI,Directeur Général,CASABLANCA,001536529000035
247,,,2000-07-21,0.03,0.015,MIXTE,MA0000035529,FCP,CIH CAPITAL MANAGEMENT,3552,0.0,AXA HORIZON,HEBDOMADAIRE,FNPP,DIVERSIFIÉ,INSTITUTIONNELS,CFG 25 FLOTTANT,-,BMCI,5,"['fadoua.elaomari@cihbank.ma', 'nabil.ouagrani@cihbank.ma', 'ismail.halhoul@cihbank.ma', 'abdelilah.sadki@cihbank.ma', 'Khadija.ElGhadbane@cihbank.ma']",25718258906.03,"25 Bd Massira El Khadra, 2ème étage Casablanca",,fadoua.elomari@bnpparibas.com,,CIH CAPITAL MANAGEMENT,0522 92 69 00,"['asfim@asfim.ma', 'r.elhonsali@asfim.ma', 'Fadoua.Elaomari@cihbank.ma', 'Khadija.ElGhadbane@cihbank.ma', 'mohammed.lamrini@cihbank.ma']",,Monsieur,Monsieur,Mohammed LAMRINI,Directeur Général,CASABLANCA,001536529000035
250,,,2010-10-22,0.0,0.0,CAPITALISANT,MA0000037046,FCP,CIH CAPITAL MANAGEMENT,3704,0.02,AXA MONETAIRE,QUOTIDIENNE,FNPP,MONÉTAIRE,INSTITUTIONNELS,TMI(jj),"<=0,5",BMCI,5,"['fadoua.elaomari@cihbank.ma', 'nabil.ouagrani@cihbank.ma', 'ismail.halhoul@cihbank.ma', 'abdelilah.sadki@cihbank.ma', 'Khadija.ElGhadbane@cihbank.ma']",25718258906.03,"25 Bd Massira El Khadra, 2ème étage Casablanca",,fadoua.elomari@bnpparibas.com,,CIH CAPITAL MANAGEMENT,0522 92 69 00,"['asfim@asfim.ma', 'r.elhonsali@asfim.ma', 'Fadoua.Elaomari@cihbank.ma', 'Khadija.ElGhadbane@cihbank.ma', 'mohammed.lamrini@cihbank.ma']",,Monsieur,Monsieur,Mohammed LAMRINI,Directeur Général,CASABLANCA,001536529000035
213,,,2007-03-02,0.03,0.015,MIXTE,MA0000040669,FCP,CDG CAPITAL GESTION,4066,0.02,AXA OBLIG,HEBDOMADAIRE,FNPP,OMLT,,MBI GLOBAL,[2  6[,CDG CAPITAL,7,"['kejjilali@cdgcapitalgestion.ma', 'himjrane@cdgcapitalgestion.ma', 'akorait@cdgcapitalgestion.ma', 'middleoffice@cdgcapitalgestion.ma']",82930863366.85,"101, Bd Al Massira Al Khadra, 3ème étage, Casablanca – Maroc",,,,CDG CAPITAL GESTION,+212 522 923 111,"['asfim@asfim.ma', 'r.elhonsali@asfim.ma', 'relachhab@cdgcapitalgestion.ma', 'baitssi@cdgcapitalgestion.ma', 'kejjilali@cdgcapitalgestion.ma', 'mkhazraji@cdgcapitalgestion.ma']",,Monsieur,Monsieur,Rachid ELACHHAB,Directeur Général,CASABLANCA,001431541000080
303,,,1997-08-15,0.0,0.0,MIXTE,MA0000039810,FCP,CFG GROUP,3981,0.02,AXA PÉRENNITÉ,HEBDOMADAIRE,FNPP,DIVERSIFIÉ,INSTITUTIONNELS,60% MBI + 40% MASI RB,-,CFG BANK,8,"['M.AitElBied@cfgbank.com', 'y.elyakoubi@cfgbank.com', 'i.rharib@cfgbank.com', 'l.berradafathi@cfgbank.com']",26838334241.57977,"5/7, Rue Ibnou Toufail Quartier Palmier, Angle, Boulevard Zerktouni – Casablanca – Maroc",,,,CFG GESTION,+212 522 250 050,"['asfim@asfim.ma', 'r.elhonsali@asfim.ma', 'o.chekroun@cfgbank.com', 'A.Wadifi@cfgbank.com', 'M.AitElBied@cfgbank.com', 'W.AMRANIJOUTEI@cfgbank.com']",,Monsieur,Monsieur,Walid AMRANI JOUTEI,Directeur Général,CASABLANCA,000084699000096
288,,,2000-08-11,0.0,0.0,DISTRIBUANT,MA0000035750,FCP,CFG GESTION,3575,0.02,AXA PERFORMANCE,HEBDOMADAIRE,FNPP,DIVERSIFIÉ,INSTITUTIONNELS,80% MBI GLOBAL + 25% MASI RN,-,CFG BANK,8,"['M.AitElBied@cfgbank.com', 'y.elyakoubi@cfgbank.com', 'i.rharib@cfgbank.com', 'l.berradafathi@cfgbank.com']",26838334241.57977,"5/7, Rue Ibnou Toufail Quartier Palmier, Angle, Boulevard Zerktouni – Casablanca – Maroc",,,,CFG GESTION,+212 522 250 050,"['asfim@asfim.ma', 'r.elhonsali@asfim.ma', 'o.chekroun@cfgbank.com', 'A.Wadifi@cfgbank.com', 'M.AitElBied@cfgbank.com', 'W.AMRANIJOUTEI@cfgbank.com']",,Monsieur,Monsieur,Walid AMRANI JOUTEI,Directeur Général,CASABLANCA,000084699000096
520,,,2021-02-12,0.0,0.0,MIXTE,MA0000038838,FCP,CFG GESTION,3883,0.02,AXA PERSPECTIVES,HEBDOMADAIRE,FNPP,DIVERSIFIÉ,INSTITUTIONNELS,60% MBI GLOBAL + 40% MASI RB,-,CFG BANK,8,"['M.AitElBied@cfgbank.com', 'y.elyakoubi@cfgbank.com', 'i.rharib@cfgbank.com', 'l.berradafathi@cfgbank.com']",26838334241.57977,"5/7, Rue Ibnou Toufail Quartier Palmier, Angle, Boulevard Zerktouni – Casablanca – Maroc",,,,CFG GESTION,+212 522 250 050,"['asfim@asfim.ma', 'r.elhonsali@asfim.ma', 'o.chekroun@cfgbank.com', 'A.Wadifi@cfgbank.com', 'M.AitElBied@cfgbank.com', 'W.AMRANIJOUTEI@cfgbank.com']",,Monsieur,Monsieur,Walid AMRANI JOUTEI,Directeur Général,CASABLANCA,000084699000096
283,,,2006-10-20,0.0,0.0,MIXTE,MA0000036295,FCP,CIH CAPITAL MANAGEMENT,3629,0.02,AZ OBLIGATIONS,HEBDOMADAIRE,FNPP,OMLT,,MBI GLOBAL,"[1,1  13]",CIH BANK,5,"['fadoua.elaomari@cihbank.ma', 'nabil.ouagrani@cihbank.ma', 'ismail.halhoul@cihbank.ma', 'abdelilah.sadki@cihbank.ma', 'Khadija.ElGhadbane@cihbank.ma']",25718258906.03,"25 Bd Massira El Khadra, 2ème étage Casablanca",,fadoua.elomari@bnpparibas.com,,CIH CAPITAL MANAGEMENT,0522 92 69 00,"['asfim@asfim.ma', 'r.elhonsali@asfim.ma', 'Fadoua.Elaomari@cihbank.ma', 'Khadija.ElGhadbane@cihbank.ma', 'mohammed.lamrini@cihbank.ma']",,Monsieur,Monsieur,Mohammed LAMRINI,Directeur Général,CASABLANCA,001536529000035
338,,,2003-04-11,0.03,0.015,MIXTE,MA0000039471,FCP,WAFA GESTION,3947,0.02,AZ TAWFIR,QUOTIDIENNE,FNPP,OMLT,INSTITUTIONNELS,MBI MLT,"]1,1  13]",BCP,16,"['mohamed.berrada1@attijariwafa.com', 'h.nokra@attijariwafa.com', 'g.mrini@attijariwafa.com', 'n.ouhatta@attijariwafa.com']",192315700959.16,"416, rue Mustapha EL Maani – Casablanca – Maroc",,,,WAFA GESTION,+212 522 453 838,"['asfim@asfim.ma', 'r.elhonsali@asfim.ma', 'k.bensouda@attijariwafa.com', 'n.ouhatta@attijariwafa.com', 'mohamed.berrada1@attijariwafa.com', 'R.Hilali@attijariwafa.com']",,Monsieur,Monsieur,Reda HILALI,Directeur Général,CASABLANCA,001698382000048
251,,,2001-06-26,0.0,0.0,CAPITALISANT,MA0000030413,SICAV,CIH CAPITAL MANAGEMENT,3041,0.0067,BMCI CASH,QUOTIDIENNE,FGP,OCT,,MBI CT,"[0,6  1,1[",BMCI,5,"['fadoua.elaomari@cihbank.ma', 'nabil.ouagrani@cihbank.ma', 'ismail.halhoul@cihbank.ma', 'abdelilah.sadki@cihbank.ma', 'Khadija.ElGhadbane@cihbank.ma']",25718258906.03,"25 Bd Massira El Khadra, 2ème étage Casablanca",,fadoua.elomari@bnpparibas.com,,CIH CAPITAL MANAGEMENT,0522 92 69 00,"['asfim@asfim.ma', 'r.elhonsali@asfim.ma', 'Fadoua.Elaomari@cihbank.ma', 'Khadija.ElGhadbane@cihbank.ma', 'mohammed.lamrini@cihbank.ma']",,Monsieur,Monsieur,Mohammed LAMRINI,Directeur Général,CASABLANCA,001536529000035
254,,,2000-01-07,0.02,0.0075,CAPITALISANT,MA0000030058,SICAV,CIH CAPITAL MANAGEMENT,3005,0.02,BMCI COSMOS,HEBDOMADAIRE,FGP,ACTIONS,,MASI,-,BMCI,5,"['fadoua.elaomari@cihbank.ma', 'nabil.ouagrani@cihbank.ma', 'ismail.halhoul@cihbank.ma', 'abdelilah.sadki@cihbank.ma', 'Khadija.ElGhadbane@cihbank.ma']",25718258906.03,"25 Bd Massira El Khadra, 2ème étage Casablanca",,fadoua.elomari@bnpparibas.com,,CIH CAPITAL MANAGEMENT,0522 92 69 00,"['asfim@asfim.ma', 'r.elhonsali@asfim.ma', 'Fadoua.Elaomari@cihbank.ma', 'Khadija.ElGhadbane@cihbank.ma', 'mohammed.lamrini@cihbank.ma']",,Monsieur,Monsieur,Mohammed LAMRINI,Directeur Général,CASABLANCA,001536529000035
252,,,2000-01-07,0.0125,0.005,CAPITALISANT,MA0000030363,SICAV,CIH CAPITAL MANAGEMENT,3036,0.0195,BMCI EPARGNE CROISSANCE,HEBDOMADAIRE,FGP,DIVERSIFIÉ,,60% MASI + 40% MBI MT,-,BMCI,5,"['fadoua.elaomari@cihbank.ma', 'nabil.ouagrani@cihbank.ma', 'ismail.halhoul@cihbank.ma', 'abdelilah.sadki@cihbank.ma', 'Khadija.ElGhadbane@cihbank.ma']",25718258906.03,"25 Bd Massira El Khadra, 2ème étage Casablanca",,fadoua.elomari@bnpparibas.com,,CIH CAPITAL MANAGEMENT,0522 92 69 00,"['asfim@asfim.ma', 'r.elhonsali@asfim.ma', 'Fadoua.Elaomari@cihbank.ma', 'Khadija.ElGhadbane@cihbank.ma', 'mohammed.lamrini@cihbank.ma']",,Monsieur,Monsieur,Mohammed LAMRINI,Directeur Général,CASABLANCA,001536529000035
253,,,2000-01-07,0.005,0.0025,CAPITALISANT,MA0000030066,SICAV,CIH CAPITAL MANAGEMENT,3006,0.009300000000000001,BMCI EPARGNE OBLIGATIONS,HEBDOMADAIRE,FGP,OMLT,,MBI MLT,[3  7[,BMCI,5,"['fadoua.elaomari@cihbank.ma', 'nabil.ouagrani@cihbank.ma', 'ismail.halhoul@cihbank.ma', 'abdelilah.sadki@cihbank.ma', 'Khadija.ElGhadbane@cihbank.ma']",25718258906.03,"25 Bd Massira El Khadra, 2ème étage Casablanca",,fadoua.elomari@bnpparibas.com,,CIH CAPITAL MANAGEMENT,0522 92 69 00,"['asfim@asfim.ma', 'r.elhonsali@asfim.ma', 'Fadoua.Elaomari@cihbank.ma', 'Khadija.ElGhadbane@cihbank.ma', 'mohammed.lamrini@cihbank.ma']",,Monsieur,Monsieur,Mohammed LAMRINI,Directeur Général,CASABLANCA,001536529000035
274,,,2001-03-02,0.03,0.015,CAPITALISANT,MA0000035545,FCP,CIH CAPITAL MANAGEMENT,3554,0.006,BMCI INVEST,HEBDOMADAIRE,FNPP,DIVERSIFIÉ,,60% MASI + 40% MBI MT,-,BMCI,5,"['fadoua.elaomari@cihbank.ma', 'nabil.ouagrani@cihbank.ma', 'ismail.halhoul@cihbank.ma', 'abdelilah.sadki@cihbank.ma', 'Khadija.ElGhadbane@cihbank.ma']",25718258906.03,"25 Bd Massira El Khadra, 2ème étage Casablanca",,fadoua.elomari@bnpparibas.com,,CIH CAPITAL MANAGEMENT,0522 92 69 00,"['asfim@asfim.ma', 'r.elhonsali@asfim.ma', 'Fadoua.Elaomari@cihbank.ma', 'Khadija.ElGhadbane@cihbank.ma', 'mohammed.lamrini@cihbank.ma']",,Monsieur,Monsieur,Mohammed LAMRINI,Directeur Général,CASABLANCA,001536529000035
277,,,2015-01-28,0.002,0.001,CAPITALISANT,MA0000037707,FCP,CIH CAPITAL MANAGEMENT,3770,0.02,BMCI ISR,HEBDOMADAIRE,FGP,DIVERSIFIÉ,,50% MBI MT + 50% MASI,-,BMCI,5,"['fadoua.elaomari@cihbank.ma', 'nabil.ouagrani@cihbank.ma', 'ismail.halhoul@cihbank.ma', 'abdelilah.sadki@cihbank.ma', 'Khadija.ElGhadbane@cihbank.ma']",25718258906.03,"25 Bd Massira El Khadra, 2ème étage Casablanca",,fadoua.elomari@bnpparibas.com,,CIH CAPITAL MANAGEMENT,0522 92 69 00,"['asfim@asfim.ma', 'r.elhonsali@asfim.ma', 'Fadoua.Elaomari@cihbank.ma', 'Khadija.ElGhadbane@cihbank.ma', 'mohammed.lamrini@cihbank.ma']",,Monsieur,Monsieur,Mohammed LAMRINI,Directeur Général,CASABLANCA,001536529000035
256,,,2010-06-18,0.0,0.0,CAPITALISANT,MA0000041899,FCP,CIH CAPITAL MANAGEMENT,4189,0.02,BMCI MONETAIRE PLUS,QUOTIDIENNE,FGP,MONÉTAIRE,,TMP INTERBANCAIRE,"[0  0,5]",BMCI,5,"['fadoua.elaomari@cihbank.ma', 'nabil.ouagrani@cihbank.ma', 'ismail.halhoul@cihbank.ma', 'abdelilah.sadki@cihbank.ma', 'Khadija.ElGhadbane@cihbank.ma']",25718258906.03,"25 Bd Massira El Khadra, 2ème étage Casablanca",,fadoua.elomari@bnpparibas.com,,CIH CAPITAL MANAGEMENT,0522 92 69 00,"['asfim@asfim.ma', 'r.elhonsali@asfim.ma', 'Fadoua.Elaomari@cihbank.ma', 'Khadija.ElGhadbane@cihbank.ma', 'mohammed.lamrini@cihbank.ma']",,Monsieur,Monsieur,Mohammed LAMRINI,Directeur Général,CASABLANCA,001536529000035
257,,,2009-10-23,0.002,0.001,CAPITALISANT,MA0000041873,FCP,CIH CAPITAL MANAGEMENT,4187,0.02,BMCI PREMIUM EQUITY GROWTH,QUOTIDIENNE,FGP,ACTIONS,,MASI,-,BMCI,5,"['fadoua.elaomari@cihbank.ma', 'nabil.ouagrani@cihbank.ma', 'ismail.halhoul@cihbank.ma', 'abdelilah.sadki@cihbank.ma', 'Khadija.ElGhadbane@cihbank.ma']",25718258906.03,"25 Bd Massira El Khadra, 2ème étage Casablanca",,fadoua.elomari@bnpparibas.com,,CIH CAPITAL MANAGEMENT,0522 92 69 00,"['asfim@asfim.ma', 'r.elhonsali@asfim.ma', 'Fadoua.Elaomari@cihbank.ma', 'Khadija.ElGhadbane@cihbank.ma', 'mohammed.lamrini@cihbank.ma']",,Monsieur,Monsieur,Mohammed LAMRINI,Directeur Général,CASABLANCA,001536529000035
258,,,2009-10-23,0.002,0.001,DISTRIBUANT,MA0000041881,FCP,CIH CAPITAL MANAGEMENT,4188,0.02,BMCI PREMIUM EQUITY INCOME,HEBDOMADAIRE,FGP,ACTIONS,,MASI,-,BMCI,5,"['fadoua.elaomari@cihbank.ma', 'nabil.ouagrani@cihbank.ma', 'ismail.halhoul@cihbank.ma', 'abdelilah.sadki@cihbank.ma', 'Khadija.ElGhadbane@cihbank.ma']",25718258906.03,"25 Bd Massira El Khadra, 2ème étage Casablanca",,fadoua.elomari@bnpparibas.com,,CIH CAPITAL MANAGEMENT,0522 92 69 00,"['asfim@asfim.ma', 'r.elhonsali@asfim.ma', 'Fadoua.Elaomari@cihbank.ma', 'Khadija.ElGhadbane@cihbank.ma', 'mohammed.lamrini@cihbank.ma']",,Monsieur,Monsieur,Mohammed LAMRINI,Directeur Général,CASABLANCA,001536529000035
260,,,2008-02-15,0.0,0.0,MIXTE,MA0000041824,FCP,CIH CAPITAL MANAGEMENT,4182,0.02,BMCI PREMIUM LONG TERM BOND,HEBDOMADAIRE,FGP,OMLT,,MBI,]3  7],BMCI,5,"['fadoua.elaomari@cihbank.ma', 'nabil.ouagrani@cihbank.ma', 'ismail.halhoul@cihbank.ma', 'abdelilah.sadki@cihbank.ma', 'Khadija.ElGhadbane@cihbank.ma']",25718258906.03,"25 Bd Massira El Khadra, 2ème étage Casablanca",,fadoua.elomari@bnpparibas.com,,CIH CAPITAL MANAGEMENT,0522 92 69 00,"['asfim@asfim.ma', 'r.elhonsali@asfim.ma', 'Fadoua.Elaomari@cihbank.ma', 'Khadija.ElGhadbane@cihbank.ma', 'mohammed.lamrini@cihbank.ma']",,Monsieur,Monsieur,Mohammed LAMRINI,Directeur Général,CASABLANCA,001536529000035
259,,,2006-12-15,0.0,0.0,CAPITALISANT,MA0000041832,FCP,CIH CAPITAL MANAGEMENT,4183,0.02,BMCI PREMIUM MEDIUM TERM BOND,HEBDOMADAIRE,FGP,OMLT,,MBI MT,"]1,1  5,1]",BMCI,5,"['fadoua.elaomari@cihbank.ma', 'nabil.ouagrani@cihbank.ma', 'ismail.halhoul@cihbank.ma', 'abdelilah.sadki@cihbank.ma', 'Khadija.ElGhadbane@cihbank.ma']",25718258906.03,"25 Bd Massira El Khadra, 2ème étage Casablanca",,fadoua.elomari@bnpparibas.com,,CIH CAPITAL MANAGEMENT,0522 92 69 00,"['asfim@asfim.ma', 'r.elhonsali@asfim.ma', 'Fadoua.Elaomari@cihbank.ma', 'Khadija.ElGhadbane@cihbank.ma', 'mohammed.lamrini@cihbank.ma']",,Monsieur,Monsieur,Mohammed LAMRINI,Directeur Général,CASABLANCA,001536529000035
262,,,2010-08-02,0.0,0.0,CAPITALISANT,MA0000041816,FCP,CIH CAPITAL MANAGEMENT,4181,0.02,BMCI PREMIUM MONEY MARKET,QUOTIDIENNE,FGP,MONÉTAIRE,,TMI(jj),"]0  0,5]",BMCI,5,"['fadoua.elaomari@cihbank.ma', 'nabil.ouagrani@cihbank.ma', 'ismail.halhoul@cihbank.ma', 'abdelilah.sadki@cihbank.ma', 'Khadija.ElGhadbane@cihbank.ma']",25718258906.03,"25 Bd Massira El Khadra, 2ème étage Casablanca",,fadoua.elomari@bnpparibas.com,,CIH CAPITAL MANAGEMENT,0522 92 69 00,"['asfim@asfim.ma', 'r.elhonsali@asfim.ma', 'Fadoua.Elaomari@cihbank.ma', 'Khadija.ElGhadbane@cihbank.ma', 'mohammed.lamrini@cihbank.ma']",,Monsieur,Monsieur,Mohammed LAMRINI,Directeur Général,CASABLANCA,001536529000035
261,,,2010-11-12,0.002,0.009000000000000001,CAPITALISANT,MA0000041857,FCP,CIH CAPITAL MANAGEMENT,4185,0.02,BMCI PREMIUM OPPORTUNITY I,QUOTIDIENNE,FGP,DIVERSIFIÉ,,50% MASI Rentabilite nette + 50% MBI CT,-,BMCI,5,"['fadoua.elaomari@cihbank.ma', 'nabil.ouagrani@cihbank.ma', 'ismail.halhoul@cihbank.ma', 'abdelilah.sadki@cihbank.ma', 'Khadija.ElGhadbane@cihbank.ma']",25718258906.03,"25 Bd Massira El Khadra, 2ème étage Casablanca",,fadoua.elomari@bnpparibas.com,,CIH CAPITAL MANAGEMENT,0522 92 69 00,"['asfim@asfim.ma', 'r.elhonsali@asfim.ma', 'Fadoua.Elaomari@cihbank.ma', 'Khadija.ElGhadbane@cihbank.ma', 'mohammed.lamrini@cihbank.ma']",,Monsieur,Monsieur,Mohammed LAMRINI,Directeur Général,CASABLANCA,001536529000035
255,,,2010-10-22,0.03,0.015,MIXTE,MA0000041865,FCP,CIH CAPITAL MANAGEMENT,4186,0.02,BMCI PREMIUM OPPORTUNITY II,HEBDOMADAIRE,FGP,DIVERSIFIÉ,,50% MASI Rentabilite Nette + 50% MBI Court Terme,-,BMCI,5,"['fadoua.elaomari@cihbank.ma', 'nabil.ouagrani@cihbank.ma', 'ismail.halhoul@cihbank.ma', 'abdelilah.sadki@cihbank.ma', 'Khadija.ElGhadbane@cihbank.ma']",25718258906.03,"25 Bd Massira El Khadra, 2ème étage Casablanca",,fadoua.elomari@bnpparibas.com,,CIH CAPITAL MANAGEMENT,0522 92 69 00,"['asfim@asfim.ma', 'r.elhonsali@asfim.ma', 'Fadoua.Elaomari@cihbank.ma', 'Khadija.ElGhadbane@cihbank.ma', 'mohammed.lamrini@cihbank.ma']",,Monsieur,Monsieur,Mohammed LAMRINI,Directeur Général,CASABLANCA,001536529000035
271,,,2012-03-21,0.0,0.0,DISTRIBUANT,MA0000039281,FCP,CIH CAPITAL MANAGEMENT,3928,0.02,BMCI PREMIUM SHORT BOND DIST,QUOTIDIENNE,FGP,OCT,,MBI CT,"]0,5  1,1]",BMCI,5,"['fadoua.elaomari@cihbank.ma', 'nabil.ouagrani@cihbank.ma', 'ismail.halhoul@cihbank.ma', 'abdelilah.sadki@cihbank.ma', 'Khadija.ElGhadbane@cihbank.ma']",25718258906.03,"25 Bd Massira El Khadra, 2ème étage Casablanca",,fadoua.elomari@bnpparibas.com,,CIH CAPITAL MANAGEMENT,0522 92 69 00,"['asfim@asfim.ma', 'r.elhonsali@asfim.ma', 'Fadoua.Elaomari@cihbank.ma', 'Khadija.ElGhadbane@cihbank.ma', 'mohammed.lamrini@cihbank.ma']",,Monsieur,Monsieur,Mohammed LAMRINI,Directeur Général,CASABLANCA,001536529000035
279,,,2016-04-25,0.0,0.0,CAPITALISANT,MA0000041840,FCP,CIH CAPITAL MANAGEMENT,4184,0.02,BMCI PREMIUM SHORT TERM BOND,QUOTIDIENNE,FGP,OCT,,MBI CT,"]0,5 1,1]",BMCI,5,"['fadoua.elaomari@cihbank.ma', 'nabil.ouagrani@cihbank.ma', 'ismail.halhoul@cihbank.ma', 'abdelilah.sadki@cihbank.ma', 'Khadija.ElGhadbane@cihbank.ma']",25718258906.03,"25 Bd Massira El Khadra, 2ème étage Casablanca",,fadoua.elomari@bnpparibas.com,,CIH CAPITAL MANAGEMENT,0522 92 69 00,"['asfim@asfim.ma', 'r.elhonsali@asfim.ma', 'Fadoua.Elaomari@cihbank.ma', 'Khadija.ElGhadbane@cihbank.ma', 'mohammed.lamrini@cihbank.ma']",,Monsieur,Monsieur,Mohammed LAMRINI,Directeur Général,CASABLANCA,001536529000035
263,,,2004-10-13,0.0,0.0,CAPITALISANT,MA0000030736,SICAV,CIH CAPITAL MANAGEMENT,3073,0.02,BMCI TRESO PLUS,QUOTIDIENNE,FGP,MONÉTAIRE,,MBI CT,"[0,6  1,1[",BMCI,5,"['fadoua.elaomari@cihbank.ma', 'nabil.ouagrani@cihbank.ma', 'ismail.halhoul@cihbank.ma', 'abdelilah.sadki@cihbank.ma', 'Khadija.ElGhadbane@cihbank.ma']",25718258906.03,"25 Bd Massira El Khadra, 2ème étage Casablanca",,fadoua.elomari@bnpparibas.com,,CIH CAPITAL MANAGEMENT,0522 92 69 00,"['asfim@asfim.ma', 'r.elhonsali@asfim.ma', 'Fadoua.Elaomari@cihbank.ma', 'Khadija.ElGhadbane@cihbank.ma', 'mohammed.lamrini@cihbank.ma']",,Monsieur,Monsieur,Mohammed LAMRINI,Directeur Général,CASABLANCA,001536529000035
264,,,2000-01-03,0.0125,0.005,CAPITALISANT,MA0000030132,SICAV,CIH CAPITAL MANAGEMENT,3013,0.0195,BMCI TRESORERIE,QUOTIDIENNE,FGP,MONÉTAIRE,,TMJ(jj),"[0  0,5[",BMCI,5,"['fadoua.elaomari@cihbank.ma', 'nabil.ouagrani@cihbank.ma', 'ismail.halhoul@cihbank.ma', 'abdelilah.sadki@cihbank.ma', 'Khadija.ElGhadbane@cihbank.ma']",25718258906.03,"25 Bd Massira El Khadra, 2ème étage Casablanca",,fadoua.elomari@bnpparibas.com,,CIH CAPITAL MANAGEMENT,0522 92 69 00,"['asfim@asfim.ma', 'r.elhonsali@asfim.ma', 'Fadoua.Elaomari@cihbank.ma', 'Khadija.ElGhadbane@cihbank.ma', 'mohammed.lamrini@cihbank.ma']",,Monsieur,Monsieur,Mohammed LAMRINI,Directeur Général,CASABLANCA,001536529000035
430,,,2009-09-23,0.03,0.03,CAPITALISANT,MA0000036998,FCP,SAHAM BANK,3699,0.02,BOND OPTIMUM,HEBDOMADAIRE,FGP,OMLT,,MBI GLOBAL,"]1,1  10]",SAHAM BANK,13,"['mohammed.alami-chentoufi@sahambank.com', 'mohamed-amine.el-moudaffar@sahambank.com', 'Omar.Abzahd@sahambank.com', 'skg.sales@sahambank.com']",42713528406.17,"55, Bd Abdelmoumen 20100 – Casablanca – Maroc",,,https://fundshare.asfim.ma/media/images/Logo_SAHAM_CAPITAL_GESTION.png,SAHAM CAPITAL GESTION,+212 522 439 810,"['asfim@asfim.ma', 'r.elhonsali@asfim.ma', 'mohamed-amine.el-moudaffar@sahambank.com', 'mohammed.alami-chentoufi@sahambank.com', 'tahar.zerrari@sahambank.com']",https://www.sahamcapitalgestion.com,Monsieur,Monsieur,Tahar ZERRARI,Directeur Général,CASABLANCA,001515144000086
415,,,1999-11-05,0.03,0.015,CAPITALISANT,MA0000030629,SICAV,SAHAM BANK,3062,0.02,C.I.M.R IDDIKHAR,HEBDOMADAIRE,FNPP,OMLT,,MBI MLT,"]1,1  10]",SAHAM BANK,13,"['mohammed.alami-chentoufi@sahambank.com', 'mohamed-amine.el-moudaffar@sahambank.com', 'Omar.Abzahd@sahambank.com', 'skg.sales@sahambank.com']",42713528406.17,"55, Bd Abdelmoumen 20100 – Casablanca – Maroc",,,https://fundshare.asfim.ma/media/images/Logo_SAHAM_CAPITAL_GESTION.png,SAHAM CAPITAL GESTION,+212 522 439 810,"['asfim@asfim.ma', 'r.elhonsali@asfim.ma', 'mohamed-amine.el-moudaffar@sahambank.com', 'mohammed.alami-chentoufi@sahambank.com', 'tahar.zerrari@sahambank.com']",https://www.sahamcapitalgestion.com,Monsieur,Monsieur,Tahar ZERRARI,Directeur Général,CASABLANCA,001515144000086
306,,,1997-09-26,0.0,0.0,MIXTE,MA0000035800,FCP,CFG GESTION,3580,0.02,CAA RENDEMENT,HEBDOMADAIRE,FNPP,OMLT,INSTITUTIONNELS,MBI GLOBAL,"]1,1  10]",CFG BANK,8,"['M.AitElBied@cfgbank.com', 'y.elyakoubi@cfgbank.com', 'i.rharib@cfgbank.com', 'l.berradafathi@cfgbank.com']",26838334241.57977,"5/7, Rue Ibnou Toufail Quartier Palmier, Angle, Boulevard Zerktouni – Casablanca – Maroc",,,,CFG GESTION,+212 522 250 050,"['asfim@asfim.ma', 'r.elhonsali@asfim.ma', 'o.chekroun@cfgbank.com', 'A.Wadifi@cfgbank.com', 'M.AitElBied@cfgbank.com', 'W.AMRANIJOUTEI@cfgbank.com']",,Monsieur,Monsieur,Walid AMRANI JOUTEI,Directeur Général,CASABLANCA,000084699000096
181,,,2012-02-03,0.02,0.015,CAPITALISANT,MA0000041337,FCP,MAROGEST,4133,0.02,CAM ACTIONS,QUOTIDIENNE,FGP,ACTIONS,,CFG 25 FLOTTANT,-,CDG CAPITAL,10,"['k.elghadbane@marogest.ma', 'i.aballaoui@marogest.ma']",11029975326.68,"Immeuble Zénith, lotissement Tawfiq. Sidi Maarouf – Casablanca – Maroc",,,,MAROGEST,+212 522 974 961,"['asfim@asfim.ma', 'r.elhonsali@asfim.ma', 'w.mbarek@msin.ma', 'i.masaoudi@marogest.ma', 'chaaoub@marogest.ma']",,Monsieur,Monsieur,Farid CHAAOUB,Administrateur Directeur Général,CASABLANCA,001527146000012
554,,,2022-01-04,0.03,0.015,CAPITALISANT,MA0000039117,FCP,CAM; MSIN; CIH; MAROGEST,3911,0.02,CAM OBLIBANQUES,QUOTIDIENNE,FGP,OCT,,85% MBI CT + 15% MBI MT,"]0,5 1,1]",CIH BANK,10,"['k.elghadbane@marogest.ma', 'i.aballaoui@marogest.ma']",11029975326.68,"Immeuble Zénith, lotissement Tawfiq. Sidi Maarouf – Casablanca – Maroc",,,,MAROGEST,+212 522 974 961,"['asfim@asfim.ma', 'r.elhonsali@asfim.ma', 'w.mbarek@msin.ma', 'i.masaoudi@marogest.ma', 'chaaoub@marogest.ma']",,Monsieur,Monsieur,Farid CHAAOUB,Administrateur Directeur Général,CASABLANCA,001527146000012
180,,,2012-02-03,0.01,0.005,CAPITALISANT,MA0000041329,FCP,MAROGEST,4132,0.01,CAM OBLIGATIONS,QUOTIDIENNE,FGP,OMLT,,MBI GLOBAL,[2.5  6.5[,CDG CAPITAL,10,"['k.elghadbane@marogest.ma', 'i.aballaoui@marogest.ma']",11029975326.68,"Immeuble Zénith, lotissement Tawfiq. Sidi Maarouf – Casablanca – Maroc",,,,MAROGEST,+212 522 974 961,"['asfim@asfim.ma', 'r.elhonsali@asfim.ma', 'w.mbarek@msin.ma', 'i.masaoudi@marogest.ma', 'chaaoub@marogest.ma']",,Monsieur,Monsieur,Farid CHAAOUB,Administrateur Directeur Général,CASABLANCA,001527146000012
555,,,2022-01-04,0.03,0.015,CAPITALISANT,MA0000039125,FCP,CAM; MSIN; CIH; MAROGEST,3912,0.02,CAM OBLIRENDEMENT,QUOTIDIENNE,FGP,OMLT,,100% MBI MT,"]1,1   5,1]",CIH BANK,10,"['k.elghadbane@marogest.ma', 'i.aballaoui@marogest.ma']",11029975326.68,"Immeuble Zénith, lotissement Tawfiq. Sidi Maarouf – Casablanca – Maroc",,,,MAROGEST,+212 522 974 961,"['asfim@asfim.ma', 'r.elhonsali@asfim.ma', 'w.mbarek@msin.ma', 'i.masaoudi@marogest.ma', 'chaaoub@marogest.ma']",,Monsieur,Monsieur,Farid CHAAOUB,Administrateur Directeur Général,CASABLANCA,001527146000012
364,,,2002-10-11,0.0,0.0,CAPITALISANT,MA0000040271,FCP,WAFA GESTION,4027,0.006500000000000001,CAP MONETAIRE PREMIERE,QUOTIDIENNE,FGP,MONÉTAIRE,,TMP,"[0,1  0,5[",ATTIJARIWAFA BANK,16,"['mohamed.berrada1@attijariwafa.com', 'h.nokra@attijariwafa.com', 'g.mrini@attijariwafa.com', 'n.ouhatta@attijariwafa.com']",192315700959.16,"416, rue Mustapha EL Maani – Casablanca – Maroc",,,,WAFA GESTION,+212 522 453 838,"['asfim@asfim.ma', 'r.elhonsali@asfim.ma', 'k.bensouda@attijariwafa.com', 'n.ouhatta@attijariwafa.com', 'mohamed.berrada1@attijariwafa.com', 'R.Hilali@attijariwafa.com']",,Monsieur,Monsieur,Reda HILALI,Directeur Général,CASABLANCA,001698382000048
361,,,1996-11-08,0.01,0.0,CAPITALISANT,MA0000040248,FCP,WAFA GESTION,4024,0.02,CAP OBLIGATIONS,QUOTIDIENNE,FGP,OCT,,MBI CT,"[0,5  1,1[",ATTIJARIWAFA BANK,16,"['mohamed.berrada1@attijariwafa.com', 'h.nokra@attijariwafa.com', 'g.mrini@attijariwafa.com', 'n.ouhatta@attijariwafa.com']",192315700959.16,"416, rue Mustapha EL Maani – Casablanca – Maroc",,,,WAFA GESTION,+212 522 453 838,"['asfim@asfim.ma', 'r.elhonsali@asfim.ma', 'k.bensouda@attijariwafa.com', 'n.ouhatta@attijariwafa.com', 'mohamed.berrada1@attijariwafa.com', 'R.Hilali@attijariwafa.com']",,Monsieur,Monsieur,Reda HILALI,Directeur Général,CASABLANCA,001698382000048
378,,,2004-02-20,0.0,0.0,CAPITALISANT,MA0000042400,FCP,WAFA GESTION,4240,0.02,CAP SECURICOURT,HEBDOMADAIRE,FNPP,OMLT,INSTITUTIONNELS,40% MBI MT + 60% MBI MLT,]3  7],ATTIJARIWAFA BANK,16,"['mohamed.berrada1@attijariwafa.com', 'h.nokra@attijariwafa.com', 'g.mrini@attijariwafa.com', 'n.ouhatta@attijariwafa.com']",192315700959.16,"416, rue Mustapha EL Maani – Casablanca – Maroc",,,,WAFA GESTION,+212 522 453 838,"['asfim@asfim.ma', 'r.elhonsali@asfim.ma', 'k.bensouda@attijariwafa.com', 'n.ouhatta@attijariwafa.com', 'mohamed.berrada1@attijariwafa.com', 'R.Hilali@attijariwafa.com']",,Monsieur,Monsieur,Reda HILALI,Directeur Général,CASABLANCA,001698382000048
379,,,2004-02-20,0.03,0.015,CAPITALISANT,MA0000040495,FCP,WAFA GESTION,4049,0.02,CAP SECURIVALO,HEBDOMADAIRE,FNPP,OMLT,,MBI MLT,[5  9[,ATTIJARIWAFA BANK,16,"['mohamed.berrada1@attijariwafa.com', 'h.nokra@attijariwafa.com', 'g.mrini@attijariwafa.com', 'n.ouhatta@attijariwafa.com']",192315700959.16,"416, rue Mustapha EL Maani – Casablanca – Maroc",,,,WAFA GESTION,+212 522 453 838,"['asfim@asfim.ma', 'r.elhonsali@asfim.ma', 'k.bensouda@attijariwafa.com', 'n.ouhatta@attijariwafa.com', 'mohamed.berrada1@attijariwafa.com', 'R.Hilali@attijariwafa.com']",,Monsieur,Monsieur,Reda HILALI,Directeur Général,CASABLANCA,001698382000048
55,,,2004-04-02,0.02,0.02,MIXTE,MA0000035883,FCP,BMCE CAPITAL GESTION,3588,0.02,CAPITAL DIVIDENDES PLUS,QUOTIDIENNE,FGP,ACTIONS,,MASI,-,BANK OF AFRICA,4,"['f.eljaouhari@bmcek.co.ma', 'a.elyoussefi@bmcek.co.ma', 's.larhbali@bmcek.co.ma', 'a.benkirane@bmcek.co.ma', 'z.elandaloussi@bmcek.co.ma']",104927601110.3,"63, Boulevard Moulay Youssef, 20070 Casablanca – Maroc",,,,BMCE CAPITAL GESTION,+212 520 364 300,"['asfim@asfim.ma', 'r.elhonsali@asfim.ma', 'a.elyoussefi@bmcek.co.ma', 'f.eljaouhari@bmcek.co.ma', 'a.alami@bmcek.co.ma']",,Monsieur,Monsieur,Ahmed ALAMI HASSANI,Directeur Général,CASABLANCA,001534150000054
595,,,2024-01-24,0.01,0.01,CAPITALISANT,MA0000039497,FCP,BMCE CAPITAL GESTION,3949,0.02,CAPITAL IMTIYAZ GARANTI,QUOTIDIENNE,FGP,CONTRACTUEL,,MONIA,-,BANK OF AFRICA,4,"['f.eljaouhari@bmcek.co.ma', 'a.elyoussefi@bmcek.co.ma', 's.larhbali@bmcek.co.ma', 'a.benkirane@bmcek.co.ma', 'z.elandaloussi@bmcek.co.ma']",104927601110.3,"63, Boulevard Moulay Youssef, 20070 Casablanca – Maroc",,,,BMCE CAPITAL GESTION,+212 520 364 300,"['asfim@asfim.ma', 'r.elhonsali@asfim.ma', 'a.elyoussefi@bmcek.co.ma', 'f.eljaouhari@bmcek.co.ma', 'a.alami@bmcek.co.ma']",,Monsieur,Monsieur,Ahmed ALAMI HASSANI,Directeur Général,CASABLANCA,001534150000054
66,,,2005-11-22,0.01,0.005,CAPITALISANT,MA0000036261,FCP,BMCE CAPITAL GESTION,3626,0.008,CAPITAL IMTIYAZ LIQUIDITE,QUOTIDIENNE,FGP,OCT,,MBI CT,"]0,5  1,1]",BANK OF AFRICA,4,"['f.eljaouhari@bmcek.co.ma', 'a.elyoussefi@bmcek.co.ma', 's.larhbali@bmcek.co.ma', 'a.benkirane@bmcek.co.ma', 'z.elandaloussi@bmcek.co.ma']",104927601110.3,"63, Boulevard Moulay Youssef, 20070 Casablanca – Maroc",,,,BMCE CAPITAL GESTION,+212 520 364 300,"['asfim@asfim.ma', 'r.elhonsali@asfim.ma', 'a.elyoussefi@bmcek.co.ma', 'f.eljaouhari@bmcek.co.ma', 'a.alami@bmcek.co.ma']",,Monsieur,Monsieur,Ahmed ALAMI HASSANI,Directeur Général,CASABLANCA,001534150000054
343,,,1998-10-23,0.03,0.015,CAPITALISANT,MA0000036097,FCP,WAFA GESTION,3609,0.02,CAPITAL PERFORMANCE,HEBDOMADAIRE,FGP,DIVERSIFIÉ,,75% MBI MT + 25% MASI RENTABILITE,-,ATTIJARIWAFA BANK,16,"['mohamed.berrada1@attijariwafa.com', 'h.nokra@attijariwafa.com', 'g.mrini@attijariwafa.com', 'n.ouhatta@attijariwafa.com']",192315700959.16,"416, rue Mustapha EL Maani – Casablanca – Maroc",,,,WAFA GESTION,+212 522 453 838,"['asfim@asfim.ma', 'r.elhonsali@asfim.ma', 'k.bensouda@attijariwafa.com', 'n.ouhatta@attijariwafa.com', 'mohamed.berrada1@attijariwafa.com', 'R.Hilali@attijariwafa.com']",,Monsieur,Monsieur,Reda HILALI,Directeur Général,CASABLANCA,001698382000048
43,,,2004-04-02,0.03,0.015,CAPITALISANT,MA0000037715,FCP,BMCE CAPITAL GESTION,3771,0.01,CAPITAL RENDEMENT,QUOTIDIENNE,FGP,OCT,,MBI CT,"]0,5  1,1]",BANK OF AFRICA,4,"['f.eljaouhari@bmcek.co.ma', 'a.elyoussefi@bmcek.co.ma', 's.larhbali@bmcek.co.ma', 'a.benkirane@bmcek.co.ma', 'z.elandaloussi@bmcek.co.ma']",104927601110.3,"63, Boulevard Moulay Youssef, 20070 Casablanca – Maroc",,,,BMCE CAPITAL GESTION,+212 520 364 300,"['asfim@asfim.ma', 'r.elhonsali@asfim.ma', 'a.elyoussefi@bmcek.co.ma', 'f.eljaouhari@bmcek.co.ma', 'a.alami@bmcek.co.ma']",,Monsieur,Monsieur,Ahmed ALAMI HASSANI,Directeur Général,CASABLANCA,001534150000054
568,,,2022-08-05,0.02,0.01,MIXTE,MA0000039232,FCP,BMCE CAPITAL GESTION; BANK OF AFRICA,3923,0.02,CAPITAL RENDEMENT PLUS,QUOTIDIENNE,FGP,OMLT,,MBI GLOBAL,"]1,1   5]",BANK OF AFRICA,4,"['f.eljaouhari@bmcek.co.ma', 'a.elyoussefi@bmcek.co.ma', 's.larhbali@bmcek.co.ma', 'a.benkirane@bmcek.co.ma', 'z.elandaloussi@bmcek.co.ma']",104927601110.3,"63, Boulevard Moulay Youssef, 20070 Casablanca – Maroc",,,,BMCE CAPITAL GESTION,+212 520 364 300,"['asfim@asfim.ma', 'r.elhonsali@asfim.ma', 'a.elyoussefi@bmcek.co.ma', 'f.eljaouhari@bmcek.co.ma', 'a.alami@bmcek.co.ma']",,Monsieur,Monsieur,Ahmed ALAMI HASSANI,Directeur Général,CASABLANCA,001534150000054
58,,,2004-04-02,0.02,0.02,CAPITALISANT,MA0000035917,FCP,BMCE CAPITAL GESTION,3591,0.02,CAPITAL TRESOR,QUOTIDIENNE,FGP,OMLT,,40% MBI MLT + 60% MBI MT,[2    6[,BANK OF AFRICA,4,"['f.eljaouhari@bmcek.co.ma', 'a.elyoussefi@bmcek.co.ma', 's.larhbali@bmcek.co.ma', 'a.benkirane@bmcek.co.ma', 'z.elandaloussi@bmcek.co.ma']",104927601110.3,"63, Boulevard Moulay Youssef, 20070 Casablanca – Maroc",,,,BMCE CAPITAL GESTION,+212 520 364 300,"['asfim@asfim.ma', 'r.elhonsali@asfim.ma', 'a.elyoussefi@bmcek.co.ma', 'f.eljaouhari@bmcek.co.ma', 'a.alami@bmcek.co.ma']",,Monsieur,Monsieur,Ahmed ALAMI HASSANI,Directeur Général,CASABLANCA,001534150000054
162,,,2014-11-21,0.02,0.015,CAPITALISANT,MA0000037657,FCP,CAPITAL TRUST GESTION,3765,0.02,CAPITAL TRUST ACTIONS,HEBDOMADAIRE,FGP,Actions,,MASI,-,BMCI,6,"['k.ettiji@capitaltrust.ma', 'n.dighali@capitaltrust.ma', 'a.alami@capitaltrust.ma', 'm.lazrak@capitaltrust.ma']",22004899076.65,"Immeuble D, Les jardins d'anfa, Boulevard main street, Axe Métropolitain 2, Place financière, Quartier Casa Finance City, Casablanca",,,,CAPITAL TRUST GESTION,+212 522 466 350,"['asfim@asfim.ma', 'r.elhonsali@asfim.ma', 'k.ettiji@capitaltrust.ma', 'y.fichtali@capitaltrust.ma']",,Monsieur,Monsieur,Yahya FICHTALI,Directeur Général Délégué,CASABLANCA,000082206000089
456,,,2019-01-31,0.0,0.0,MIXTE,MA0000038275,FCP,CAPITAL TRUST GESTION,3827,0.02,CAPITAL TRUST ALLOCATION,HEBDOMADAIRE,FNPP,DIVERSIFIÉ,INSTITUTIONNELS,20% MASI + 80% MBI,-,BMCI,6,"['k.ettiji@capitaltrust.ma', 'n.dighali@capitaltrust.ma', 'a.alami@capitaltrust.ma', 'm.lazrak@capitaltrust.ma']",22004899076.65,"Immeuble D, Les jardins d'anfa, Boulevard main street, Axe Métropolitain 2, Place financière, Quartier Casa Finance City, Casablanca",,,,CAPITAL TRUST GESTION,+212 522 466 350,"['asfim@asfim.ma', 'r.elhonsali@asfim.ma', 'k.ettiji@capitaltrust.ma', 'y.fichtali@capitaltrust.ma']",,Monsieur,Monsieur,Yahya FICHTALI,Directeur Général Délégué,CASABLANCA,000082206000089
529,,,2021-04-16,0.0,0.0,CAPITALISANT,MA0000038903,FCP,CAPITAL TRUST GESTION,3890,0.02,CAPITAL TRUST BONDS,QUOTIDIENNE,FNPP,OMLT,INSTITUTIONNELS,50% MBI MT + 50% MBI MLT,"]1,1   8]",BCP,6,"['k.ettiji@capitaltrust.ma', 'n.dighali@capitaltrust.ma', 'a.alami@capitaltrust.ma', 'm.lazrak@capitaltrust.ma']",22004899076.65,"Immeuble D, Les jardins d'anfa, Boulevard main street, Axe Métropolitain 2, Place financière, Quartier Casa Finance City, Casablanca",,,,CAPITAL TRUST GESTION,+212 522 466 350,"['asfim@asfim.ma', 'r.elhonsali@asfim.ma', 'k.ettiji@capitaltrust.ma', 'y.fichtali@capitaltrust.ma']",,Monsieur,Monsieur,Yahya FICHTALI,Directeur Général Délégué,CASABLANCA,000082206000089
165,,,2016-04-20,0.02,0.015,CAPITALISANT,MA0000037962,FCP,CAPITAL TRUST GESTION,3796,0.02,CAPITAL TRUST CASH PLUS,QUOTIDIENNE,FGP,OCT,,MBI CT,"]0,5 1,1]",ATTIJARIWAFA BANK,6,"['k.ettiji@capitaltrust.ma', 'n.dighali@capitaltrust.ma', 'a.alami@capitaltrust.ma', 'm.lazrak@capitaltrust.ma']",22004899076.65,"Immeuble D, Les jardins d'anfa, Boulevard main street, Axe Métropolitain 2, Place financière, Quartier Casa Finance City, Casablanca",,,,CAPITAL TRUST GESTION,+212 522 466 350,"['asfim@asfim.ma', 'r.elhonsali@asfim.ma', 'k.ettiji@capitaltrust.ma', 'y.fichtali@capitaltrust.ma']",,Monsieur,Monsieur,Yahya FICHTALI,Directeur Général Délégué,CASABLANCA,000082206000089
454,,,2019-01-31,0.03,0.015,CAPITALISANT,MA0000038259,FCP,CAPITAL TRUST GESTION; CAPITAL TRUST SECURITIES; CAPITAL TRUST,3825,0.02,CAPITAL TRUST CROISSANCE,QUOTIDIENNE,FGP,DIVERSIFIÉ,,75% MBI GLOBAL + 25% MASI,-,BMCI,6,"['k.ettiji@capitaltrust.ma', 'n.dighali@capitaltrust.ma', 'a.alami@capitaltrust.ma', 'm.lazrak@capitaltrust.ma']",22004899076.65,"Immeuble D, Les jardins d'anfa, Boulevard main street, Axe Métropolitain 2, Place financière, Quartier Casa Finance City, Casablanca",,,,CAPITAL TRUST GESTION,+212 522 466 350,"['asfim@asfim.ma', 'r.elhonsali@asfim.ma', 'k.ettiji@capitaltrust.ma', 'y.fichtali@capitaltrust.ma']",,Monsieur,Monsieur,Yahya FICHTALI,Directeur Général Délégué,CASABLANCA,000082206000089
167,,,2016-11-10,0.02,0.015,CAPITALISANT,MA0000037988,FCP,CAPITAL TRUST GESTION,3798,0.02,CAPITAL TRUST DIVERSIFIÉ,HEBDOMADAIRE,FGP,DIVERSIFIÉ,,70% MBI GLOBAL + 30% MASI,-,BCP,6,"['k.ettiji@capitaltrust.ma', 'n.dighali@capitaltrust.ma', 'a.alami@capitaltrust.ma', 'm.lazrak@capitaltrust.ma']",22004899076.65,"Immeuble D, Les jardins d'anfa, Boulevard main street, Axe Métropolitain 2, Place financière, Quartier Casa Finance City, Casablanca",,,,CAPITAL TRUST GESTION,+212 522 466 350,"['asfim@asfim.ma', 'r.elhonsali@asfim.ma', 'k.ettiji@capitaltrust.ma', 'y.fichtali@capitaltrust.ma']",,Monsieur,Monsieur,Yahya FICHTALI,Directeur Général Délégué,CASABLANCA,000082206000089
405,,,2017-11-07,0.0,0.0,DISTRIBUANT,MA0000038069,FCP,CAPITAL TRUST GESTION,3806,0.02,CAPITAL TRUST DYNAMIQUE,HEBDOMADAIRE,FNPP,ACTIONS,INSTITUTIONNELS,MASI RB,-,ATTIJARIWAFA BANK,6,"['k.ettiji@capitaltrust.ma', 'n.dighali@capitaltrust.ma', 'a.alami@capitaltrust.ma', 'm.lazrak@capitaltrust.ma']",22004899076.65,"Immeuble D, Les jardins d'anfa, Boulevard main street, Axe Métropolitain 2, Place financière, Quartier Casa Finance City, Casablanca",,,,CAPITAL TRUST GESTION,+212 522 466 350,"['asfim@asfim.ma', 'r.elhonsali@asfim.ma', 'k.ettiji@capitaltrust.ma', 'y.fichtali@capitaltrust.ma']",,Monsieur,Monsieur,Yahya FICHTALI,Directeur Général Délégué,CASABLANCA,000082206000089
406,,,2017-11-07,0.03,0.015,CAPITALISANT,MA0000038077,FCP,CAPITAL TRUST GESTION,3807,0.02,CAPITAL TRUST ÉQUILIBRE,QUOTIDIENNE,FGP,DIVERSIFIÉ,,70% MBI Global + 30% MASI,-,ATTIJARIWAFA BANK,6,"['k.ettiji@capitaltrust.ma', 'n.dighali@capitaltrust.ma', 'a.alami@capitaltrust.ma', 'm.lazrak@capitaltrust.ma']",22004899076.65,"Immeuble D, Les jardins d'anfa, Boulevard main street, Axe Métropolitain 2, Place financière, Quartier Casa Finance City, Casablanca",,,,CAPITAL TRUST GESTION,+212 522 466 350,"['asfim@asfim.ma', 'r.elhonsali@asfim.ma', 'k.ettiji@capitaltrust.ma', 'y.fichtali@capitaltrust.ma']",,Monsieur,Monsieur,Yahya FICHTALI,Directeur Général Délégué,CASABLANCA,000082206000089
552,,,2021-12-07,0.03,0.015,CAPITALISANT,MA0000039091,FCP,CAPITAL TRUST GESTION,3909,0.02,CAPITAL TRUST EQUITY,QUOTIDIENNE,FGP,ACTIONS,,MASI,-,BCP,6,"['k.ettiji@capitaltrust.ma', 'n.dighali@capitaltrust.ma', 'a.alami@capitaltrust.ma', 'm.lazrak@capitaltrust.ma']",22004899076.65,"Immeuble D, Les jardins d'anfa, Boulevard main street, Axe Métropolitain 2, Place financière, Quartier Casa Finance City, Casablanca",,,,CAPITAL TRUST GESTION,+212 522 466 350,"['asfim@asfim.ma', 'r.elhonsali@asfim.ma', 'k.ettiji@capitaltrust.ma', 'y.fichtali@capitaltrust.ma']",,Monsieur,Monsieur,Yahya FICHTALI,Directeur Général Délégué,CASABLANCA,000082206000089
489,,,2019-12-31,0.0,0.0,MIXTE,MA0000038549,FCP,CAPITAL TRUST GESTION,3854,0.02,CAPITAL TRUST HARMONIE,HEBDOMADAIRE,FNPP,OMLT,INSTITUTIONNELS,MBI MLT,"]1,1  10]",BCP,6,"['k.ettiji@capitaltrust.ma', 'n.dighali@capitaltrust.ma', 'a.alami@capitaltrust.ma', 'm.lazrak@capitaltrust.ma']",22004899076.65,"Immeuble D, Les jardins d'anfa, Boulevard main street, Axe Métropolitain 2, Place financière, Quartier Casa Finance City, Casablanca",,,,CAPITAL TRUST GESTION,+212 522 466 350,"['asfim@asfim.ma', 'r.elhonsali@asfim.ma', 'k.ettiji@capitaltrust.ma', 'y.fichtali@capitaltrust.ma']",,Monsieur,Monsieur,Yahya FICHTALI,Directeur Général Délégué,CASABLANCA,000082206000089
560,,,2022-03-08,0.03,0.015,CAPITALISANT,MA0000039174,FCP,CAPITAL TRUST GESTION,3917,0.02,CAPITAL TRUST HORIZON,QUOTIDIENNE,FGP,OMLT,,MBI GLOBAL,]3   7],BCP,6,"['k.ettiji@capitaltrust.ma', 'n.dighali@capitaltrust.ma', 'a.alami@capitaltrust.ma', 'm.lazrak@capitaltrust.ma']",22004899076.65,"Immeuble D, Les jardins d'anfa, Boulevard main street, Axe Métropolitain 2, Place financière, Quartier Casa Finance City, Casablanca",,,,CAPITAL TRUST GESTION,+212 522 466 350,"['asfim@asfim.ma', 'r.elhonsali@asfim.ma', 'k.ettiji@capitaltrust.ma', 'y.fichtali@capitaltrust.ma']",,Monsieur,Monsieur,Yahya FICHTALI,Directeur Général Délégué,CASABLANCA,000082206000089
163,,,2015-07-29,0.02,0.015,CAPITALISANT,MA0000037830,FCP,CAPITAL TRUST GESTION,3783,0.02,CAPITAL TRUST INSTITUTIONS,HEBDOMADAIRE,FGP,OMLT,,MBI MT,"]1,1  5,1]",BMCI,6,"['k.ettiji@capitaltrust.ma', 'n.dighali@capitaltrust.ma', 'a.alami@capitaltrust.ma', 'm.lazrak@capitaltrust.ma']",22004899076.65,"Immeuble D, Les jardins d'anfa, Boulevard main street, Axe Métropolitain 2, Place financière, Quartier Casa Finance City, Casablanca",,,,CAPITAL TRUST GESTION,+212 522 466 350,"['asfim@asfim.ma', 'r.elhonsali@asfim.ma', 'k.ettiji@capitaltrust.ma', 'y.fichtali@capitaltrust.ma']",,Monsieur,Monsieur,Yahya FICHTALI,Directeur Général Délégué,CASABLANCA,000082206000089
160,,,2012-05-10,0.0,0.0,CAPITALISANT,MA0000037327,FCP,CAPITAL TRUST GESTION,3732,0.02,CAPITAL TRUST MONÉTAIRE,QUOTIDIENNE,FGP,MONÉTAIRE,,Taux Repo au jour le jour,"<= 0,5",BMCI,6,"['k.ettiji@capitaltrust.ma', 'n.dighali@capitaltrust.ma', 'a.alami@capitaltrust.ma', 'm.lazrak@capitaltrust.ma']",22004899076.65,"Immeuble D, Les jardins d'anfa, Boulevard main street, Axe Métropolitain 2, Place financière, Quartier Casa Finance City, Casablanca",,,,CAPITAL TRUST GESTION,+212 522 466 350,"['asfim@asfim.ma', 'r.elhonsali@asfim.ma', 'k.ettiji@capitaltrust.ma', 'y.fichtali@capitaltrust.ma']",,Monsieur,Monsieur,Yahya FICHTALI,Directeur Général Délégué,CASABLANCA,000082206000089
161,,,2013-06-24,0.02,0.015,CAPITALISANT,MA0000037483,FCP,CAPITAL TRUST GESTION,3748,0.02,CAPITAL TRUST OBLIG COURT TERME,QUOTIDIENNE,FGP,OCT,,MBI CT,"[0,5  1,1[",BMCI,6,"['k.ettiji@capitaltrust.ma', 'n.dighali@capitaltrust.ma', 'a.alami@capitaltrust.ma', 'm.lazrak@capitaltrust.ma']",22004899076.65,"Immeuble D, Les jardins d'anfa, Boulevard main street, Axe Métropolitain 2, Place financière, Quartier Casa Finance City, Casablanca",,,,CAPITAL TRUST GESTION,+212 522 466 350,"['asfim@asfim.ma', 'r.elhonsali@asfim.ma', 'k.ettiji@capitaltrust.ma', 'y.fichtali@capitaltrust.ma']",,Monsieur,Monsieur,Yahya FICHTALI,Directeur Général Délégué,CASABLANCA,000082206000089
404,,,2017-11-07,0.03,0.015,CAPITALISANT,MA0000038051,FCP,Capital Trust Gestion,3805,0.02,CAPITAL TRUST OBLIG PLUS,QUOTIDIENNE,FGP,OMLT,,70% MBI MT + 30% MBI MLT,]2   6],ATTIJARIWAFA BANK,6,"['k.ettiji@capitaltrust.ma', 'n.dighali@capitaltrust.ma', 'a.alami@capitaltrust.ma', 'm.lazrak@capitaltrust.ma']",22004899076.65,"Immeuble D, Les jardins d'anfa, Boulevard main street, Axe Métropolitain 2, Place financière, Quartier Casa Finance City, Casablanca",,,,CAPITAL TRUST GESTION,+212 522 466 350,"['asfim@asfim.ma', 'r.elhonsali@asfim.ma', 'k.ettiji@capitaltrust.ma', 'y.fichtali@capitaltrust.ma']",,Monsieur,Monsieur,Yahya FICHTALI,Directeur Général Délégué,CASABLANCA,000082206000089
455,,,2019-01-31,0.03,0.015,CAPITALISANT,MA0000038267,FCP,CAPITAL TRUST GESTION; CAPITAL TRUST SECURITIES; CAPITAL TRUST,3826,0.02,CAPITAL TRUST OBLIG PREMIUM,QUOTIDIENNE,FGP,OMLT,,90% MBI MT + 10%  MBI MLT,"]1,1   5,1]",BMCI,6,"['k.ettiji@capitaltrust.ma', 'n.dighali@capitaltrust.ma', 'a.alami@capitaltrust.ma', 'm.lazrak@capitaltrust.ma']",22004899076.65,"Immeuble D, Les jardins d'anfa, Boulevard main street, Axe Métropolitain 2, Place financière, Quartier Casa Finance City, Casablanca",,,,CAPITAL TRUST GESTION,+212 522 466 350,"['asfim@asfim.ma', 'r.elhonsali@asfim.ma', 'k.ettiji@capitaltrust.ma', 'y.fichtali@capitaltrust.ma']",,Monsieur,Monsieur,Yahya FICHTALI,Directeur Général Délégué,CASABLANCA,000082206000089
159,,,2012-05-10,0.02,0.015,CAPITALISANT,MA0000037319,FCP,CAPITAL TRUST GESTION,3731,0.02,CAPITAL TRUST OBLIGATAIRE,HEBDOMADAIRE,FGP,OMLT,,MBI MT,"[1,1  5,1[",BMCI,6,"['k.ettiji@capitaltrust.ma', 'n.dighali@capitaltrust.ma', 'a.alami@capitaltrust.ma', 'm.lazrak@capitaltrust.ma']",22004899076.65,"Immeuble D, Les jardins d'anfa, Boulevard main street, Axe Métropolitain 2, Place financière, Quartier Casa Finance City, Casablanca",,,,CAPITAL TRUST GESTION,+212 522 466 350,"['asfim@asfim.ma', 'r.elhonsali@asfim.ma', 'k.ettiji@capitaltrust.ma', 'y.fichtali@capitaltrust.ma']",,Monsieur,Monsieur,Yahya FICHTALI,Directeur Général Délégué,CASABLANCA,000082206000089
457,,,2019-01-31,0.03,0.015,CAPITALISANT,MA0000038283,FCP,CAPITAL TRUST GESTION; CAPITAL TRUST SECURITIES; CAPITAL TRUST,3828,0.02,CAPITAL TRUST OPPORTUNITÉ,QUOTIDIENNE,FGP,OMLT,,50% MBI MT + 50% MBI MLT,"]1,1   5,1]",BMCI,6,"['k.ettiji@capitaltrust.ma', 'n.dighali@capitaltrust.ma', 'a.alami@capitaltrust.ma', 'm.lazrak@capitaltrust.ma']",22004899076.65,"Immeuble D, Les jardins d'anfa, Boulevard main street, Axe Métropolitain 2, Place financière, Quartier Casa Finance City, Casablanca",,,,CAPITAL TRUST GESTION,+212 522 466 350,"['asfim@asfim.ma', 'r.elhonsali@asfim.ma', 'k.ettiji@capitaltrust.ma', 'y.fichtali@capitaltrust.ma']",,Monsieur,Monsieur,Yahya FICHTALI,Directeur Général Délégué,CASABLANCA,000082206000089
559,,,2022-03-25,0.03,0.015,CAPITALISANT,MA0000039166,FCP,CAPITAL TRUST GESTION,3916,0.02,CAPITAL TRUST PATRIMOINE,QUOTIDIENNE,FGP,DIVERSIFIÉ,,25% MASI + 30% MBI GLOBAL + 45% MBI MLT,-,BCP,6,"['k.ettiji@capitaltrust.ma', 'n.dighali@capitaltrust.ma', 'a.alami@capitaltrust.ma', 'm.lazrak@capitaltrust.ma']",22004899076.65,"Immeuble D, Les jardins d'anfa, Boulevard main street, Axe Métropolitain 2, Place financière, Quartier Casa Finance City, Casablanca",,,,CAPITAL TRUST GESTION,+212 522 466 350,"['asfim@asfim.ma', 'r.elhonsali@asfim.ma', 'k.ettiji@capitaltrust.ma', 'y.fichtali@capitaltrust.ma']",,Monsieur,Monsieur,Yahya FICHTALI,Directeur Général Délégué,CASABLANCA,000082206000089
494,,,2020-02-21,0.0,0.0,MIXTE,MA0000038580,FCP,CAPITAL TRUST GESTION,3858,0.02,CAPITAL TRUST PERFORMANCE,HEBDOMADAIRE,FNPP,DIVERSIFIÉ,INSTITUTIONNELS,40% INDICE SECTORIEL BANQUES + 60% MBI GLOBAL,-,ATTIJARIWAFA BANK,6,"['k.ettiji@capitaltrust.ma', 'n.dighali@capitaltrust.ma', 'a.alami@capitaltrust.ma', 'm.lazrak@capitaltrust.ma']",22004899076.65,"Immeuble D, Les jardins d'anfa, Boulevard main street, Axe Métropolitain 2, Place financière, Quartier Casa Finance City, Casablanca",,,,CAPITAL TRUST GESTION,+212 522 466 350,"['asfim@asfim.ma', 'r.elhonsali@asfim.ma', 'k.ettiji@capitaltrust.ma', 'y.fichtali@capitaltrust.ma']",,Monsieur,Monsieur,Yahya FICHTALI,Directeur Général Délégué,CASABLANCA,000082206000089
166,,,2016-11-10,0.02,0.015,CAPITALISANT,MA0000037996,FCP,CAPITAL TRUST GESTION,3799,0.02,CAPITAL TRUST RENDEMENT,HEBDOMADAIRE,FGP,OMLT,,MBI GLOBAL,]3  7],BCP,6,"['k.ettiji@capitaltrust.ma', 'n.dighali@capitaltrust.ma', 'a.alami@capitaltrust.ma', 'm.lazrak@capitaltrust.ma']",22004899076.65,"Immeuble D, Les jardins d'anfa, Boulevard main street, Axe Métropolitain 2, Place financière, Quartier Casa Finance City, Casablanca",,,,CAPITAL TRUST GESTION,+212 522 466 350,"['asfim@asfim.ma', 'r.elhonsali@asfim.ma', 'k.ettiji@capitaltrust.ma', 'y.fichtali@capitaltrust.ma']",,Monsieur,Monsieur,Yahya FICHTALI,Directeur Général Délégué,CASABLANCA,000082206000089
488,,,2019-12-31,0.02,0.015,CAPITALISANT,MA0000038531,FCP,CAPITAL TRUST GESTION; CAPITAL TRUST SECURITIES,3853,0.02,CAPITAL TRUST SECURIPLUS,QUOTIDIENNE,FGP,OCT,,MBI CT,"]0,5 1,1]",CIH BANK,6,"['k.ettiji@capitaltrust.ma', 'n.dighali@capitaltrust.ma', 'a.alami@capitaltrust.ma', 'm.lazrak@capitaltrust.ma']",22004899076.65,"Immeuble D, Les jardins d'anfa, Boulevard main street, Axe Métropolitain 2, Place financière, Quartier Casa Finance City, Casablanca",,,,CAPITAL TRUST GESTION,+212 522 466 350,"['asfim@asfim.ma', 'r.elhonsali@asfim.ma', 'k.ettiji@capitaltrust.ma', 'y.fichtali@capitaltrust.ma']",,Monsieur,Monsieur,Yahya FICHTALI,Directeur Général Délégué,CASABLANCA,000082206000089
487,,,2019-12-31,0.03,0.015,CAPITALISANT,MA0000038523,FCP,CAPITAL TRUST GESTION; CAPITAL TRUST SECURITIES,3852,0.02,CAPITAL TRUST SÉRÉNITÉ,QUOTIDIENNE,FGP,OMLT,,50% MBI MT + 50% MBI MLT,"]1,1   5,1]",CIH BANK,6,"['k.ettiji@capitaltrust.ma', 'n.dighali@capitaltrust.ma', 'a.alami@capitaltrust.ma', 'm.lazrak@capitaltrust.ma']",22004899076.65,"Immeuble D, Les jardins d'anfa, Boulevard main street, Axe Métropolitain 2, Place financière, Quartier Casa Finance City, Casablanca",,,,CAPITAL TRUST GESTION,+212 522 466 350,"['asfim@asfim.ma', 'r.elhonsali@asfim.ma', 'k.ettiji@capitaltrust.ma', 'y.fichtali@capitaltrust.ma']",,Monsieur,Monsieur,Yahya FICHTALI,Directeur Général Délégué,CASABLANCA,000082206000089
164,,,2016-04-20,0.02,0.015,CAPITALISANT,MA0000037954,FCP,CAPITAL TRUST GESTION,3795,0.02,CAPITAL TRUST TRÉSORERIE,QUOTIDIENNE,FGP,MONÉTAIRE,,Taux Repo,"[0  0,5]",ATTIJARIWAFA BANK,6,"['k.ettiji@capitaltrust.ma', 'n.dighali@capitaltrust.ma', 'a.alami@capitaltrust.ma', 'm.lazrak@capitaltrust.ma']",22004899076.65,"Immeuble D, Les jardins d'anfa, Boulevard main street, Axe Métropolitain 2, Place financière, Quartier Casa Finance City, Casablanca",,,,CAPITAL TRUST GESTION,+212 522 466 350,"['asfim@asfim.ma', 'r.elhonsali@asfim.ma', 'k.ettiji@capitaltrust.ma', 'y.fichtali@capitaltrust.ma']",,Monsieur,Monsieur,Yahya FICHTALI,Directeur Général Délégué,CASABLANCA,000082206000089
265,,,2000-07-14,0.03,0.015,DISTRIBUANT,MA0000035503,FCP,CIH CAPITAL MANAGEMENT,3550,0.02,CASACTIONS,HEBDOMADAIRE,FNPP,DIVERSIFIÉ,,80% MBI GLOBAL + 20% MASI,-,BMCI,5,"['fadoua.elaomari@cihbank.ma', 'nabil.ouagrani@cihbank.ma', 'ismail.halhoul@cihbank.ma', 'abdelilah.sadki@cihbank.ma', 'Khadija.ElGhadbane@cihbank.ma']",25718258906.03,"25 Bd Massira El Khadra, 2ème étage Casablanca",,fadoua.elomari@bnpparibas.com,,CIH CAPITAL MANAGEMENT,0522 92 69 00,"['asfim@asfim.ma', 'r.elhonsali@asfim.ma', 'Fadoua.Elaomari@cihbank.ma', 'Khadija.ElGhadbane@cihbank.ma', 'mohammed.lamrini@cihbank.ma']",,Monsieur,Monsieur,Mohammed LAMRINI,Directeur Général,CASABLANCA,001536529000035
266,,,2007-12-07,0.0,0.0,DISTRIBUANT,MA0000036485,FCP,CIH CAPITAL MANAGEMENT,3648,0.02,CAT ACTIONS,HEBDOMADAIRE,FNPP,ACTIONS,INSTITUTIONNELS,MASI RN,-,BMCI,5,"['fadoua.elaomari@cihbank.ma', 'nabil.ouagrani@cihbank.ma', 'ismail.halhoul@cihbank.ma', 'abdelilah.sadki@cihbank.ma', 'Khadija.ElGhadbane@cihbank.ma']",25718258906.03,"25 Bd Massira El Khadra, 2ème étage Casablanca",,fadoua.elomari@bnpparibas.com,,CIH CAPITAL MANAGEMENT,0522 92 69 00,"['asfim@asfim.ma', 'r.elhonsali@asfim.ma', 'Fadoua.Elaomari@cihbank.ma', 'Khadija.ElGhadbane@cihbank.ma', 'mohammed.lamrini@cihbank.ma']",,Monsieur,Monsieur,Mohammed LAMRINI,Directeur Général,CASABLANCA,001536529000035
431,,,2010-07-13,0.03,0.015,CAPITALISANT,MA0000037145,FCP,SAHAM BANK,3714,0.02,CAT DIVERSIFIE,HEBDOMADAIRE,FNPP,DIVERSIFIÉ,,85% MBI GLOBAL + 15% MASI,-,SAHAM BANK,13,"['mohammed.alami-chentoufi@sahambank.com', 'mohamed-amine.el-moudaffar@sahambank.com', 'Omar.Abzahd@sahambank.com', 'skg.sales@sahambank.com']",42713528406.17,"55, Bd Abdelmoumen 20100 – Casablanca – Maroc",,,https://fundshare.asfim.ma/media/images/Logo_SAHAM_CAPITAL_GESTION.png,SAHAM CAPITAL GESTION,+212 522 439 810,"['asfim@asfim.ma', 'r.elhonsali@asfim.ma', 'mohamed-amine.el-moudaffar@sahambank.com', 'mohammed.alami-chentoufi@sahambank.com', 'tahar.zerrari@sahambank.com']",https://www.sahamcapitalgestion.com,Monsieur,Monsieur,Tahar ZERRARI,Directeur Général,CASABLANCA,001515144000086
340,,,2000-05-19,0.03,0.015,DISTRIBUANT,MA0000036055,FCP,WAFA GESTION,3605,0.02,CAT EQUILIBRE,HEBDOMADAIRE,FNPP,OMLT,INSTITUTIONNELS,50% MBI MLT + 50% MBI LT,"[5,5  9,5[",ATTIJARIWAFA BANK,16,"['mohamed.berrada1@attijariwafa.com', 'h.nokra@attijariwafa.com', 'g.mrini@attijariwafa.com', 'n.ouhatta@attijariwafa.com']",192315700959.16,"416, rue Mustapha EL Maani – Casablanca – Maroc",,,,WAFA GESTION,+212 522 453 838,"['asfim@asfim.ma', 'r.elhonsali@asfim.ma', 'k.bensouda@attijariwafa.com', 'n.ouhatta@attijariwafa.com', 'mohamed.berrada1@attijariwafa.com', 'R.Hilali@attijariwafa.com']",,Monsieur,Monsieur,Reda HILALI,Directeur Général,CASABLANCA,001698382000048
211,,,2007-01-12,0.03,0.015,MIXTE,MA0000040644,FCP,CDG CAPITAL GESTION,4064,0.02,CAT EVOLUTION,HEBDOMADAIRE,FNPP,DIVERSIFIÉ,,50% MBI GLOBAL + 50% MASI,-,CDG CAPITAL,7,"['kejjilali@cdgcapitalgestion.ma', 'himjrane@cdgcapitalgestion.ma', 'akorait@cdgcapitalgestion.ma', 'middleoffice@cdgcapitalgestion.ma']",82930863366.85,"101, Bd Al Massira Al Khadra, 3ème étage, Casablanca – Maroc",,,,CDG CAPITAL GESTION,+212 522 923 111,"['asfim@asfim.ma', 'r.elhonsali@asfim.ma', 'relachhab@cdgcapitalgestion.ma', 'baitssi@cdgcapitalgestion.ma', 'kejjilali@cdgcapitalgestion.ma', 'mkhazraji@cdgcapitalgestion.ma']",,Monsieur,Monsieur,Rachid ELACHHAB,Directeur Général,CASABLANCA,001431541000080
611,,,2024-11-29,0.0,0.0,CAPITALISANT,MA0000039612,FCP,CIH CAPITAL MANAGEMENT,3961,0.02,CCM SECUR RENDEMENT,HEBDOMADAIRE,FNPP,OMLT,INSTITUTIONNELS-CNSS,MBI GLOBAL,"[1,1 7]",CDG,5,"['fadoua.elaomari@cihbank.ma', 'nabil.ouagrani@cihbank.ma', 'ismail.halhoul@cihbank.ma', 'abdelilah.sadki@cihbank.ma', 'Khadija.ElGhadbane@cihbank.ma']",25718258906.03,"25 Bd Massira El Khadra, 2ème étage Casablanca",,fadoua.elomari@bnpparibas.com,,CIH CAPITAL MANAGEMENT,0522 92 69 00,"['asfim@asfim.ma', 'r.elhonsali@asfim.ma', 'Fadoua.Elaomari@cihbank.ma', 'Khadija.ElGhadbane@cihbank.ma', 'mohammed.lamrini@cihbank.ma']",,Monsieur,Monsieur,Mohammed LAMRINI,Directeur Général,CASABLANCA,001536529000035
191,,,2001-05-18,0.03,0.015,CAPITALISANT,MA0000035487,FCP,CDG CAPITAL GESTION,3548,0.02,CDG ACTIONS,HEBDOMADAIRE,FNPP,ACTIONS,INSTITUTIONNELS,CFG 25 FLOTTANT,-,CDG CAPITAL,7,"['kejjilali@cdgcapitalgestion.ma', 'himjrane@cdgcapitalgestion.ma', 'akorait@cdgcapitalgestion.ma', 'middleoffice@cdgcapitalgestion.ma']",82930863366.85,"101, Bd Al Massira Al Khadra, 3ème étage, Casablanca – Maroc",,,,CDG CAPITAL GESTION,+212 522 923 111,"['asfim@asfim.ma', 'r.elhonsali@asfim.ma', 'relachhab@cdgcapitalgestion.ma', 'baitssi@cdgcapitalgestion.ma', 'kejjilali@cdgcapitalgestion.ma', 'mkhazraji@cdgcapitalgestion.ma']",,Monsieur,Monsieur,Rachid ELACHHAB,Directeur Général,CASABLANCA,001431541000080
185,,,2000-01-07,0.005,0.0,CAPITALISANT,MA0000030397,SICAV,CDG CAPITAL GESTION,3039,0.02,CDG BARID,HEBDOMADAIRE,FNPP,OMLT,,-,[3  7[,CDG,7,"['kejjilali@cdgcapitalgestion.ma', 'himjrane@cdgcapitalgestion.ma', 'akorait@cdgcapitalgestion.ma', 'middleoffice@cdgcapitalgestion.ma']",82930863366.85,"101, Bd Al Massira Al Khadra, 3ème étage, Casablanca – Maroc",,,,CDG CAPITAL GESTION,+212 522 923 111,"['asfim@asfim.ma', 'r.elhonsali@asfim.ma', 'relachhab@cdgcapitalgestion.ma', 'baitssi@cdgcapitalgestion.ma', 'kejjilali@cdgcapitalgestion.ma', 'mkhazraji@cdgcapitalgestion.ma']",,Monsieur,Monsieur,Rachid ELACHHAB,Directeur Général,CASABLANCA,001431541000080
208,,,2007-01-12,0.03,0.015,CAPITALISANT,MA0000040602,FCP,CDG CAPITAL GESTION,4060,0.02,CDG BONDS DYNAMIQUE,HEBDOMADAIRE,FGP,OMLT,,MBI GLOBAL,[3  7[,CDG CAPITAL,7,"['kejjilali@cdgcapitalgestion.ma', 'himjrane@cdgcapitalgestion.ma', 'akorait@cdgcapitalgestion.ma', 'middleoffice@cdgcapitalgestion.ma']",82930863366.85,"101, Bd Al Massira Al Khadra, 3ème étage, Casablanca – Maroc",,,,CDG CAPITAL GESTION,+212 522 923 111,"['asfim@asfim.ma', 'r.elhonsali@asfim.ma', 'relachhab@cdgcapitalgestion.ma', 'baitssi@cdgcapitalgestion.ma', 'kejjilali@cdgcapitalgestion.ma', 'mkhazraji@cdgcapitalgestion.ma']",,Monsieur,Monsieur,Rachid ELACHHAB,Directeur Général,CASABLANCA,001431541000080
196,,,2003-08-05,0.0,0.0,CAPITALISANT,MA0000040446,FCP,CDG CAPITAL GESTION,4044,0.006,CDG CASH,QUOTIDIENNE,FGP,MONÉTAIRE,,80% TMP + 20% MBI CT,"[0  0,5[",CDG CAPITAL,7,"['kejjilali@cdgcapitalgestion.ma', 'himjrane@cdgcapitalgestion.ma', 'akorait@cdgcapitalgestion.ma', 'middleoffice@cdgcapitalgestion.ma']",82930863366.85,"101, Bd Al Massira Al Khadra, 3ème étage, Casablanca – Maroc",,,,CDG CAPITAL GESTION,+212 522 923 111,"['asfim@asfim.ma', 'r.elhonsali@asfim.ma', 'relachhab@cdgcapitalgestion.ma', 'baitssi@cdgcapitalgestion.ma', 'kejjilali@cdgcapitalgestion.ma', 'mkhazraji@cdgcapitalgestion.ma']",,Monsieur,Monsieur,Rachid ELACHHAB,Directeur Général,CASABLANCA,001431541000080
233,,,2010-07-02,0.0,0.015,CAPITALISANT,MA0000040982,FCP,CDG CAPITAL GESTION,4098,0.01,CDG CITOYENNETE,HEBDOMADAIRE,FNPP,OMLT,,MBI GLOBAL,[3  7[,CDG CAPITAL,7,"['kejjilali@cdgcapitalgestion.ma', 'himjrane@cdgcapitalgestion.ma', 'akorait@cdgcapitalgestion.ma', 'middleoffice@cdgcapitalgestion.ma']",82930863366.85,"101, Bd Al Massira Al Khadra, 3ème étage, Casablanca – Maroc",,,,CDG CAPITAL GESTION,+212 522 923 111,"['asfim@asfim.ma', 'r.elhonsali@asfim.ma', 'relachhab@cdgcapitalgestion.ma', 'baitssi@cdgcapitalgestion.ma', 'kejjilali@cdgcapitalgestion.ma', 'mkhazraji@cdgcapitalgestion.ma']",,Monsieur,Monsieur,Rachid ELACHHAB,Directeur Général,CASABLANCA,001431541000080
186,,,2003-07-25,0.01,0.01,CAPITALISANT,MA0000030744,SICAV,CDG CAPITAL GESTION,3074,0.02,CDG CROISSANCE,HEBDOMADAIRE,FGP,ACTIONS,,20% MBI GLOBAL + 80% CFG 25 FLOTTANT,-,CDG CAPITAL,7,"['kejjilali@cdgcapitalgestion.ma', 'himjrane@cdgcapitalgestion.ma', 'akorait@cdgcapitalgestion.ma', 'middleoffice@cdgcapitalgestion.ma']",82930863366.85,"101, Bd Al Massira Al Khadra, 3ème étage, Casablanca – Maroc",,,,CDG CAPITAL GESTION,+212 522 923 111,"['asfim@asfim.ma', 'r.elhonsali@asfim.ma', 'relachhab@cdgcapitalgestion.ma', 'baitssi@cdgcapitalgestion.ma', 'kejjilali@cdgcapitalgestion.ma', 'mkhazraji@cdgcapitalgestion.ma']",,Monsieur,Monsieur,Rachid ELACHHAB,Directeur Général,CASABLANCA,001431541000080
207,,,2007-01-12,0.03,0.015,CAPITALISANT,MA0000040594,FCP,CDG CAPITAL GESTION,4059,0.02,CDG DYNAMIC COURT TERME,QUOTIDIENNE,FNPP,OCT,,80% MBI CT + 20% MBI MT,"]0,5  1,1]",CDG CAPITAL,7,"['kejjilali@cdgcapitalgestion.ma', 'himjrane@cdgcapitalgestion.ma', 'akorait@cdgcapitalgestion.ma', 'middleoffice@cdgcapitalgestion.ma']",82930863366.85,"101, Bd Al Massira Al Khadra, 3ème étage, Casablanca – Maroc",,,,CDG CAPITAL GESTION,+212 522 923 111,"['asfim@asfim.ma', 'r.elhonsali@asfim.ma', 'relachhab@cdgcapitalgestion.ma', 'baitssi@cdgcapitalgestion.ma', 'kejjilali@cdgcapitalgestion.ma', 'mkhazraji@cdgcapitalgestion.ma']",,Monsieur,Monsieur,Rachid ELACHHAB,Directeur Général,CASABLANCA,001431541000080
193,,,2003-09-26,0.03,0.015,CAPITALISANT,MA0000035677,FCP,CDG CAPITAL GESTION,3567,0.02,CDG HORIZONS,QUOTIDIENNE,FGP,OMLT,,50% MBI MLT + 50% MBI MT,"]1,1  5,1]",CDG CAPITAL,7,"['kejjilali@cdgcapitalgestion.ma', 'himjrane@cdgcapitalgestion.ma', 'akorait@cdgcapitalgestion.ma', 'middleoffice@cdgcapitalgestion.ma']",82930863366.85,"101, Bd Al Massira Al Khadra, 3ème étage, Casablanca – Maroc",,,,CDG CAPITAL GESTION,+212 522 923 111,"['asfim@asfim.ma', 'r.elhonsali@asfim.ma', 'relachhab@cdgcapitalgestion.ma', 'baitssi@cdgcapitalgestion.ma', 'kejjilali@cdgcapitalgestion.ma', 'mkhazraji@cdgcapitalgestion.ma']",,Monsieur,Monsieur,Rachid ELACHHAB,Directeur Général,CASABLANCA,001431541000080
201,,,2000-01-07,0.003,0.0025,CAPITALISANT,MA0000030215,SICAV,CDG CAPITAL GESTION,3021,0.02,CDG IZDIHAR,HEBDOMADAIRE,FGP,DIVERSIFIÉ,,77% MBI GLOBAL + 23% CFG 25 FLOTTANT,-,CDG CAPITAL,7,"['kejjilali@cdgcapitalgestion.ma', 'himjrane@cdgcapitalgestion.ma', 'akorait@cdgcapitalgestion.ma', 'middleoffice@cdgcapitalgestion.ma']",82930863366.85,"101, Bd Al Massira Al Khadra, 3ème étage, Casablanca – Maroc",,,,CDG CAPITAL GESTION,+212 522 923 111,"['asfim@asfim.ma', 'r.elhonsali@asfim.ma', 'relachhab@cdgcapitalgestion.ma', 'baitssi@cdgcapitalgestion.ma', 'kejjilali@cdgcapitalgestion.ma', 'mkhazraji@cdgcapitalgestion.ma']",,Monsieur,Monsieur,Rachid ELACHHAB,Directeur Général,CASABLANCA,001431541000080
194,,,2003-07-25,0.005,0.0,CAPITALISANT,MA0000036246,FCP,CDG CAPITAL GESTION,3624,0.01,CDG MONETAIRE PLUS,QUOTIDIENNE ,FGP,OCT,,85% MBI CT + 15% MBI MT,"[0,5  1,1[",CDG CAPITAL,7,"['kejjilali@cdgcapitalgestion.ma', 'himjrane@cdgcapitalgestion.ma', 'akorait@cdgcapitalgestion.ma', 'middleoffice@cdgcapitalgestion.ma']",82930863366.85,"101, Bd Al Massira Al Khadra, 3ème étage, Casablanca – Maroc",,,,CDG CAPITAL GESTION,+212 522 923 111,"['asfim@asfim.ma', 'r.elhonsali@asfim.ma', 'relachhab@cdgcapitalgestion.ma', 'baitssi@cdgcapitalgestion.ma', 'kejjilali@cdgcapitalgestion.ma', 'mkhazraji@cdgcapitalgestion.ma']",,Monsieur,Monsieur,Rachid ELACHHAB,Directeur Général,CASABLANCA,001431541000080
210,,,2007-01-12,0.03,0.015,CAPITALISANT,MA0000040636,FCP,CDG CAPITAL GESTION,4063,0.02,CDG MONEY PREMIUM,QUOTIDIENNE,FGP,MONÉTAIRE,,60% TMP + 40% MBI CT,"<= 0,5",CDG CAPITAL,7,"['kejjilali@cdgcapitalgestion.ma', 'himjrane@cdgcapitalgestion.ma', 'akorait@cdgcapitalgestion.ma', 'middleoffice@cdgcapitalgestion.ma']",82930863366.85,"101, Bd Al Massira Al Khadra, 3ème étage, Casablanca – Maroc",,,,CDG CAPITAL GESTION,+212 522 923 111,"['asfim@asfim.ma', 'r.elhonsali@asfim.ma', 'relachhab@cdgcapitalgestion.ma', 'baitssi@cdgcapitalgestion.ma', 'kejjilali@cdgcapitalgestion.ma', 'mkhazraji@cdgcapitalgestion.ma']",,Monsieur,Monsieur,Rachid ELACHHAB,Directeur Général,CASABLANCA,001431541000080
223,,,2009-05-04,0.03,0.015,CAPITALISANT,MA0000040842,FCP,CDG CAPITAL GESTION,4084,0.02,CDG MULTIGESTION,HEBDOMADAIRE,FGP,DIVERSIFIÉ,,85% MBI GLOBAL + 15% MASI,-,CDG CAPITAL,7,"['kejjilali@cdgcapitalgestion.ma', 'himjrane@cdgcapitalgestion.ma', 'akorait@cdgcapitalgestion.ma', 'middleoffice@cdgcapitalgestion.ma']",82930863366.85,"101, Bd Al Massira Al Khadra, 3ème étage, Casablanca – Maroc",,,,CDG CAPITAL GESTION,+212 522 923 111,"['asfim@asfim.ma', 'r.elhonsali@asfim.ma', 'relachhab@cdgcapitalgestion.ma', 'baitssi@cdgcapitalgestion.ma', 'kejjilali@cdgcapitalgestion.ma', 'mkhazraji@cdgcapitalgestion.ma']",,Monsieur,Monsieur,Rachid ELACHHAB,Directeur Général,CASABLANCA,001431541000080
204,,,2006-06-23,0.03,0.015,CAPITALISANT,MA0000040545,FCP,CDG CAPITAL GESTION,4054,0.02,CDG OBLIG PLUS,HEBDOMADAIRE,FNPP,OMLT,,MBI MLT,[4  8[,CDG CAPITAL,7,"['kejjilali@cdgcapitalgestion.ma', 'himjrane@cdgcapitalgestion.ma', 'akorait@cdgcapitalgestion.ma', 'middleoffice@cdgcapitalgestion.ma']",82930863366.85,"101, Bd Al Massira Al Khadra, 3ème étage, Casablanca – Maroc",,,,CDG CAPITAL GESTION,+212 522 923 111,"['asfim@asfim.ma', 'r.elhonsali@asfim.ma', 'relachhab@cdgcapitalgestion.ma', 'baitssi@cdgcapitalgestion.ma', 'kejjilali@cdgcapitalgestion.ma', 'mkhazraji@cdgcapitalgestion.ma']",,Monsieur,Monsieur,Rachid ELACHHAB,Directeur Général,CASABLANCA,001431541000080
224,,,2009-05-04,0.03,0.015,CAPITALISANT,MA0000040859,FCP,CDG CAPITAL GESTION,4085,0.02,CDG OBLIG PREMIUM,HEBDOMADAIRE,FGP,OMLT,,80% MBI MT + 20% MBI MLT,[2  6[,CDG CAPITAL,7,"['kejjilali@cdgcapitalgestion.ma', 'himjrane@cdgcapitalgestion.ma', 'akorait@cdgcapitalgestion.ma', 'middleoffice@cdgcapitalgestion.ma']",82930863366.85,"101, Bd Al Massira Al Khadra, 3ème étage, Casablanca – Maroc",,,,CDG CAPITAL GESTION,+212 522 923 111,"['asfim@asfim.ma', 'r.elhonsali@asfim.ma', 'relachhab@cdgcapitalgestion.ma', 'baitssi@cdgcapitalgestion.ma', 'kejjilali@cdgcapitalgestion.ma', 'mkhazraji@cdgcapitalgestion.ma']",,Monsieur,Monsieur,Rachid ELACHHAB,Directeur Général,CASABLANCA,001431541000080
238,,,2009-06-05,0.03,0.015,CAPITALISANT,MA0000041154,FCP,CDG CAPITAL GESTION,4115,0.02,CDG OBLIG SÉCURITÉ,QUOTIDIENNE,FNPP,OCT,,80% MBI CT + 20% MBI MT,"]0,5 1,1]",CDG CAPITAL,7,"['kejjilali@cdgcapitalgestion.ma', 'himjrane@cdgcapitalgestion.ma', 'akorait@cdgcapitalgestion.ma', 'middleoffice@cdgcapitalgestion.ma']",82930863366.85,"101, Bd Al Massira Al Khadra, 3ème étage, Casablanca – Maroc",,,,CDG CAPITAL GESTION,+212 522 923 111,"['asfim@asfim.ma', 'r.elhonsali@asfim.ma', 'relachhab@cdgcapitalgestion.ma', 'baitssi@cdgcapitalgestion.ma', 'kejjilali@cdgcapitalgestion.ma', 'mkhazraji@cdgcapitalgestion.ma']",,Monsieur,Monsieur,Rachid ELACHHAB,Directeur Général,CASABLANCA,001431541000080
216,,,2007-10-26,0.03,0.015,CAPITALISANT,MA0000040693,FCP,CDG CAPITAL GESTION,4069,0.02,CDG OBLIG SELECTION,HEBDOMADAIRE,FGP,OMLT,,80% MBI MT + 20% MBI MLT,[2  6[,CDG CAPITAL,7,"['kejjilali@cdgcapitalgestion.ma', 'himjrane@cdgcapitalgestion.ma', 'akorait@cdgcapitalgestion.ma', 'middleoffice@cdgcapitalgestion.ma']",82930863366.85,"101, Bd Al Massira Al Khadra, 3ème étage, Casablanca – Maroc",,,,CDG CAPITAL GESTION,+212 522 923 111,"['asfim@asfim.ma', 'r.elhonsali@asfim.ma', 'relachhab@cdgcapitalgestion.ma', 'baitssi@cdgcapitalgestion.ma', 'kejjilali@cdgcapitalgestion.ma', 'mkhazraji@cdgcapitalgestion.ma']",,Monsieur,Monsieur,Rachid ELACHHAB,Directeur Général,CASABLANCA,001431541000080
198,,,2005-06-17,0.03,0.015,CAPITALISANT,MA0000040461,FCP,CDG CAPITAL GESTION,4046,0.02,CDG OBLIGATIONS,HEBDOMADAIRE,FNPP,OMLT,,40% MBI MT + 60% MBI MLT,[3  7[,CDG CAPITAL,7,"['kejjilali@cdgcapitalgestion.ma', 'himjrane@cdgcapitalgestion.ma', 'akorait@cdgcapitalgestion.ma', 'middleoffice@cdgcapitalgestion.ma']",82930863366.85,"101, Bd Al Massira Al Khadra, 3ème étage, Casablanca – Maroc",,,,CDG CAPITAL GESTION,+212 522 923 111,"['asfim@asfim.ma', 'r.elhonsali@asfim.ma', 'relachhab@cdgcapitalgestion.ma', 'baitssi@cdgcapitalgestion.ma', 'kejjilali@cdgcapitalgestion.ma', 'mkhazraji@cdgcapitalgestion.ma']",,Monsieur,Monsieur,Rachid ELACHHAB,Directeur Général,CASABLANCA,001431541000080
243,,,2007-01-12,0.03,0.015,CAPITALISANT,MA0000041295,FCP,CDG CAPITAL GESTION,4129,0.02,CDG OPTIMUM,QUOTIDIENNE,FGP,MONÉTAIRE,,50% TMP + 50% MBI CT,"]0  0,5[",CDG CAPITAL,7,"['kejjilali@cdgcapitalgestion.ma', 'himjrane@cdgcapitalgestion.ma', 'akorait@cdgcapitalgestion.ma', 'middleoffice@cdgcapitalgestion.ma']",82930863366.85,"101, Bd Al Massira Al Khadra, 3ème étage, Casablanca – Maroc",,,,CDG CAPITAL GESTION,+212 522 923 111,"['asfim@asfim.ma', 'r.elhonsali@asfim.ma', 'relachhab@cdgcapitalgestion.ma', 'baitssi@cdgcapitalgestion.ma', 'kejjilali@cdgcapitalgestion.ma', 'mkhazraji@cdgcapitalgestion.ma']",,Monsieur,Monsieur,Rachid ELACHHAB,Directeur Général,CASABLANCA,001431541000080
187,,,2003-07-25,0.01,0.01,CAPITALISANT,MA0000030751,SICAV,CDG CAPITAL GESTION,3075,0.02,CDG PATRIMOINE,HEBDOMADAIRE,FGP,DIVERSIFIÉ,,65% MBI GLOBAL + 35% CFG 25 FLOTTANT,-,CDG CAPITAL,7,"['kejjilali@cdgcapitalgestion.ma', 'himjrane@cdgcapitalgestion.ma', 'akorait@cdgcapitalgestion.ma', 'middleoffice@cdgcapitalgestion.ma']",82930863366.85,"101, Bd Al Massira Al Khadra, 3ème étage, Casablanca – Maroc",,,,CDG CAPITAL GESTION,+212 522 923 111,"['asfim@asfim.ma', 'r.elhonsali@asfim.ma', 'relachhab@cdgcapitalgestion.ma', 'baitssi@cdgcapitalgestion.ma', 'kejjilali@cdgcapitalgestion.ma', 'mkhazraji@cdgcapitalgestion.ma']",,Monsieur,Monsieur,Rachid ELACHHAB,Directeur Général,CASABLANCA,001431541000080
203,,,2006-05-05,0.03,0.015,CAPITALISANT,MA0000041527,FCP,CDG CAPITAL GESTION,4152,0.02,CDG PERFORMANCE,HEBDOMADAIRE,FNPP,ACTIONS,,MASI RB,-,CDG CAPITAL,7,"['kejjilali@cdgcapitalgestion.ma', 'himjrane@cdgcapitalgestion.ma', 'akorait@cdgcapitalgestion.ma', 'middleoffice@cdgcapitalgestion.ma']",82930863366.85,"101, Bd Al Massira Al Khadra, 3ème étage, Casablanca – Maroc",,,,CDG CAPITAL GESTION,+212 522 923 111,"['asfim@asfim.ma', 'r.elhonsali@asfim.ma', 'relachhab@cdgcapitalgestion.ma', 'baitssi@cdgcapitalgestion.ma', 'kejjilali@cdgcapitalgestion.ma', 'mkhazraji@cdgcapitalgestion.ma']",,Monsieur,Monsieur,Rachid ELACHHAB,Directeur Général,CASABLANCA,001431541000080
205,,,2006-09-22,0.03,0.015,CAPITALISANT,MA0000040578,FCP,CDG CAPITAL GESTION,4057,0.02,CDG RENDEMENT,HEBDOMADAIRE,FGP,OMLT,,95% MBI MLT + 5% MASI,[4  8[,CDG CAPITAL,7,"['kejjilali@cdgcapitalgestion.ma', 'himjrane@cdgcapitalgestion.ma', 'akorait@cdgcapitalgestion.ma', 'middleoffice@cdgcapitalgestion.ma']",82930863366.85,"101, Bd Al Massira Al Khadra, 3ème étage, Casablanca – Maroc",,,,CDG CAPITAL GESTION,+212 522 923 111,"['asfim@asfim.ma', 'r.elhonsali@asfim.ma', 'relachhab@cdgcapitalgestion.ma', 'baitssi@cdgcapitalgestion.ma', 'kejjilali@cdgcapitalgestion.ma', 'mkhazraji@cdgcapitalgestion.ma']",,Monsieur,Monsieur,Rachid ELACHHAB,Directeur Général,CASABLANCA,001431541000080
188,,,2000-01-07,0.03,0.015,CAPITALISANT,MA0000035073,FCP,CDG CAPITAL GESTION,3507,0.02,CDG SECUR,HEBDOMADAIRE,FNPP,OMLT,,60% MBI MLT + 40% MBI MT,"]1,1  7]",CDG,7,"['kejjilali@cdgcapitalgestion.ma', 'himjrane@cdgcapitalgestion.ma', 'akorait@cdgcapitalgestion.ma', 'middleoffice@cdgcapitalgestion.ma']",82930863366.85,"101, Bd Al Massira Al Khadra, 3ème étage, Casablanca – Maroc",,,,CDG CAPITAL GESTION,+212 522 923 111,"['asfim@asfim.ma', 'r.elhonsali@asfim.ma', 'relachhab@cdgcapitalgestion.ma', 'baitssi@cdgcapitalgestion.ma', 'kejjilali@cdgcapitalgestion.ma', 'mkhazraji@cdgcapitalgestion.ma']",,Monsieur,Monsieur,Rachid ELACHHAB,Directeur Général,CASABLANCA,001431541000080
242,,,2012-06-29,0.03,0.015,CAPITALISANT,MA0000041196,FCP,CDG CAPITAL GESTION,4119,0.02,CDG SERENITE,QUOTIDIENNE,FGP,MONÉTAIRE,,60% TMP + 40% MBI CT,"<=0,5",CDG CAPITAL,7,"['kejjilali@cdgcapitalgestion.ma', 'himjrane@cdgcapitalgestion.ma', 'akorait@cdgcapitalgestion.ma', 'middleoffice@cdgcapitalgestion.ma']",82930863366.85,"101, Bd Al Massira Al Khadra, 3ème étage, Casablanca – Maroc",,,,CDG CAPITAL GESTION,+212 522 923 111,"['asfim@asfim.ma', 'r.elhonsali@asfim.ma', 'relachhab@cdgcapitalgestion.ma', 'baitssi@cdgcapitalgestion.ma', 'kejjilali@cdgcapitalgestion.ma', 'mkhazraji@cdgcapitalgestion.ma']",,Monsieur,Monsieur,Rachid ELACHHAB,Directeur Général,CASABLANCA,001431541000080
236,,,2012-01-20,0.03,0.015,CAPITALISANT,MA0000041048,FCP,CDG CAPITAL GESTION,4104,0.02,CDG SMALL & MID CAP,HEBDOMADAIRE,FGP,ACTIONS,,95% MASI FLOTTANT + 5% MSCI Europe Small Cap.,-,CDG CAPITAL,7,"['kejjilali@cdgcapitalgestion.ma', 'himjrane@cdgcapitalgestion.ma', 'akorait@cdgcapitalgestion.ma', 'middleoffice@cdgcapitalgestion.ma']",82930863366.85,"101, Bd Al Massira Al Khadra, 3ème étage, Casablanca – Maroc",,,,CDG CAPITAL GESTION,+212 522 923 111,"['asfim@asfim.ma', 'r.elhonsali@asfim.ma', 'relachhab@cdgcapitalgestion.ma', 'baitssi@cdgcapitalgestion.ma', 'kejjilali@cdgcapitalgestion.ma', 'mkhazraji@cdgcapitalgestion.ma']",,Monsieur,Monsieur,Rachid ELACHHAB,Directeur Général,CASABLANCA,001431541000080
182,,,2000-01-07,0.005,0.0,CAPITALISANT,MA0000030280,SICAV,CDG CAPITAL GESTION,3028,0.02,CDG TAWFIR,QUOTIDIENNE ,FGP,OMLT,,MBI GLOBAL,[3  7[,CDG CAPITAL,7,"['kejjilali@cdgcapitalgestion.ma', 'himjrane@cdgcapitalgestion.ma', 'akorait@cdgcapitalgestion.ma', 'middleoffice@cdgcapitalgestion.ma']",82930863366.85,"101, Bd Al Massira Al Khadra, 3ème étage, Casablanca – Maroc",,,,CDG CAPITAL GESTION,+212 522 923 111,"['asfim@asfim.ma', 'r.elhonsali@asfim.ma', 'relachhab@cdgcapitalgestion.ma', 'baitssi@cdgcapitalgestion.ma', 'kejjilali@cdgcapitalgestion.ma', 'mkhazraji@cdgcapitalgestion.ma']",,Monsieur,Monsieur,Rachid ELACHHAB,Directeur Général,CASABLANCA,001431541000080
184,,,2000-01-07,0.0,0.0,CAPITALISANT,MA0000030306,SICAV,CDG CAPITAL GESTION,3030,0.02,CDG TRESORERIE,QUOTIDIENNE,FGP,MONÉTAIRE,,50% MBI CT + 50% TMP,"[0  0,5[",CDG CAPITAL,7,"['kejjilali@cdgcapitalgestion.ma', 'himjrane@cdgcapitalgestion.ma', 'akorait@cdgcapitalgestion.ma', 'middleoffice@cdgcapitalgestion.ma']",82930863366.85,"101, Bd Al Massira Al Khadra, 3ème étage, Casablanca – Maroc",,,,CDG CAPITAL GESTION,+212 522 923 111,"['asfim@asfim.ma', 'r.elhonsali@asfim.ma', 'relachhab@cdgcapitalgestion.ma', 'baitssi@cdgcapitalgestion.ma', 'kejjilali@cdgcapitalgestion.ma', 'mkhazraji@cdgcapitalgestion.ma']",,Monsieur,Monsieur,Rachid ELACHHAB,Directeur Général,CASABLANCA,001431541000080
325,,,1997-11-14,0.03,0.015,CAPITALISANT,MA0000030603,SICAV,WAFA GESTION,3060,0.015,CDM CASH,QUOTIDIENNE,FGP,MONÉTAIRE,,40% TMP + 60% MBI CT,"[0  0,5[",CDM,16,"['mohamed.berrada1@attijariwafa.com', 'h.nokra@attijariwafa.com', 'g.mrini@attijariwafa.com', 'n.ouhatta@attijariwafa.com']",192315700959.16,"416, rue Mustapha EL Maani – Casablanca – Maroc",,,,WAFA GESTION,+212 522 453 838,"['asfim@asfim.ma', 'r.elhonsali@asfim.ma', 'k.bensouda@attijariwafa.com', 'n.ouhatta@attijariwafa.com', 'mohamed.berrada1@attijariwafa.com', 'R.Hilali@attijariwafa.com']",,Monsieur,Monsieur,Reda HILALI,Directeur Général,CASABLANCA,001698382000048
326,,,1998-02-20,0.03,0.015,CAPITALISANT,MA0000030611,SICAV,WAFA GESTION,3061,0.02,CDM EXPANSION,HEBDOMADAIRE,FGP,ACTIONS,,MADEX,-,CDM,16,"['mohamed.berrada1@attijariwafa.com', 'h.nokra@attijariwafa.com', 'g.mrini@attijariwafa.com', 'n.ouhatta@attijariwafa.com']",192315700959.16,"416, rue Mustapha EL Maani – Casablanca – Maroc",,,,WAFA GESTION,+212 522 453 838,"['asfim@asfim.ma', 'r.elhonsali@asfim.ma', 'k.bensouda@attijariwafa.com', 'n.ouhatta@attijariwafa.com', 'mohamed.berrada1@attijariwafa.com', 'R.Hilali@attijariwafa.com']",,Monsieur,Monsieur,Reda HILALI,Directeur Général,CASABLANCA,001698382000048
323,,,1997-04-04,0.03,0.015,CAPITALISANT,MA0000030587,SICAV,WAFA GESTION,3058,0.02,CDM GENERATION,QUOTIDIENNE,FGP,OMLT,,65% MBI MT + 35% MBI MLT,[3  5[,CDM,16,"['mohamed.berrada1@attijariwafa.com', 'h.nokra@attijariwafa.com', 'g.mrini@attijariwafa.com', 'n.ouhatta@attijariwafa.com']",192315700959.16,"416, rue Mustapha EL Maani – Casablanca – Maroc",,,,WAFA GESTION,+212 522 453 838,"['asfim@asfim.ma', 'r.elhonsali@asfim.ma', 'k.bensouda@attijariwafa.com', 'n.ouhatta@attijariwafa.com', 'mohamed.berrada1@attijariwafa.com', 'R.Hilali@attijariwafa.com']",,Monsieur,Monsieur,Reda HILALI,Directeur Général,CASABLANCA,001698382000048
393,,,2016-02-04,0.0,0.0,CAPITALISANT,MA0000041303,FCP,WAFA GESTION,4130,0.006500000000000001,CDM MONETAIRE PLUS,QUOTIDIENNE,FGP,MONÉTAIRE,,TMP,"]0  0,5]",CDM,16,"['mohamed.berrada1@attijariwafa.com', 'h.nokra@attijariwafa.com', 'g.mrini@attijariwafa.com', 'n.ouhatta@attijariwafa.com']",192315700959.16,"416, rue Mustapha EL Maani – Casablanca – Maroc",,,,WAFA GESTION,+212 522 453 838,"['asfim@asfim.ma', 'r.elhonsali@asfim.ma', 'k.bensouda@attijariwafa.com', 'n.ouhatta@attijariwafa.com', 'mohamed.berrada1@attijariwafa.com', 'R.Hilali@attijariwafa.com']",,Monsieur,Monsieur,Reda HILALI,Directeur Général,CASABLANCA,001698382000048
350,,,2000-07-21,0.03,0.015,CAPITALISANT,MA0000037798,FCP,Wafa Gestion,3779,0.02,CDM OBLIG PLUS,QUOTIDIENNE,FGP,OCT,,MBI CT,"]0,5  1,1]",CDM,16,"['mohamed.berrada1@attijariwafa.com', 'h.nokra@attijariwafa.com', 'g.mrini@attijariwafa.com', 'n.ouhatta@attijariwafa.com']",192315700959.16,"416, rue Mustapha EL Maani – Casablanca – Maroc",,,,WAFA GESTION,+212 522 453 838,"['asfim@asfim.ma', 'r.elhonsali@asfim.ma', 'k.bensouda@attijariwafa.com', 'n.ouhatta@attijariwafa.com', 'mohamed.berrada1@attijariwafa.com', 'R.Hilali@attijariwafa.com']",,Monsieur,Monsieur,Reda HILALI,Directeur Général,CASABLANCA,001698382000048
462,,,2019-04-23,0.03,0.015,CAPITALISANT,MA0000041519,FCP,CREDIT DU MAROC,4151,0.02,CDM OBLIGATIONS,QUOTIDIENNE,FGP,OMLT,,MBI GLOBAL,"]1,1  5]",CDM,16,"['mohamed.berrada1@attijariwafa.com', 'h.nokra@attijariwafa.com', 'g.mrini@attijariwafa.com', 'n.ouhatta@attijariwafa.com']",192315700959.16,"416, rue Mustapha EL Maani – Casablanca – Maroc",,,,WAFA GESTION,+212 522 453 838,"['asfim@asfim.ma', 'r.elhonsali@asfim.ma', 'k.bensouda@attijariwafa.com', 'n.ouhatta@attijariwafa.com', 'mohamed.berrada1@attijariwafa.com', 'R.Hilali@attijariwafa.com']",,Monsieur,Monsieur,Reda HILALI,Directeur Général,CASABLANCA,001698382000048
322,,,1997-03-21,0.03,0.015,CAPITALISANT,MA0000030579,SICAV,WAFA GESTION,3057,0.02,CDM OPTIMUM,QUOTIDIENNE,FGP,DIVERSIFIÉ,,50% MBI MLT + 50% MASI RENTABILITE,-,CDM,16,"['mohamed.berrada1@attijariwafa.com', 'h.nokra@attijariwafa.com', 'g.mrini@attijariwafa.com', 'n.ouhatta@attijariwafa.com']",192315700959.16,"416, rue Mustapha EL Maani – Casablanca – Maroc",,,,WAFA GESTION,+212 522 453 838,"['asfim@asfim.ma', 'r.elhonsali@asfim.ma', 'k.bensouda@attijariwafa.com', 'n.ouhatta@attijariwafa.com', 'mohamed.berrada1@attijariwafa.com', 'R.Hilali@attijariwafa.com']",,Monsieur,Monsieur,Reda HILALI,Directeur Général,CASABLANCA,001698382000048
348,,,2000-07-21,0.03,0.015,CAPITALISANT,MA0000041436,FCP,WAFA GESTION,4143,0.02,CDM PROFIL DYNAMISME,HEBDOMADAIRE,FGP,ACTIONS,,90% MASI + 10% MBI MLT,-,CDM,16,"['mohamed.berrada1@attijariwafa.com', 'h.nokra@attijariwafa.com', 'g.mrini@attijariwafa.com', 'n.ouhatta@attijariwafa.com']",192315700959.16,"416, rue Mustapha EL Maani – Casablanca – Maroc",,,,WAFA GESTION,+212 522 453 838,"['asfim@asfim.ma', 'r.elhonsali@asfim.ma', 'k.bensouda@attijariwafa.com', 'n.ouhatta@attijariwafa.com', 'mohamed.berrada1@attijariwafa.com', 'R.Hilali@attijariwafa.com']",,Monsieur,Monsieur,Reda HILALI,Directeur Général,CASABLANCA,001698382000048
345,,,2000-07-21,0.03,0.015,CAPITALISANT,MA0000041444,FCP,WAFA GESTION,4144,0.015,CDM PROFIL EQUILIBRE,HEBDOMADAIRE,FGP,DIVERSIFIÉ,,60% MBI MLT + 40% MASI RENTABILITE,-,CDM,16,"['mohamed.berrada1@attijariwafa.com', 'h.nokra@attijariwafa.com', 'g.mrini@attijariwafa.com', 'n.ouhatta@attijariwafa.com']",192315700959.16,"416, rue Mustapha EL Maani – Casablanca – Maroc",,,,WAFA GESTION,+212 522 453 838,"['asfim@asfim.ma', 'r.elhonsali@asfim.ma', 'k.bensouda@attijariwafa.com', 'n.ouhatta@attijariwafa.com', 'mohamed.berrada1@attijariwafa.com', 'R.Hilali@attijariwafa.com']",,Monsieur,Monsieur,Reda HILALI,Directeur Général,CASABLANCA,001698382000048
344,,,2000-07-21,0.03,0.015,CAPITALISANT,MA0000041451,FCP,WAFA GESTION,4145,0.01,CDM PROFIL SERENITE,HEBDOMADAIRE,FGP,OMLT,,95% MBI + 5% MASI RENTABILITE,[3  5[,CDM,16,"['mohamed.berrada1@attijariwafa.com', 'h.nokra@attijariwafa.com', 'g.mrini@attijariwafa.com', 'n.ouhatta@attijariwafa.com']",192315700959.16,"416, rue Mustapha EL Maani – Casablanca – Maroc",,,,WAFA GESTION,+212 522 453 838,"['asfim@asfim.ma', 'r.elhonsali@asfim.ma', 'k.bensouda@attijariwafa.com', 'n.ouhatta@attijariwafa.com', 'mohamed.berrada1@attijariwafa.com', 'R.Hilali@attijariwafa.com']",,Monsieur,Monsieur,Reda HILALI,Directeur Général,CASABLANCA,001698382000048
346,,,2000-07-21,0.0,0.0,CAPITALISANT,MA0000036147,FCP,WAFA GESTION,3614,0.01,CDM SECURITE PLUS,QUOTIDIENNE,FGP,MONÉTAIRE,,TMP,"[0  0,5[",CDM,16,"['mohamed.berrada1@attijariwafa.com', 'h.nokra@attijariwafa.com', 'g.mrini@attijariwafa.com', 'n.ouhatta@attijariwafa.com']",192315700959.16,"416, rue Mustapha EL Maani – Casablanca – Maroc",,,,WAFA GESTION,+212 522 453 838,"['asfim@asfim.ma', 'r.elhonsali@asfim.ma', 'k.bensouda@attijariwafa.com', 'n.ouhatta@attijariwafa.com', 'mohamed.berrada1@attijariwafa.com', 'R.Hilali@attijariwafa.com']",,Monsieur,Monsieur,Reda HILALI,Directeur Général,CASABLANCA,001698382000048
324,,,1997-06-13,0.03,0.015,DISTRIBUANT,MA0000030595,SICAV,WAFA GESTION,3059,0.02,CDM TRESOR PLUS,QUOTIDIENNE,FGP,OCT,,MBI CT,"]0,5  1,1]",CDM,16,"['mohamed.berrada1@attijariwafa.com', 'h.nokra@attijariwafa.com', 'g.mrini@attijariwafa.com', 'n.ouhatta@attijariwafa.com']",192315700959.16,"416, rue Mustapha EL Maani – Casablanca – Maroc",,,,WAFA GESTION,+212 522 453 838,"['asfim@asfim.ma', 'r.elhonsali@asfim.ma', 'k.bensouda@attijariwafa.com', 'n.ouhatta@attijariwafa.com', 'mohamed.berrada1@attijariwafa.com', 'R.Hilali@attijariwafa.com']",,Monsieur,Monsieur,Reda HILALI,Directeur Général,CASABLANCA,001698382000048
298,,,1999-01-04,0.002,0.002,CAPITALISANT,MA0000035727,FCP,CFG GESTION; CFG BANK,3572,0.02,CFG AVENIR,HEBDOMADAIRE,FGP,DIVERSIFIÉ,,20% CFG 25 FLOTTANT + 80% CFG BONDS CT,-,CFG BANK,8,"['M.AitElBied@cfgbank.com', 'y.elyakoubi@cfgbank.com', 'i.rharib@cfgbank.com', 'l.berradafathi@cfgbank.com']",26838334241.57977,"5/7, Rue Ibnou Toufail Quartier Palmier, Angle, Boulevard Zerktouni – Casablanca – Maroc",,,,CFG GESTION,+212 522 250 050,"['asfim@asfim.ma', 'r.elhonsali@asfim.ma', 'o.chekroun@cfgbank.com', 'A.Wadifi@cfgbank.com', 'M.AitElBied@cfgbank.com', 'W.AMRANIJOUTEI@cfgbank.com']",,Monsieur,Monsieur,Walid AMRANI JOUTEI,Directeur Général,CASABLANCA,000084699000096
316,,,2015-06-05,0.005,0.005,CAPITALISANT,MA0000037814,FCP,CFG GESTION; CFG BANK,3781,0.006,CFG CASH SECURE,QUOTIDIENNE,FGP,MONÉTAIRE,,CFG BONDS MONETAIRE,"]0 0,5]",CFG BANK,8,"['M.AitElBied@cfgbank.com', 'y.elyakoubi@cfgbank.com', 'i.rharib@cfgbank.com', 'l.berradafathi@cfgbank.com']",26838334241.57977,"5/7, Rue Ibnou Toufail Quartier Palmier, Angle, Boulevard Zerktouni – Casablanca – Maroc",,,,CFG GESTION,+212 522 250 050,"['asfim@asfim.ma', 'r.elhonsali@asfim.ma', 'o.chekroun@cfgbank.com', 'A.Wadifi@cfgbank.com', 'M.AitElBied@cfgbank.com', 'W.AMRANIJOUTEI@cfgbank.com']",,Monsieur,Monsieur,Walid AMRANI JOUTEI,Directeur Général,CASABLANCA,000084699000096
287,,,2008-10-31,0.0085,0.0085,CAPITALISANT,MA0000036758,FCP,CFG GESTION,3675,0.02,CFG CONSTRUCTION,HEBDOMADAIRE,FGP,ACTIONS,,CFG 25 FLOTTANT,-,ATTIJARIWAFA BANK,8,"['M.AitElBied@cfgbank.com', 'y.elyakoubi@cfgbank.com', 'i.rharib@cfgbank.com', 'l.berradafathi@cfgbank.com']",26838334241.57977,"5/7, Rue Ibnou Toufail Quartier Palmier, Angle, Boulevard Zerktouni – Casablanca – Maroc",,,,CFG GESTION,+212 522 250 050,"['asfim@asfim.ma', 'r.elhonsali@asfim.ma', 'o.chekroun@cfgbank.com', 'A.Wadifi@cfgbank.com', 'M.AitElBied@cfgbank.com', 'W.AMRANIJOUTEI@cfgbank.com']",,Monsieur,Monsieur,Walid AMRANI JOUTEI,Directeur Général,CASABLANCA,000084699000096
310,,,2010-07-23,0.0,0.0,CAPITALISANT,MA0000037038,FCP,CFG GESTION,3703,0.02,CFG CORPORATE BONDS,HEBDOMADAIRE,FGP,OMLT,,CFG BONDS MT,[3  7[,CFG BANK,8,"['M.AitElBied@cfgbank.com', 'y.elyakoubi@cfgbank.com', 'i.rharib@cfgbank.com', 'l.berradafathi@cfgbank.com']",26838334241.57977,"5/7, Rue Ibnou Toufail Quartier Palmier, Angle, Boulevard Zerktouni – Casablanca – Maroc",,,,CFG GESTION,+212 522 250 050,"['asfim@asfim.ma', 'r.elhonsali@asfim.ma', 'o.chekroun@cfgbank.com', 'A.Wadifi@cfgbank.com', 'M.AitElBied@cfgbank.com', 'W.AMRANIJOUTEI@cfgbank.com']",,Monsieur,Monsieur,Walid AMRANI JOUTEI,Directeur Général,CASABLANCA,000084699000096
299,,,1995-01-20,0.002,0.002,CAPITALISANT,MA0000030470,SICAV,CFG GESTION; CFG BANK,3047,0.015,CFG CROISSANCE,QUOTIDIENNE,FGP,DIVERSIFIÉ,,50% CFG 25 FLOTTANT + 50% CFG BONDS CT,-,CFG BANK,8,"['M.AitElBied@cfgbank.com', 'y.elyakoubi@cfgbank.com', 'i.rharib@cfgbank.com', 'l.berradafathi@cfgbank.com']",26838334241.57977,"5/7, Rue Ibnou Toufail Quartier Palmier, Angle, Boulevard Zerktouni – Casablanca – Maroc",,,,CFG GESTION,+212 522 250 050,"['asfim@asfim.ma', 'r.elhonsali@asfim.ma', 'o.chekroun@cfgbank.com', 'A.Wadifi@cfgbank.com', 'M.AitElBied@cfgbank.com', 'W.AMRANIJOUTEI@cfgbank.com']",,Monsieur,Monsieur,Walid AMRANI JOUTEI,Directeur Général,CASABLANCA,000084699000096
573,,,2022-10-31,0.03,0.015,CAPITALISANT,MA0000039323,FCP,CFG GESTION; CFG BANK,3932,0.02,CFG Diversifié,QUOTIDIENNE,FGP,DIVERSIFIÉ,,80% MBI GLOBAL + 20% MASI RN,-,CFG BANK,8,"['M.AitElBied@cfgbank.com', 'y.elyakoubi@cfgbank.com', 'i.rharib@cfgbank.com', 'l.berradafathi@cfgbank.com']",26838334241.57977,"5/7, Rue Ibnou Toufail Quartier Palmier, Angle, Boulevard Zerktouni – Casablanca – Maroc",,,,CFG GESTION,+212 522 250 050,"['asfim@asfim.ma', 'r.elhonsali@asfim.ma', 'o.chekroun@cfgbank.com', 'A.Wadifi@cfgbank.com', 'M.AitElBied@cfgbank.com', 'W.AMRANIJOUTEI@cfgbank.com']",,Monsieur,Monsieur,Walid AMRANI JOUTEI,Directeur Général,CASABLANCA,000084699000096
285,,,2000-10-20,0.0045000000000000005,0.0045000000000000005,CAPITALISANT,MA0000035768,FCP,CFG GESTION; CFG BANK,3576,0.02,CFG EMERGENCE,HEBDOMADAIRE,FGP,ACTIONS,,CFG 25 FLOTTANT,-,CFG BANK,8,"['M.AitElBied@cfgbank.com', 'y.elyakoubi@cfgbank.com', 'i.rharib@cfgbank.com', 'l.berradafathi@cfgbank.com']",26838334241.57977,"5/7, Rue Ibnou Toufail Quartier Palmier, Angle, Boulevard Zerktouni – Casablanca – Maroc",,,,CFG GESTION,+212 522 250 050,"['asfim@asfim.ma', 'r.elhonsali@asfim.ma', 'o.chekroun@cfgbank.com', 'A.Wadifi@cfgbank.com', 'M.AitElBied@cfgbank.com', 'W.AMRANIJOUTEI@cfgbank.com']",,Monsieur,Monsieur,Walid AMRANI JOUTEI,Directeur Général,CASABLANCA,000084699000096
576,,,2022-12-01,0.03,0.015,CAPITALISANT,MA0000036345,FCP,CFG GESTION; CFG BANK,3634,0.02,CFG INSTIBONDS,QUOTIDIENNE,FGP,OMLT, ,MBI GLOBAL,"]1,5  5,5]",CFG BANK,8,"['M.AitElBied@cfgbank.com', 'y.elyakoubi@cfgbank.com', 'i.rharib@cfgbank.com', 'l.berradafathi@cfgbank.com']",26838334241.57977,"5/7, Rue Ibnou Toufail Quartier Palmier, Angle, Boulevard Zerktouni – Casablanca – Maroc",,,,CFG GESTION,+212 522 250 050,"['asfim@asfim.ma', 'r.elhonsali@asfim.ma', 'o.chekroun@cfgbank.com', 'A.Wadifi@cfgbank.com', 'M.AitElBied@cfgbank.com', 'W.AMRANIJOUTEI@cfgbank.com']",,Monsieur,Monsieur,Walid AMRANI JOUTEI,Directeur Général,CASABLANCA,000084699000096
547,,,2021-03-01,0.005,0.005,CAPITALISANT,MA0000038895,FCP,CFG GESTION; CFG BANK,3889,0.02,CFG INSTICASH,QUOTIDIENNE,FGP,MONÉTAIRE,,TMP INTERBANCAIRE,"]0  0,5]",CFG BANK,8,"['M.AitElBied@cfgbank.com', 'y.elyakoubi@cfgbank.com', 'i.rharib@cfgbank.com', 'l.berradafathi@cfgbank.com']",26838334241.57977,"5/7, Rue Ibnou Toufail Quartier Palmier, Angle, Boulevard Zerktouni – Casablanca – Maroc",,,,CFG GESTION,+212 522 250 050,"['asfim@asfim.ma', 'r.elhonsali@asfim.ma', 'o.chekroun@cfgbank.com', 'A.Wadifi@cfgbank.com', 'M.AitElBied@cfgbank.com', 'W.AMRANIJOUTEI@cfgbank.com']",,Monsieur,Monsieur,Walid AMRANI JOUTEI,Directeur Général,CASABLANCA,000084699000096
312,,,2016-12-30,0.0,0.0,CAPITALISANT,MA0000038002,FCP,CFG GESTION,3800,0.01,CFG LIQUID BONDS,QUOTIDIENNE,FGP,OCT,,CFG BONDS CT,"[0,5  1,1[",CFG BANK,8,"['M.AitElBied@cfgbank.com', 'y.elyakoubi@cfgbank.com', 'i.rharib@cfgbank.com', 'l.berradafathi@cfgbank.com']",26838334241.57977,"5/7, Rue Ibnou Toufail Quartier Palmier, Angle, Boulevard Zerktouni – Casablanca – Maroc",,,,CFG GESTION,+212 522 250 050,"['asfim@asfim.ma', 'r.elhonsali@asfim.ma', 'o.chekroun@cfgbank.com', 'A.Wadifi@cfgbank.com', 'M.AitElBied@cfgbank.com', 'W.AMRANIJOUTEI@cfgbank.com']",,Monsieur,Monsieur,Walid AMRANI JOUTEI,Directeur Général,CASABLANCA,000084699000096
313,,,1999-03-17,0.0,0.0,CAPITALISANT,MA0000035826,FCP,CFG GESTION; CFG BANK,3582,0.01,CFG LIQUIDITE,QUOTIDIENNE,FGP,OCT,,MBI CT,"]0,5; 1,1]",CFG BANK,8,"['M.AitElBied@cfgbank.com', 'y.elyakoubi@cfgbank.com', 'i.rharib@cfgbank.com', 'l.berradafathi@cfgbank.com']",26838334241.57977,"5/7, Rue Ibnou Toufail Quartier Palmier, Angle, Boulevard Zerktouni – Casablanca – Maroc",,,,CFG GESTION,+212 522 250 050,"['asfim@asfim.ma', 'r.elhonsali@asfim.ma', 'o.chekroun@cfgbank.com', 'A.Wadifi@cfgbank.com', 'M.AitElBied@cfgbank.com', 'W.AMRANIJOUTEI@cfgbank.com']",,Monsieur,Monsieur,Walid AMRANI JOUTEI,Directeur Général,CASABLANCA,000084699000096
304,,,2007-05-25,0.03,0.015,CAPITALISANT,MA0000039802,FCP,CFG GESTION,3980,0.02,CFG OBLIGATAIRE PLUS,QUOTIDIENNE,FGP,OMLT,,MBI GLOBAL,]4  8],CFG BANK,8,"['M.AitElBied@cfgbank.com', 'y.elyakoubi@cfgbank.com', 'i.rharib@cfgbank.com', 'l.berradafathi@cfgbank.com']",26838334241.57977,"5/7, Rue Ibnou Toufail Quartier Palmier, Angle, Boulevard Zerktouni – Casablanca – Maroc",,,,CFG GESTION,+212 522 250 050,"['asfim@asfim.ma', 'r.elhonsali@asfim.ma', 'o.chekroun@cfgbank.com', 'A.Wadifi@cfgbank.com', 'M.AitElBied@cfgbank.com', 'W.AMRANIJOUTEI@cfgbank.com']",,Monsieur,Monsieur,Walid AMRANI JOUTEI,Directeur Général,CASABLANCA,000084699000096
574,,,2022-11-04,0.03,0.015,MIXTE,MA0000039315,FCP,CFG GESTION; CFG BANK,3931,0.02,CFG OPPORTUNITÉS,QUOTIDIENNE,FGP,DIVERSIFIÉ,,70% MBI GLOBAL + 30% MASI,-,CFG BANK,8,"['M.AitElBied@cfgbank.com', 'y.elyakoubi@cfgbank.com', 'i.rharib@cfgbank.com', 'l.berradafathi@cfgbank.com']",26838334241.57977,"5/7, Rue Ibnou Toufail Quartier Palmier, Angle, Boulevard Zerktouni – Casablanca – Maroc",,,,CFG GESTION,+212 522 250 050,"['asfim@asfim.ma', 'r.elhonsali@asfim.ma', 'o.chekroun@cfgbank.com', 'A.Wadifi@cfgbank.com', 'M.AitElBied@cfgbank.com', 'W.AMRANIJOUTEI@cfgbank.com']",,Monsieur,Monsieur,Walid AMRANI JOUTEI,Directeur Général,CASABLANCA,000084699000096
286,,,1995-05-05,0.0045000000000000005,0.0045000000000000005,CAPITALISANT,MA0000035743,FCP,CFG GESTION; CFG BANK,3574,0.02,CFG PERFORMANCE,QUOTIDIENNE,FGP,ACTIONS,,CFG 25 FLOTTANT,-,CFG BANK,8,"['M.AitElBied@cfgbank.com', 'y.elyakoubi@cfgbank.com', 'i.rharib@cfgbank.com', 'l.berradafathi@cfgbank.com']",26838334241.57977,"5/7, Rue Ibnou Toufail Quartier Palmier, Angle, Boulevard Zerktouni – Casablanca – Maroc",,,,CFG GESTION,+212 522 250 050,"['asfim@asfim.ma', 'r.elhonsali@asfim.ma', 'o.chekroun@cfgbank.com', 'A.Wadifi@cfgbank.com', 'M.AitElBied@cfgbank.com', 'W.AMRANIJOUTEI@cfgbank.com']",,Monsieur,Monsieur,Walid AMRANI JOUTEI,Directeur Général,CASABLANCA,000084699000096
309,,,2010-03-31,0.03,0.015,CAPITALISANT,MA0000036972,FCP,CFG GESTION,3697,0.02,CFG PREVOYANCE,QUOTIDIENNE,FGP,OMLT,,MBI GLOBAL,]1.1  8],CFG BANK,8,"['M.AitElBied@cfgbank.com', 'y.elyakoubi@cfgbank.com', 'i.rharib@cfgbank.com', 'l.berradafathi@cfgbank.com']",26838334241.57977,"5/7, Rue Ibnou Toufail Quartier Palmier, Angle, Boulevard Zerktouni – Casablanca – Maroc",,,,CFG GESTION,+212 522 250 050,"['asfim@asfim.ma', 'r.elhonsali@asfim.ma', 'o.chekroun@cfgbank.com', 'A.Wadifi@cfgbank.com', 'M.AitElBied@cfgbank.com', 'W.AMRANIJOUTEI@cfgbank.com']",,Monsieur,Monsieur,Walid AMRANI JOUTEI,Directeur Général,CASABLANCA,000084699000096
443,,,2018-07-05,0.0,0.0,CAPITALISANT,MA0000038176,FCP,CFG GESTION; CFG BANK,3817,0.02,CFG Profil Conservateur,QUOTIDIENNE,FGP,OMLT,,50% MBI CT + 50% MBI MT,"]1,1   4[",CFG BANK,8,"['M.AitElBied@cfgbank.com', 'y.elyakoubi@cfgbank.com', 'i.rharib@cfgbank.com', 'l.berradafathi@cfgbank.com']",26838334241.57977,"5/7, Rue Ibnou Toufail Quartier Palmier, Angle, Boulevard Zerktouni – Casablanca – Maroc",,,,CFG GESTION,+212 522 250 050,"['asfim@asfim.ma', 'r.elhonsali@asfim.ma', 'o.chekroun@cfgbank.com', 'A.Wadifi@cfgbank.com', 'M.AitElBied@cfgbank.com', 'W.AMRANIJOUTEI@cfgbank.com']",,Monsieur,Monsieur,Walid AMRANI JOUTEI,Directeur Général,CASABLANCA,000084699000096
444,,,2018-07-05,0.002,0.002,CAPITALISANT,MA0000038184,FCP,CFG GESTION; CFG BANK,3818,0.02,CFG Profil Dynamique,QUOTIDIENNE,FGP,DIVERSIFIÉ,,60% MBI GLOBAL + 40% CFG 25,-,CFG BANK,8,"['M.AitElBied@cfgbank.com', 'y.elyakoubi@cfgbank.com', 'i.rharib@cfgbank.com', 'l.berradafathi@cfgbank.com']",26838334241.57977,"5/7, Rue Ibnou Toufail Quartier Palmier, Angle, Boulevard Zerktouni – Casablanca – Maroc",,,,CFG GESTION,+212 522 250 050,"['asfim@asfim.ma', 'r.elhonsali@asfim.ma', 'o.chekroun@cfgbank.com', 'A.Wadifi@cfgbank.com', 'M.AitElBied@cfgbank.com', 'W.AMRANIJOUTEI@cfgbank.com']",,Monsieur,Monsieur,Walid AMRANI JOUTEI,Directeur Général,CASABLANCA,000084699000096
440,,,2018-07-05,0.002,0.001,CAPITALISANT,MA0000038143,FCP,CFG GESTION; CFG BANK,3814,0.02,CFG Profil Equilibré,QUOTIDIENNE,FGP,DIVERSIFIÉ,,25% CFG 25 FLOTTANT + 75% MBI MT,-,CFG BANK,8,"['M.AitElBied@cfgbank.com', 'y.elyakoubi@cfgbank.com', 'i.rharib@cfgbank.com', 'l.berradafathi@cfgbank.com']",26838334241.57977,"5/7, Rue Ibnou Toufail Quartier Palmier, Angle, Boulevard Zerktouni – Casablanca – Maroc",,,,CFG GESTION,+212 522 250 050,"['asfim@asfim.ma', 'r.elhonsali@asfim.ma', 'o.chekroun@cfgbank.com', 'A.Wadifi@cfgbank.com', 'M.AitElBied@cfgbank.com', 'W.AMRANIJOUTEI@cfgbank.com']",,Monsieur,Monsieur,Walid AMRANI JOUTEI,Directeur Général,CASABLANCA,000084699000096
441,,,2018-07-05,0.0025,0.0025,CAPITALISANT,MA0000038150,FCP,CFG GESTION; CFG BANK,3815,0.02,CFG Profil Offensif,QUOTIDIENNE,FGP,ACTIONS,,80% CFG 25 FLOTTANT + 20% MBI GLOBAL,-,CFG BANK,8,"['M.AitElBied@cfgbank.com', 'y.elyakoubi@cfgbank.com', 'i.rharib@cfgbank.com', 'l.berradafathi@cfgbank.com']",26838334241.57977,"5/7, Rue Ibnou Toufail Quartier Palmier, Angle, Boulevard Zerktouni – Casablanca – Maroc",,,,CFG GESTION,+212 522 250 050,"['asfim@asfim.ma', 'r.elhonsali@asfim.ma', 'o.chekroun@cfgbank.com', 'A.Wadifi@cfgbank.com', 'M.AitElBied@cfgbank.com', 'W.AMRANIJOUTEI@cfgbank.com']",,Monsieur,Monsieur,Walid AMRANI JOUTEI,Directeur Général,CASABLANCA,000084699000096
442,,,2018-07-05,0.0,0.0,CAPITALISANT,MA0000038168,FCP,CFG GESTION; CFG BANK,3816,0.02,CFG PROFIL PRUDENT,QUOTIDIENNE,FGP,OMLT,,95% MBI MT + 5% CFG 25 FLOTTANT,"]1,1   2]",CFG BANK,8,"['M.AitElBied@cfgbank.com', 'y.elyakoubi@cfgbank.com', 'i.rharib@cfgbank.com', 'l.berradafathi@cfgbank.com']",26838334241.57977,"5/7, Rue Ibnou Toufail Quartier Palmier, Angle, Boulevard Zerktouni – Casablanca – Maroc",,,,CFG GESTION,+212 522 250 050,"['asfim@asfim.ma', 'r.elhonsali@asfim.ma', 'o.chekroun@cfgbank.com', 'A.Wadifi@cfgbank.com', 'M.AitElBied@cfgbank.com', 'W.AMRANIJOUTEI@cfgbank.com']",,Monsieur,Monsieur,Walid AMRANI JOUTEI,Directeur Général,CASABLANCA,000084699000096
308,,,1996-08-30,0.0,0.0,CAPITALISANT,MA0000035792,FCP,CFG GESTION; CFG BANK,3579,0.01,CFG RENDEMENT,QUOTIDIENNE,FGP,OMLT,,CFG BONDS CT,[2   6[,CFG BANK,8,"['M.AitElBied@cfgbank.com', 'y.elyakoubi@cfgbank.com', 'i.rharib@cfgbank.com', 'l.berradafathi@cfgbank.com']",26838334241.57977,"5/7, Rue Ibnou Toufail Quartier Palmier, Angle, Boulevard Zerktouni – Casablanca – Maroc",,,,CFG GESTION,+212 522 250 050,"['asfim@asfim.ma', 'r.elhonsali@asfim.ma', 'o.chekroun@cfgbank.com', 'A.Wadifi@cfgbank.com', 'M.AitElBied@cfgbank.com', 'W.AMRANIJOUTEI@cfgbank.com']",,Monsieur,Monsieur,Walid AMRANI JOUTEI,Directeur Général,CASABLANCA,000084699000096
291,,,2014-02-21,0.0045000000000000005,0.0045000000000000005,DISTRIBUANT,MA0000037541,FCP,CFG GESTION; CFG BANK,3754,0.02,CFG RENTABILITE,HEBDOMADAIRE,FGP,ACTIONS,,CFG 25 FLOTTANT,-,CFG BANK,8,"['M.AitElBied@cfgbank.com', 'y.elyakoubi@cfgbank.com', 'i.rharib@cfgbank.com', 'l.berradafathi@cfgbank.com']",26838334241.57977,"5/7, Rue Ibnou Toufail Quartier Palmier, Angle, Boulevard Zerktouni – Casablanca – Maroc",,,,CFG GESTION,+212 522 250 050,"['asfim@asfim.ma', 'r.elhonsali@asfim.ma', 'o.chekroun@cfgbank.com', 'A.Wadifi@cfgbank.com', 'M.AitElBied@cfgbank.com', 'W.AMRANIJOUTEI@cfgbank.com']",,Monsieur,Monsieur,Walid AMRANI JOUTEI,Directeur Général,CASABLANCA,000084699000096
480,,,2019-04-04,0.0,0.0,CAPITALISANT,MA0000038309,FCP,CFG GESTION; CFG BANK,3830,0.02,CFG SECURE BONDS,QUOTIDIENNE,FGP,OMLT,,MBI GLOBAL,]2  6],CFG BANK,8,"['M.AitElBied@cfgbank.com', 'y.elyakoubi@cfgbank.com', 'i.rharib@cfgbank.com', 'l.berradafathi@cfgbank.com']",26838334241.57977,"5/7, Rue Ibnou Toufail Quartier Palmier, Angle, Boulevard Zerktouni – Casablanca – Maroc",,,,CFG GESTION,+212 522 250 050,"['asfim@asfim.ma', 'r.elhonsali@asfim.ma', 'o.chekroun@cfgbank.com', 'A.Wadifi@cfgbank.com', 'M.AitElBied@cfgbank.com', 'W.AMRANIJOUTEI@cfgbank.com']",,Monsieur,Monsieur,Walid AMRANI JOUTEI,Directeur Général,CASABLANCA,000084699000096
314,,,1996-12-13,0.0,0.0,CAPITALISANT,MA0000035834,FCP,CFG GESTION; CFG BANK,3583,0.006,CFG SECURITE,QUOTIDIENNE,FGP,MONÉTAIRE,,TMP INTERBANCAIRE,"]0 0,5]",CFG BANK,8,"['M.AitElBied@cfgbank.com', 'y.elyakoubi@cfgbank.com', 'i.rharib@cfgbank.com', 'l.berradafathi@cfgbank.com']",26838334241.57977,"5/7, Rue Ibnou Toufail Quartier Palmier, Angle, Boulevard Zerktouni – Casablanca – Maroc",,,,CFG GESTION,+212 522 250 050,"['asfim@asfim.ma', 'r.elhonsali@asfim.ma', 'o.chekroun@cfgbank.com', 'A.Wadifi@cfgbank.com', 'M.AitElBied@cfgbank.com', 'W.AMRANIJOUTEI@cfgbank.com']",,Monsieur,Monsieur,Walid AMRANI JOUTEI,Directeur Général,CASABLANCA,000084699000096
479,,,2019-04-16,0.0,0.0,CAPITALISANT,MA0000038317,FCP,CFG GESTION; CFG BANK,3831,0.02,CFG SOVEREIGN BONDS,QUOTIDIENNE,FGP,OMLT,,MBI GLOBAL,]2  6],CFG BANK,8,"['M.AitElBied@cfgbank.com', 'y.elyakoubi@cfgbank.com', 'i.rharib@cfgbank.com', 'l.berradafathi@cfgbank.com']",26838334241.57977,"5/7, Rue Ibnou Toufail Quartier Palmier, Angle, Boulevard Zerktouni – Casablanca – Maroc",,,,CFG GESTION,+212 522 250 050,"['asfim@asfim.ma', 'r.elhonsali@asfim.ma', 'o.chekroun@cfgbank.com', 'A.Wadifi@cfgbank.com', 'M.AitElBied@cfgbank.com', 'W.AMRANIJOUTEI@cfgbank.com']",,Monsieur,Monsieur,Walid AMRANI JOUTEI,Directeur Général,CASABLANCA,000084699000096
290,,,2012-11-21,0.002,0.002,CAPITALISANT,MA0000037400,FCP,CFG GESTION; CFG BANK,3740,0.02,CFG TRADER,QUOTIDIENNE,FGP,ACTIONS,,-,-,CFG BANK,8,"['M.AitElBied@cfgbank.com', 'y.elyakoubi@cfgbank.com', 'i.rharib@cfgbank.com', 'l.berradafathi@cfgbank.com']",26838334241.57977,"5/7, Rue Ibnou Toufail Quartier Palmier, Angle, Boulevard Zerktouni – Casablanca – Maroc",,,,CFG GESTION,+212 522 250 050,"['asfim@asfim.ma', 'r.elhonsali@asfim.ma', 'o.chekroun@cfgbank.com', 'A.Wadifi@cfgbank.com', 'M.AitElBied@cfgbank.com', 'W.AMRANIJOUTEI@cfgbank.com']",,Monsieur,Monsieur,Walid AMRANI JOUTEI,Directeur Général,CASABLANCA,000084699000096
315,,,2013-10-09,0.005,0.005,CAPITALISANT,MA0000037517,FCP,CFG GESTION; CFG BANK,3751,0.004,CFG TRESOCORP,QUOTIDIENNE,FGP,MONÉTAIRE,,CFG BONDS MONETAIRE,[0  0.5[,CFG BANK,8,"['M.AitElBied@cfgbank.com', 'y.elyakoubi@cfgbank.com', 'i.rharib@cfgbank.com', 'l.berradafathi@cfgbank.com']",26838334241.57977,"5/7, Rue Ibnou Toufail Quartier Palmier, Angle, Boulevard Zerktouni – Casablanca – Maroc",,,,CFG GESTION,+212 522 250 050,"['asfim@asfim.ma', 'r.elhonsali@asfim.ma', 'o.chekroun@cfgbank.com', 'A.Wadifi@cfgbank.com', 'M.AitElBied@cfgbank.com', 'W.AMRANIJOUTEI@cfgbank.com']",,Monsieur,Monsieur,Walid AMRANI JOUTEI,Directeur Général,CASABLANCA,000084699000096
284,,,2001-07-31,0.003,0.003,CAPITALISANT,MA0000035784,FCP,CFG GESTION; CFG BANK,3578,0.02,CFG VALEURS,QUOTIDIENNE,FGP,ACTIONS,,CFG 25 FLOTTANT,-,CFG BANK,8,"['M.AitElBied@cfgbank.com', 'y.elyakoubi@cfgbank.com', 'i.rharib@cfgbank.com', 'l.berradafathi@cfgbank.com']",26838334241.57977,"5/7, Rue Ibnou Toufail Quartier Palmier, Angle, Boulevard Zerktouni – Casablanca – Maroc",,,,CFG GESTION,+212 522 250 050,"['asfim@asfim.ma', 'r.elhonsali@asfim.ma', 'o.chekroun@cfgbank.com', 'A.Wadifi@cfgbank.com', 'M.AitElBied@cfgbank.com', 'W.AMRANIJOUTEI@cfgbank.com']",,Monsieur,Monsieur,Walid AMRANI JOUTEI,Directeur Général,CASABLANCA,000084699000096
231,,,2009-06-05,0.03,0.015,CAPITALISANT,MA0000042426,FCP,CIH CAPITAL MANAGEMENT,4242,0.02,CIH ACTIONS,HEBDOMADAIRE,FGP,ACTIONS,,MASI,-,CIH BANK,5,"['fadoua.elaomari@cihbank.ma', 'nabil.ouagrani@cihbank.ma', 'ismail.halhoul@cihbank.ma', 'abdelilah.sadki@cihbank.ma', 'Khadija.ElGhadbane@cihbank.ma']",25718258906.03,"25 Bd Massira El Khadra, 2ème étage Casablanca",,fadoua.elomari@bnpparibas.com,,CIH CAPITAL MANAGEMENT,0522 92 69 00,"['asfim@asfim.ma', 'r.elhonsali@asfim.ma', 'Fadoua.Elaomari@cihbank.ma', 'Khadija.ElGhadbane@cihbank.ma', 'mohammed.lamrini@cihbank.ma']",,Monsieur,Monsieur,Mohammed LAMRINI,Directeur Général,CASABLANCA,001536529000035
230,,,2009-06-05,0.03,0.015,CAPITALISANT,MA0000042434,FCP,CIH,4243,0.02,CIH CASH,QUOTIDIENNE,FGP,MONÉTAIRE,,80% MBI CT + 20% TMP,"[0  0,5[",CIH BANK,5,"['fadoua.elaomari@cihbank.ma', 'nabil.ouagrani@cihbank.ma', 'ismail.halhoul@cihbank.ma', 'abdelilah.sadki@cihbank.ma', 'Khadija.ElGhadbane@cihbank.ma']",25718258906.03,"25 Bd Massira El Khadra, 2ème étage Casablanca",,fadoua.elomari@bnpparibas.com,,CIH CAPITAL MANAGEMENT,0522 92 69 00,"['asfim@asfim.ma', 'r.elhonsali@asfim.ma', 'Fadoua.Elaomari@cihbank.ma', 'Khadija.ElGhadbane@cihbank.ma', 'mohammed.lamrini@cihbank.ma']",,Monsieur,Monsieur,Mohammed LAMRINI,Directeur Général,CASABLANCA,001536529000035
229,,,2009-06-05,0.03,0.015,CAPITALISANT,MA0000042442,FCP,CIH CAPITAL MANAGEMENT,4244,0.02,CIH EPARGNE,HEBDOMADAIRE,FGP,DIVERSIFIÉ,,60 % MBI GLOBAL + 40% MASI,-,CIH BANK,5,"['fadoua.elaomari@cihbank.ma', 'nabil.ouagrani@cihbank.ma', 'ismail.halhoul@cihbank.ma', 'abdelilah.sadki@cihbank.ma', 'Khadija.ElGhadbane@cihbank.ma']",25718258906.03,"25 Bd Massira El Khadra, 2ème étage Casablanca",,fadoua.elomari@bnpparibas.com,,CIH CAPITAL MANAGEMENT,0522 92 69 00,"['asfim@asfim.ma', 'r.elhonsali@asfim.ma', 'Fadoua.Elaomari@cihbank.ma', 'Khadija.ElGhadbane@cihbank.ma', 'mohammed.lamrini@cihbank.ma']",,Monsieur,Monsieur,Mohammed LAMRINI,Directeur Général,CASABLANCA,001536529000035
228,,,2009-06-05,0.03,0.015,CAPITALISANT,MA0000042459,FCP,CIH,4245,0.02,CIH MONETAIRE PLUS,QUOTIDIENNE,FGP,OCT,,80% MBI CT +20 MBI MT,"[0,5  1,1[",CIH BANK,5,"['fadoua.elaomari@cihbank.ma', 'nabil.ouagrani@cihbank.ma', 'ismail.halhoul@cihbank.ma', 'abdelilah.sadki@cihbank.ma', 'Khadija.ElGhadbane@cihbank.ma']",25718258906.03,"25 Bd Massira El Khadra, 2ème étage Casablanca",,fadoua.elomari@bnpparibas.com,,CIH CAPITAL MANAGEMENT,0522 92 69 00,"['asfim@asfim.ma', 'r.elhonsali@asfim.ma', 'Fadoua.Elaomari@cihbank.ma', 'Khadija.ElGhadbane@cihbank.ma', 'mohammed.lamrini@cihbank.ma']",,Monsieur,Monsieur,Mohammed LAMRINI,Directeur Général,CASABLANCA,001536529000035
227,,,2009-06-05,0.03,0.015,CAPITALISANT,MA0000042467,FCP,CIH,4246,0.02,CIH OBLIGATIONS,HEBDOMADAIRE,FGP,OMLT,,MBI GLOBAL,[3  7[,CIH BANK,5,"['fadoua.elaomari@cihbank.ma', 'nabil.ouagrani@cihbank.ma', 'ismail.halhoul@cihbank.ma', 'abdelilah.sadki@cihbank.ma', 'Khadija.ElGhadbane@cihbank.ma']",25718258906.03,"25 Bd Massira El Khadra, 2ème étage Casablanca",,fadoua.elomari@bnpparibas.com,,CIH CAPITAL MANAGEMENT,0522 92 69 00,"['asfim@asfim.ma', 'r.elhonsali@asfim.ma', 'Fadoua.Elaomari@cihbank.ma', 'Khadija.ElGhadbane@cihbank.ma', 'mohammed.lamrini@cihbank.ma']",,Monsieur,Monsieur,Mohammed LAMRINI,Directeur Général,CASABLANCA,001536529000035
226,,,2009-06-05,0.03,0.015,CAPITALISANT,MA0000042475,FCP,CIH CAPITAL MANAGEMENT,4247,0.02,CIH PATRIMOINE,HEBDOMADAIRE,FGP,DIVERSIFIÉ,,80% MBI GLOBAL + 20% MASI,-,CIH BANK,5,"['fadoua.elaomari@cihbank.ma', 'nabil.ouagrani@cihbank.ma', 'ismail.halhoul@cihbank.ma', 'abdelilah.sadki@cihbank.ma', 'Khadija.ElGhadbane@cihbank.ma']",25718258906.03,"25 Bd Massira El Khadra, 2ème étage Casablanca",,fadoua.elomari@bnpparibas.com,,CIH CAPITAL MANAGEMENT,0522 92 69 00,"['asfim@asfim.ma', 'r.elhonsali@asfim.ma', 'Fadoua.Elaomari@cihbank.ma', 'Khadija.ElGhadbane@cihbank.ma', 'mohammed.lamrini@cihbank.ma']",,Monsieur,Monsieur,Mohammed LAMRINI,Directeur Général,CASABLANCA,001536529000035
225,,,2009-06-05,0.03,0.015,CAPITALISANT,MA0000042483,FCP,CIH,4248,0.02,CIH TRESORERIE,QUOTIDIENNE,FGP,MONÉTAIRE,,50% MBI CT + 50% TMP,"[0  0,5[",CIH BANK,5,"['fadoua.elaomari@cihbank.ma', 'nabil.ouagrani@cihbank.ma', 'ismail.halhoul@cihbank.ma', 'abdelilah.sadki@cihbank.ma', 'Khadija.ElGhadbane@cihbank.ma']",25718258906.03,"25 Bd Massira El Khadra, 2ème étage Casablanca",,fadoua.elomari@bnpparibas.com,,CIH CAPITAL MANAGEMENT,0522 92 69 00,"['asfim@asfim.ma', 'r.elhonsali@asfim.ma', 'Fadoua.Elaomari@cihbank.ma', 'Khadija.ElGhadbane@cihbank.ma', 'mohammed.lamrini@cihbank.ma']",,Monsieur,Monsieur,Mohammed LAMRINI,Directeur Général,CASABLANCA,001536529000035
327,,,2004-01-02,0.03,0.015,CAPITALISANT,MA0000030637,SICAV,WAFA GESTION,3063,0.02,CIMR AJIAL,HEBDOMADAIRE,FNPP,OMLT,INSTITUTIONNELS,80% MBI MLT + 20% MBI LT,"[5,5  9,5[",BANK OF AFRICA,16,"['mohamed.berrada1@attijariwafa.com', 'h.nokra@attijariwafa.com', 'g.mrini@attijariwafa.com', 'n.ouhatta@attijariwafa.com']",192315700959.16,"416, rue Mustapha EL Maani – Casablanca – Maroc",,,,WAFA GESTION,+212 522 453 838,"['asfim@asfim.ma', 'r.elhonsali@asfim.ma', 'k.bensouda@attijariwafa.com', 'n.ouhatta@attijariwafa.com', 'mohamed.berrada1@attijariwafa.com', 'R.Hilali@attijariwafa.com']",,Monsieur,Monsieur,Reda HILALI,Directeur Général,CASABLANCA,001698382000048
156,,,2006-01-06,0.0,0.0,CAPITALISANT,MA0000030561,SICAV,UPLINE CAPITAL MANAGEMENT,3056,0.02,CIMR ATTADAMOUN,HEBDOMADAIRE,FNPP,OMLT,,100% MBI MLT,"]1,1  10]",CDM,14,"['amine.boumehraz@uplinegroup.ma', 'nawfal.alami@uplinegroup.ma', 'zainab.lyassaa@uplinegroup.ma', 'sophia.hachki@uplinegroup.ma', 'ysadik@uplinegroup.ma', 'intissar.elhrissi@uplinegroup.ma']",104991562414.11,"101, Bvd Mohamed Zerktouni, Casablanca",,,,UPLINE CAPITAL MANAGEMENT,+212 522 954 960,"['asfim@asfim.ma', 'r.elhonsali@asfim.ma', 'Mohammed.Echaaly@uplinegroup.ma', 'amine.boumehraz@uplinegroup.ma', 'ycharafeeddine@cpm.co.ma']",,Monsieur,Monsieur,Youssef CHARAFE-EDDINE,Directeur Général,CASABLANCA,001553236000093
380,,,2004-02-20,0.03,0.015,CAPITALISANT,MA0000041279,FCP,WAFA GESTION,4127,0.02,CIMR CASH DYNAMIQUE,QUOTIDIENNE,FNPP,MONÉTAIRE,INSTITUTIONNELS,TMP,"> 0,5",ATTIJARIWAFA BANK,16,"['mohamed.berrada1@attijariwafa.com', 'h.nokra@attijariwafa.com', 'g.mrini@attijariwafa.com', 'n.ouhatta@attijariwafa.com']",192315700959.16,"416, rue Mustapha EL Maani – Casablanca – Maroc",,,,WAFA GESTION,+212 522 453 838,"['asfim@asfim.ma', 'r.elhonsali@asfim.ma', 'k.bensouda@attijariwafa.com', 'n.ouhatta@attijariwafa.com', 'mohamed.berrada1@attijariwafa.com', 'R.Hilali@attijariwafa.com']",,Monsieur,Monsieur,Reda HILALI,Directeur Général,CASABLANCA,001698382000048
281,,,2014-07-09,0.0,0.0,CAPITALISANT,MA0000037566,FCP,CIH CAPITAL MANAGEMENT,3756,0.02,CIMR MONETAIRE,QUOTIDIENNE,FNPP,MONÉTAIRE,INSTITUTIONNELS,TMI(jj),"[0  0,5]",BMCI,5,"['fadoua.elaomari@cihbank.ma', 'nabil.ouagrani@cihbank.ma', 'ismail.halhoul@cihbank.ma', 'abdelilah.sadki@cihbank.ma', 'Khadija.ElGhadbane@cihbank.ma']",25718258906.03,"25 Bd Massira El Khadra, 2ème étage Casablanca",,fadoua.elomari@bnpparibas.com,,CIH CAPITAL MANAGEMENT,0522 92 69 00,"['asfim@asfim.ma', 'r.elhonsali@asfim.ma', 'Fadoua.Elaomari@cihbank.ma', 'Khadija.ElGhadbane@cihbank.ma', 'mohammed.lamrini@cihbank.ma']",,Monsieur,Monsieur,Mohammed LAMRINI,Directeur Général,CASABLANCA,001536529000035
141,,,2013-11-21,0.0,0.0,CAPITALISANT,MA0000037558,FCP,UPLINE CAPITAL MANAGEMENT,3755,0.02,CIMR MONETAIRE PLUS,QUOTIDIENNE,FNPP,OCT,,MBI CT,]0.5 1.1],BCP,14,"['amine.boumehraz@uplinegroup.ma', 'nawfal.alami@uplinegroup.ma', 'zainab.lyassaa@uplinegroup.ma', 'sophia.hachki@uplinegroup.ma', 'ysadik@uplinegroup.ma', 'intissar.elhrissi@uplinegroup.ma']",104991562414.11,"101, Bvd Mohamed Zerktouni, Casablanca",,,,UPLINE CAPITAL MANAGEMENT,+212 522 954 960,"['asfim@asfim.ma', 'r.elhonsali@asfim.ma', 'Mohammed.Echaaly@uplinegroup.ma', 'amine.boumehraz@uplinegroup.ma', 'ycharafeeddine@cpm.co.ma']",,Monsieur,Monsieur,Youssef CHARAFE-EDDINE,Directeur Général,CASABLANCA,001553236000093
349,,,2010-03-31,0.03,0.015,CAPITALISANT,MA0000036204,FCP,WAFA GESTION,3620,0.02,CIMR MOUBADARA,HEBDOMADAIRE,FNPP,ACTIONS,INSTITUTIONNELS,MASI,-,ATTIJARIWAFA BANK,16,"['mohamed.berrada1@attijariwafa.com', 'h.nokra@attijariwafa.com', 'g.mrini@attijariwafa.com', 'n.ouhatta@attijariwafa.com']",192315700959.16,"416, rue Mustapha EL Maani – Casablanca – Maroc",,,,WAFA GESTION,+212 522 453 838,"['asfim@asfim.ma', 'r.elhonsali@asfim.ma', 'k.bensouda@attijariwafa.com', 'n.ouhatta@attijariwafa.com', 'mohamed.berrada1@attijariwafa.com', 'R.Hilali@attijariwafa.com']",,Monsieur,Monsieur,Reda HILALI,Directeur Général,CASABLANCA,001698382000048
142,,,2012-12-07,0.0,0.0,CAPITALISANT,MA0000037426,FCP,UPLINE CAPITAL MANAGEMENT,3742,0.02,CIMR PATRIMOINE,HEBDOMADAIRE,FNPP,ACTIONS,,MASI,-,BCP,14,"['amine.boumehraz@uplinegroup.ma', 'nawfal.alami@uplinegroup.ma', 'zainab.lyassaa@uplinegroup.ma', 'sophia.hachki@uplinegroup.ma', 'ysadik@uplinegroup.ma', 'intissar.elhrissi@uplinegroup.ma']",104991562414.11,"101, Bvd Mohamed Zerktouni, Casablanca",,,,UPLINE CAPITAL MANAGEMENT,+212 522 954 960,"['asfim@asfim.ma', 'r.elhonsali@asfim.ma', 'Mohammed.Echaaly@uplinegroup.ma', 'amine.boumehraz@uplinegroup.ma', 'ycharafeeddine@cpm.co.ma']",,Monsieur,Monsieur,Youssef CHARAFE-EDDINE,Directeur Général,CASABLANCA,001553236000093
336,,,1997-10-24,0.03,0.015,CAPITALISANT,MA0000030728,SICAV,WAFA GESTION,3072,0.02,CIMR PREVOYANCE,HEBDOMADAIRE,FNPP,OMLT,INSTITUTIONNELS,MBI MLT,"[1,5  10[",ATTIJARIWAFA BANK,16,"['mohamed.berrada1@attijariwafa.com', 'h.nokra@attijariwafa.com', 'g.mrini@attijariwafa.com', 'n.ouhatta@attijariwafa.com']",192315700959.16,"416, rue Mustapha EL Maani – Casablanca – Maroc",,,,WAFA GESTION,+212 522 453 838,"['asfim@asfim.ma', 'r.elhonsali@asfim.ma', 'k.bensouda@attijariwafa.com', 'n.ouhatta@attijariwafa.com', 'mohamed.berrada1@attijariwafa.com', 'R.Hilali@attijariwafa.com']",,Monsieur,Monsieur,Reda HILALI,Directeur Général,CASABLANCA,001698382000048
268,,,2000-10-13,0.0,0.0,CAPITALISANT,MA0000035537,FCP,CIH CAPITAL MANAGEMENT,3553,0.02,CIMR THARWA,HEBDOMADAIRE,FNPP,ACTIONS,INSTITUTIONNELS,MASI RN,-,BMCI,5,"['fadoua.elaomari@cihbank.ma', 'nabil.ouagrani@cihbank.ma', 'ismail.halhoul@cihbank.ma', 'abdelilah.sadki@cihbank.ma', 'Khadija.ElGhadbane@cihbank.ma']",25718258906.03,"25 Bd Massira El Khadra, 2ème étage Casablanca",,fadoua.elomari@bnpparibas.com,,CIH CAPITAL MANAGEMENT,0522 92 69 00,"['asfim@asfim.ma', 'r.elhonsali@asfim.ma', 'Fadoua.Elaomari@cihbank.ma', 'Khadija.ElGhadbane@cihbank.ma', 'mohammed.lamrini@cihbank.ma']",,Monsieur,Monsieur,Mohammed LAMRINI,Directeur Général,CASABLANCA,001536529000035
410,0,,2010-04-23,0.0,0.0,CAPITALISANT,MA0000030371,SICAV,SAHAM BANK,3037,0.02,CIMR TRESO PLUS,QUOTIDIENNE,FNPP,OCT,,MBI CT,"]0,5  1,1]",SAHAM BANK,13,"['mohammed.alami-chentoufi@sahambank.com', 'mohamed-amine.el-moudaffar@sahambank.com', 'Omar.Abzahd@sahambank.com', 'skg.sales@sahambank.com']",42713528406.17,"55, Bd Abdelmoumen 20100 – Casablanca – Maroc",,,https://fundshare.asfim.ma/media/images/Logo_SAHAM_CAPITAL_GESTION.png,SAHAM CAPITAL GESTION,+212 522 439 810,"['asfim@asfim.ma', 'r.elhonsali@asfim.ma', 'mohamed-amine.el-moudaffar@sahambank.com', 'mohammed.alami-chentoufi@sahambank.com', 'tahar.zerrari@sahambank.com']",https://www.sahamcapitalgestion.com,Monsieur,Monsieur,Tahar ZERRARI,Directeur Général,CASABLANCA,001515144000086
200,,,2005-12-09,0.03,0.015,MIXTE,MA0000042350,FCP,CDG CAPITAL GESTION,4235,0.02,CKG ACTIONS IDIKHAR,HEBDOMADAIRE,FGP,ACTIONS,,MASI,-,CDG,7,"['kejjilali@cdgcapitalgestion.ma', 'himjrane@cdgcapitalgestion.ma', 'akorait@cdgcapitalgestion.ma', 'middleoffice@cdgcapitalgestion.ma']",82930863366.85,"101, Bd Al Massira Al Khadra, 3ème étage, Casablanca – Maroc",,,,CDG CAPITAL GESTION,+212 522 923 111,"['asfim@asfim.ma', 'r.elhonsali@asfim.ma', 'relachhab@cdgcapitalgestion.ma', 'baitssi@cdgcapitalgestion.ma', 'kejjilali@cdgcapitalgestion.ma', 'mkhazraji@cdgcapitalgestion.ma']",,Monsieur,Monsieur,Rachid ELACHHAB,Directeur Général,CASABLANCA,001431541000080
556,,,2022-01-28,0.03,0.015,CAPITALISANT,MA0000039133,FCP,CDG CAPITAL GESTION,3913,0.02,CKG ISR SELECTION,HEBDOMADAIRE,FGP,ACTIONS,,ESG 10,-,CDG CAPITAL,7,"['kejjilali@cdgcapitalgestion.ma', 'himjrane@cdgcapitalgestion.ma', 'akorait@cdgcapitalgestion.ma', 'middleoffice@cdgcapitalgestion.ma']",82930863366.85,"101, Bd Al Massira Al Khadra, 3ème étage, Casablanca – Maroc",,,,CDG CAPITAL GESTION,+212 522 923 111,"['asfim@asfim.ma', 'r.elhonsali@asfim.ma', 'relachhab@cdgcapitalgestion.ma', 'baitssi@cdgcapitalgestion.ma', 'kejjilali@cdgcapitalgestion.ma', 'mkhazraji@cdgcapitalgestion.ma']",,Monsieur,Monsieur,Rachid ELACHHAB,Directeur Général,CASABLANCA,001431541000080
623,,,2025-08-19,0.0,0.0,MIXTE,MA0000039778,FCP,WAFA GESTION,3977,0.02,CMIM PERFORMANCE,QUOTIDIENNE,FNPP,OMLT,INSTITUTIONNELS,MBI MT,"]1,1   7]",ATTIJARIWAFA BANK,16,"['mohamed.berrada1@attijariwafa.com', 'h.nokra@attijariwafa.com', 'g.mrini@attijariwafa.com', 'n.ouhatta@attijariwafa.com']",192315700959.16,"416, rue Mustapha EL Maani – Casablanca – Maroc",,,,WAFA GESTION,+212 522 453 838,"['asfim@asfim.ma', 'r.elhonsali@asfim.ma', 'k.bensouda@attijariwafa.com', 'n.ouhatta@attijariwafa.com', 'mohamed.berrada1@attijariwafa.com', 'R.Hilali@attijariwafa.com']",,Monsieur,Monsieur,Reda HILALI,Directeur Général,CASABLANCA,001698382000048
539,,,2021-03-19,0.0,0.0,MIXTE,MA0000042566,FCP,CDG CAPITAL GESTION,4256,0.02,CMIM SERENITE,HEBDOMADAIRE,FNPP,OMLT,INSTITUTIONNELS,100% MBI MT,"]1,1  10,1]",CDG CAPITAL,7,"['kejjilali@cdgcapitalgestion.ma', 'himjrane@cdgcapitalgestion.ma', 'akorait@cdgcapitalgestion.ma', 'middleoffice@cdgcapitalgestion.ma']",82930863366.85,"101, Bd Al Massira Al Khadra, 3ème étage, Casablanca – Maroc",,,,CDG CAPITAL GESTION,+212 522 923 111,"['asfim@asfim.ma', 'r.elhonsali@asfim.ma', 'relachhab@cdgcapitalgestion.ma', 'baitssi@cdgcapitalgestion.ma', 'kejjilali@cdgcapitalgestion.ma', 'mkhazraji@cdgcapitalgestion.ma']",,Monsieur,Monsieur,Rachid ELACHHAB,Directeur Général,CASABLANCA,001431541000080
389,,,2012-06-28,0.03,0.015,MIXTE,MA0000037335,FCP,WAFA GESTION,3733,0.02,CMR ACTIONS,QUOTIDIENNE,FNPP,ACTIONS,INSTITUTIONNELS,MASI,-,ATTIJARIWAFA BANK,16,"['mohamed.berrada1@attijariwafa.com', 'h.nokra@attijariwafa.com', 'g.mrini@attijariwafa.com', 'n.ouhatta@attijariwafa.com']",192315700959.16,"416, rue Mustapha EL Maani – Casablanca – Maroc",,,,WAFA GESTION,+212 522 453 838,"['asfim@asfim.ma', 'r.elhonsali@asfim.ma', 'k.bensouda@attijariwafa.com', 'n.ouhatta@attijariwafa.com', 'mohamed.berrada1@attijariwafa.com', 'R.Hilali@attijariwafa.com']",,Monsieur,Monsieur,Reda HILALI,Directeur Général,CASABLANCA,001698382000048
237,,,2012-04-13,0.03,0.015,CAPITALISANT,MA0000041113,FCP,CDG CAPITAL GESTION,4111,0.02,CMR ASHOUM,QUOTIDIENNE,FNPP,ACTIONS,,MASI,-,CDG CAPITAL,7,"['kejjilali@cdgcapitalgestion.ma', 'himjrane@cdgcapitalgestion.ma', 'akorait@cdgcapitalgestion.ma', 'middleoffice@cdgcapitalgestion.ma']",82930863366.85,"101, Bd Al Massira Al Khadra, 3ème étage, Casablanca – Maroc",,,,CDG CAPITAL GESTION,+212 522 923 111,"['asfim@asfim.ma', 'r.elhonsali@asfim.ma', 'relachhab@cdgcapitalgestion.ma', 'baitssi@cdgcapitalgestion.ma', 'kejjilali@cdgcapitalgestion.ma', 'mkhazraji@cdgcapitalgestion.ma']",,Monsieur,Monsieur,Rachid ELACHHAB,Directeur Général,CASABLANCA,001431541000080
140,,,2014-10-17,0.0,0.0,CAPITALISANT,MA0000037574,FCP,UPLINE CAPITAL MANAGEMENT,3757,0.02,CMR BONDS,HEBDOMADAIRE,FNPP,OMLT,,100% MBI MT + 25 pbs,"]1,1  10]",BCP,14,"['amine.boumehraz@uplinegroup.ma', 'nawfal.alami@uplinegroup.ma', 'zainab.lyassaa@uplinegroup.ma', 'sophia.hachki@uplinegroup.ma', 'ysadik@uplinegroup.ma', 'intissar.elhrissi@uplinegroup.ma']",104991562414.11,"101, Bvd Mohamed Zerktouni, Casablanca",,,,UPLINE CAPITAL MANAGEMENT,+212 522 954 960,"['asfim@asfim.ma', 'r.elhonsali@asfim.ma', 'Mohammed.Echaaly@uplinegroup.ma', 'amine.boumehraz@uplinegroup.ma', 'ycharafeeddine@cpm.co.ma']",,Monsieur,Monsieur,Youssef CHARAFE-EDDINE,Directeur Général,CASABLANCA,001553236000093
436,,,2014-10-16,0.03,0.03,CAPITALISANT,MA0000037590,FCP,SAHAM BANK,3759,0.02,CMR OBLIGATIONS,HEBDOMADAIRE,FNPP,OMLT,,100% MBI MT + 25 pbs,"]1,1 10]",SAHAM BANK,13,"['mohammed.alami-chentoufi@sahambank.com', 'mohamed-amine.el-moudaffar@sahambank.com', 'Omar.Abzahd@sahambank.com', 'skg.sales@sahambank.com']",42713528406.17,"55, Bd Abdelmoumen 20100 – Casablanca – Maroc",,,https://fundshare.asfim.ma/media/images/Logo_SAHAM_CAPITAL_GESTION.png,SAHAM CAPITAL GESTION,+212 522 439 810,"['asfim@asfim.ma', 'r.elhonsali@asfim.ma', 'mohamed-amine.el-moudaffar@sahambank.com', 'mohammed.alami-chentoufi@sahambank.com', 'tahar.zerrari@sahambank.com']",https://www.sahamcapitalgestion.com,Monsieur,Monsieur,Tahar ZERRARI,Directeur Général,CASABLANCA,001515144000086
40,,,2014-09-03,0.03,0.03,CAPITALISANT,MA0000037582,FCP,BMCE CAPITAL GESTION,3758,0.02,CMR SANADATE,HEBDOMADAIRE,FNPP,OMLT,,50% MBI MT + 50% MBI MLT + 25pbs,"]1,1 10]",BANK OF AFRICA,4,"['f.eljaouhari@bmcek.co.ma', 'a.elyoussefi@bmcek.co.ma', 's.larhbali@bmcek.co.ma', 'a.benkirane@bmcek.co.ma', 'z.elandaloussi@bmcek.co.ma']",104927601110.3,"63, Boulevard Moulay Youssef, 20070 Casablanca – Maroc",,,,BMCE CAPITAL GESTION,+212 520 364 300,"['asfim@asfim.ma', 'r.elhonsali@asfim.ma', 'a.elyoussefi@bmcek.co.ma', 'f.eljaouhari@bmcek.co.ma', 'a.alami@bmcek.co.ma']",,Monsieur,Monsieur,Ahmed ALAMI HASSANI,Directeur Général,CASABLANCA,001534150000054
195,,,2003-05-30,0.0,0.0,MIXTE,MA0000040008,FCP,CDG CAPITAL GESTION,4000,0.02,CNIA ASSURE,HEBDOMADAIRE,FNPP,OMLT,,MBI MLT,[4  8[,CDG CAPITAL,7,"['kejjilali@cdgcapitalgestion.ma', 'himjrane@cdgcapitalgestion.ma', 'akorait@cdgcapitalgestion.ma', 'middleoffice@cdgcapitalgestion.ma']",82930863366.85,"101, Bd Al Massira Al Khadra, 3ème étage, Casablanca – Maroc",,,,CDG CAPITAL GESTION,+212 522 923 111,"['asfim@asfim.ma', 'r.elhonsali@asfim.ma', 'relachhab@cdgcapitalgestion.ma', 'baitssi@cdgcapitalgestion.ma', 'kejjilali@cdgcapitalgestion.ma', 'mkhazraji@cdgcapitalgestion.ma']",,Monsieur,Monsieur,Rachid ELACHHAB,Directeur Général,CASABLANCA,001431541000080
217,,,2007-11-23,0.03,0.015,MIXTE,MA0000040701,FCP,CDG CAPITAL GESTION,4070,0.02,CNIA AVENIR,HEBDOMADAIRE,FNPP,DIVERSIFIÉ,,50% MBI GLOBAL + 50% MASI,-,CDG CAPITAL,7,"['kejjilali@cdgcapitalgestion.ma', 'himjrane@cdgcapitalgestion.ma', 'akorait@cdgcapitalgestion.ma', 'middleoffice@cdgcapitalgestion.ma']",82930863366.85,"101, Bd Al Massira Al Khadra, 3ème étage, Casablanca – Maroc",,,,CDG CAPITAL GESTION,+212 522 923 111,"['asfim@asfim.ma', 'r.elhonsali@asfim.ma', 'relachhab@cdgcapitalgestion.ma', 'baitssi@cdgcapitalgestion.ma', 'kejjilali@cdgcapitalgestion.ma', 'mkhazraji@cdgcapitalgestion.ma']",,Monsieur,Monsieur,Rachid ELACHHAB,Directeur Général,CASABLANCA,001431541000080
501,,,2020-07-10,0.0,0.0,CAPITALISANT,MA0000038622,FCP,CAPITAL TRUST GESTION,3862,0.02,CT SECUR RENDEMENT,HEBDOMADAIRE,FNPP,OMLT,INSTITUTIONNELS,MBI GLOBAL,"]1,1    7]",CDG,6,"['k.ettiji@capitaltrust.ma', 'n.dighali@capitaltrust.ma', 'a.alami@capitaltrust.ma', 'm.lazrak@capitaltrust.ma']",22004899076.65,"Immeuble D, Les jardins d'anfa, Boulevard main street, Axe Métropolitain 2, Place financière, Quartier Casa Finance City, Casablanca",,,,CAPITAL TRUST GESTION,+212 522 466 350,"['asfim@asfim.ma', 'r.elhonsali@asfim.ma', 'k.ettiji@capitaltrust.ma', 'y.fichtali@capitaltrust.ma']",,Monsieur,Monsieur,Yahya FICHTALI,Directeur Général Délégué,CASABLANCA,000082206000089
524,,,2021-03-15,0.03,0.015,CAPITALISANT,MA0000038820,FCP,CDG Capital Gestion,3882,0.02,DAILY EQUITY FUND,QUOTIDIENNE,FGP,ACTIONS,,100% MASI RB,-,CDG CAPITAL,7,"['kejjilali@cdgcapitalgestion.ma', 'himjrane@cdgcapitalgestion.ma', 'akorait@cdgcapitalgestion.ma', 'middleoffice@cdgcapitalgestion.ma']",82930863366.85,"101, Bd Al Massira Al Khadra, 3ème étage, Casablanca – Maroc",,,,CDG CAPITAL GESTION,+212 522 923 111,"['asfim@asfim.ma', 'r.elhonsali@asfim.ma', 'relachhab@cdgcapitalgestion.ma', 'baitssi@cdgcapitalgestion.ma', 'kejjilali@cdgcapitalgestion.ma', 'mkhazraji@cdgcapitalgestion.ma']",,Monsieur,Monsieur,Rachid ELACHHAB,Directeur Général,CASABLANCA,001431541000080
235,,,2011-07-08,0.03,0.015,MIXTE,MA0000041030,FCP,CDG CAPITAL GESTION,4103,0.02,DAR AD-DAMANE FUND,HEBDOMADAIRE,FNPP,OMLT,,MBI GLOBAL,[3  7[,BCP,7,"['kejjilali@cdgcapitalgestion.ma', 'himjrane@cdgcapitalgestion.ma', 'akorait@cdgcapitalgestion.ma', 'middleoffice@cdgcapitalgestion.ma']",82930863366.85,"101, Bd Al Massira Al Khadra, 3ème étage, Casablanca – Maroc",,,,CDG CAPITAL GESTION,+212 522 923 111,"['asfim@asfim.ma', 'r.elhonsali@asfim.ma', 'relachhab@cdgcapitalgestion.ma', 'baitssi@cdgcapitalgestion.ma', 'kejjilali@cdgcapitalgestion.ma', 'mkhazraji@cdgcapitalgestion.ma']",,Monsieur,Monsieur,Rachid ELACHHAB,Directeur Général,CASABLANCA,001431541000080
116,,,2001-01-05,0.0,0.0,CAPITALISANT,MA0000036287,FCP,VALORIS MANAGEMENT,3628,0.008,EMERGENCE BOND FUND,QUOTIDIENNE,FGP,OCT,,MBI CT,]0.5  1.1],BANK OF AFRICA,15,"['w.rhazoui@valoris.ma', 'a.elmahboub@valoris.ma', 'k.laoued@valoris.ma', 's.garrag@valoris.ma']",63671205418.82,"Angle Route El Jadida et Rue Aboudabi, Oasis Casablanca.",,,,VALORIS MANAGEMENT,+212 522 239 760,"['asfim@asfim.ma', 'r.elhonsali@asfim.ma', 'i.berrahou@valoris.ma', 'w.rhazoui@capitalgestiongroup.com', 'm.hassani@valoris.ma']",,Monsieur,Monsieur,Mostafa HASSANI,Directeur Général,CASABLANCA,001540868000058
113,,,2007-04-06,0.03,0.015,CAPITALISANT,MA0000036436,FCP,VALORIS MANAGEMENT,3643,0.005,EMERGENCE CAPITAL,HEBDOMADAIRE,FGP,OMLT,,MBI GLOBAL,"[1,1  5,1[",BANK OF AFRICA,15,"['w.rhazoui@valoris.ma', 'a.elmahboub@valoris.ma', 'k.laoued@valoris.ma', 's.garrag@valoris.ma']",63671205418.82,"Angle Route El Jadida et Rue Aboudabi, Oasis Casablanca.",,,,VALORIS MANAGEMENT,+212 522 239 760,"['asfim@asfim.ma', 'r.elhonsali@asfim.ma', 'i.berrahou@valoris.ma', 'w.rhazoui@capitalgestiongroup.com', 'm.hassani@valoris.ma']",,Monsieur,Monsieur,Mostafa HASSANI,Directeur Général,CASABLANCA,001540868000058
110,,,2007-10-02,0.03,0.015,CAPITALISANT,MA0000036634,FCP,VALORIS MANAGEMENT,3663,0.017,EMERGENCE CROISSANCE,HEBDOMADAIRE,FGP,DIVERSIFIÉ,,70% MBI GLOBAL + 30% MASI,-,BANK OF AFRICA,15,"['w.rhazoui@valoris.ma', 'a.elmahboub@valoris.ma', 'k.laoued@valoris.ma', 's.garrag@valoris.ma']",63671205418.82,"Angle Route El Jadida et Rue Aboudabi, Oasis Casablanca.",,,,VALORIS MANAGEMENT,+212 522 239 760,"['asfim@asfim.ma', 'r.elhonsali@asfim.ma', 'i.berrahou@valoris.ma', 'w.rhazoui@capitalgestiongroup.com', 'm.hassani@valoris.ma']",,Monsieur,Monsieur,Mostafa HASSANI,Directeur Général,CASABLANCA,001540868000058
114,,,2007-04-06,0.03,0.015,CAPITALISANT,MA0000042202,FCP,"VALORIS MANAGEMENT,VALORIS GROUP",4220,0.02,EMERGENCE ÉQUILIBRE,QUOTIDIENNE,FGP,DIVERSIFIÉ,,80% MBI Global + 20% MASI,-,BANK OF AFRICA,15,"['w.rhazoui@valoris.ma', 'a.elmahboub@valoris.ma', 'k.laoued@valoris.ma', 's.garrag@valoris.ma']",63671205418.82,"Angle Route El Jadida et Rue Aboudabi, Oasis Casablanca.",,,,VALORIS MANAGEMENT,+212 522 239 760,"['asfim@asfim.ma', 'r.elhonsali@asfim.ma', 'i.berrahou@valoris.ma', 'w.rhazoui@capitalgestiongroup.com', 'm.hassani@valoris.ma']",,Monsieur,Monsieur,Mostafa HASSANI,Directeur Général,CASABLANCA,001540868000058
317,,,2001-01-05,0.03,0.015,CAPITALISANT,MA0000042160,FCP,VALORIS MANAGEMENT;VALORIS GROUP,4216,0.02,EMERGENCE EQUITY FUND,QUOTIDIENNE,FGP,ACTIONS,,MASI,-,BANK OF AFRICA,15,"['w.rhazoui@valoris.ma', 'a.elmahboub@valoris.ma', 'k.laoued@valoris.ma', 's.garrag@valoris.ma']",63671205418.82,"Angle Route El Jadida et Rue Aboudabi, Oasis Casablanca.",,,,VALORIS MANAGEMENT,+212 522 239 760,"['asfim@asfim.ma', 'r.elhonsali@asfim.ma', 'i.berrahou@valoris.ma', 'w.rhazoui@capitalgestiongroup.com', 'm.hassani@valoris.ma']",,Monsieur,Monsieur,Mostafa HASSANI,Directeur Général,CASABLANCA,001540868000058
117,,,2000-11-30,0.03,0.015,CAPITALISANT,MA0000035990,FCP,VALORIS MANAGEMENT,3599,0.013000000000000001,EMERGENCE FUND,HEBDOMADAIRE,FGP,OMLT,,MBI GLOBAL,"]1,1  5,1[",ATTIJARIWAFA BANK,15,"['w.rhazoui@valoris.ma', 'a.elmahboub@valoris.ma', 'k.laoued@valoris.ma', 's.garrag@valoris.ma']",63671205418.82,"Angle Route El Jadida et Rue Aboudabi, Oasis Casablanca.",,,,VALORIS MANAGEMENT,+212 522 239 760,"['asfim@asfim.ma', 'r.elhonsali@asfim.ma', 'i.berrahou@valoris.ma', 'w.rhazoui@capitalgestiongroup.com', 'm.hassani@valoris.ma']",,Monsieur,Monsieur,Mostafa HASSANI,Directeur Général,CASABLANCA,001540868000058
103,,,2015-07-13,0.0,0.0,CAPITALISANT,MA0000042178,FCP,VALORIS MANAGEMENT;CAPITAL GESTION GROUP,4217,0.02,EMERGENCE MONÉTAIRE,QUOTIDIENNE,FGP,MONÉTAIRE,,TMP au jour le jour,"]0  0,5]",BANK OF AFRICA,15,"['w.rhazoui@valoris.ma', 'a.elmahboub@valoris.ma', 'k.laoued@valoris.ma', 's.garrag@valoris.ma']",63671205418.82,"Angle Route El Jadida et Rue Aboudabi, Oasis Casablanca.",,,,VALORIS MANAGEMENT,+212 522 239 760,"['asfim@asfim.ma', 'r.elhonsali@asfim.ma', 'i.berrahou@valoris.ma', 'w.rhazoui@capitalgestiongroup.com', 'm.hassani@valoris.ma']",,Monsieur,Monsieur,Mostafa HASSANI,Directeur Général,CASABLANCA,001540868000058
118,,,2001-11-29,0.0,0.0,CAPITALISANT,MA0000035974,FCP,VALORIS MANAGEMENT,3597,0.006500000000000001,EMERGENCE MONEY MARKET FUND,QUOTIDIENNE,FGP,MONÉTAIRE,,MBI CT,"[0  0,5[",BANK OF AFRICA,15,"['w.rhazoui@valoris.ma', 'a.elmahboub@valoris.ma', 'k.laoued@valoris.ma', 's.garrag@valoris.ma']",63671205418.82,"Angle Route El Jadida et Rue Aboudabi, Oasis Casablanca.",,,,VALORIS MANAGEMENT,+212 522 239 760,"['asfim@asfim.ma', 'r.elhonsali@asfim.ma', 'i.berrahou@valoris.ma', 'w.rhazoui@capitalgestiongroup.com', 'm.hassani@valoris.ma']",,Monsieur,Monsieur,Mostafa HASSANI,Directeur Général,CASABLANCA,001540868000058
109,,,2010-12-31,0.03,0.015,CAPITALISANT,MA0000037178,FCP,VALORIS MANAGEMENT,3717,0.02,EMERGENCE OBLIGATIONS,HEBDOMADAIRE,FNPP,OMLT,,MBI GLOBAL,[3  7[,ATTIJARIWAFA BANK,15,"['w.rhazoui@valoris.ma', 'a.elmahboub@valoris.ma', 'k.laoued@valoris.ma', 's.garrag@valoris.ma']",63671205418.82,"Angle Route El Jadida et Rue Aboudabi, Oasis Casablanca.",,,,VALORIS MANAGEMENT,+212 522 239 760,"['asfim@asfim.ma', 'r.elhonsali@asfim.ma', 'i.berrahou@valoris.ma', 'w.rhazoui@capitalgestiongroup.com', 'm.hassani@valoris.ma']",,Monsieur,Monsieur,Mostafa HASSANI,Directeur Général,CASABLANCA,001540868000058
111,,,2007-10-02,0.03,0.015,CAPITALISANT,MA0000036626,FCP,VALORIS MANAGEMENT,3662,0.017,EMERGENCE PERFORMANCE,HEBDOMADAIRE,FGP,ACTIONS,,MASI,-,BANK OF AFRICA,15,"['w.rhazoui@valoris.ma', 'a.elmahboub@valoris.ma', 'k.laoued@valoris.ma', 's.garrag@valoris.ma']",63671205418.82,"Angle Route El Jadida et Rue Aboudabi, Oasis Casablanca.",,,,VALORIS MANAGEMENT,+212 522 239 760,"['asfim@asfim.ma', 'r.elhonsali@asfim.ma', 'i.berrahou@valoris.ma', 'w.rhazoui@capitalgestiongroup.com', 'm.hassani@valoris.ma']",,Monsieur,Monsieur,Mostafa HASSANI,Directeur Général,CASABLANCA,001540868000058
105,,,2015-07-13,0.03,0.015,CAPITALISANT,MA0000042186,FCP,VALORIS MANAGEMENT;VALORIS GROUP,4218,0.02,EMERGENCE RENDEMENT BANQUES,QUOTIDIENNE,FGP,OMLT,,50 % MBI MT + 50% MBI MLT,"]1,1  5,1]",BANK OF AFRICA,15,"['w.rhazoui@valoris.ma', 'a.elmahboub@valoris.ma', 'k.laoued@valoris.ma', 's.garrag@valoris.ma']",63671205418.82,"Angle Route El Jadida et Rue Aboudabi, Oasis Casablanca.",,,,VALORIS MANAGEMENT,+212 522 239 760,"['asfim@asfim.ma', 'r.elhonsali@asfim.ma', 'i.berrahou@valoris.ma', 'w.rhazoui@capitalgestiongroup.com', 'm.hassani@valoris.ma']",,Monsieur,Monsieur,Mostafa HASSANI,Directeur Général,CASABLANCA,001540868000058
515,,,2020-12-18,0.03,0.01,CAPITALISANT,MA0000042210,FCP,"VALORIS MANAGEMENT,VALORIS GROUP",4221,0.02,EMERGENCE RENDEMENT PLUS,QUOTIDIENNE,FGP,OMLT,,50% MBI MT + 50% MBI MLT,(3  7),BANK OF AFRICA,15,"['w.rhazoui@valoris.ma', 'a.elmahboub@valoris.ma', 'k.laoued@valoris.ma', 's.garrag@valoris.ma']",63671205418.82,"Angle Route El Jadida et Rue Aboudabi, Oasis Casablanca.",,,,VALORIS MANAGEMENT,+212 522 239 760,"['asfim@asfim.ma', 'r.elhonsali@asfim.ma', 'i.berrahou@valoris.ma', 'w.rhazoui@capitalgestiongroup.com', 'm.hassani@valoris.ma']",,Monsieur,Monsieur,Mostafa HASSANI,Directeur Général,CASABLANCA,001540868000058
108,,,2010-10-11,0.03,0.015,CAPITALISANT,MA0000037475,FCP,VALORIS MANAGEMENT,3747,0.02,EMERGENCE SÉRÉNITÉ,HEBDOMADAIRE,FGP,OMLT,,MBI GLOBAL,"]1,1  5,1[",CDG CAPITAL,15,"['w.rhazoui@valoris.ma', 'a.elmahboub@valoris.ma', 'k.laoued@valoris.ma', 's.garrag@valoris.ma']",63671205418.82,"Angle Route El Jadida et Rue Aboudabi, Oasis Casablanca.",,,,VALORIS MANAGEMENT,+212 522 239 760,"['asfim@asfim.ma', 'r.elhonsali@asfim.ma', 'i.berrahou@valoris.ma', 'w.rhazoui@capitalgestiongroup.com', 'm.hassani@valoris.ma']",,Monsieur,Monsieur,Mostafa HASSANI,Directeur Général,CASABLANCA,001540868000058
474,,,2019-09-10,0.03,0.03,CAPITALISANT,MA0000038432,FCP,AFRICAPITAL MANAGEMENT,3843,0.02,FCP AFRICAPITAL CASH PLUS,QUOTIDIENNE,FGP,OCT,,MBI CT,"]0,5 1,1]",BCP,2,"['w.kanas@africapital.ma', 'm.jaidi@africapital.ma', 'm.oumoulid@africapital.ma']",15206711256.91,"Capital Tower, Angle Main Street et du Boulevard Abdellah Bencherif. 17ème étage. Casablanca.",,,,AFRICAPITAL MANAGEMENT,+212 522 978 180,"['asfim@asfim.ma', 'r.elhonsali@asfim.ma', 'a.arrias@africapital.ma', 'm.najme@africapital.ma']",,Monsieur,Monsieur,Mehdi NAJME,Directeur Général,CASABLANCA,000191043000008
473,,,2019-09-10,0.03,0.03,CAPITALISANT,MA0000038424,FCP,AFRICAPITAL MANAGEMENT,3842,0.02,FCP AFRICAPITAL DIVERSIFIE,HEBDOMADAIRE,FGP,DIVERSIFIÉ,,50% MBI MLT + 50% MASI,-,ATTIJARIWAFA BANK,2,"['w.kanas@africapital.ma', 'm.jaidi@africapital.ma', 'm.oumoulid@africapital.ma']",15206711256.91,"Capital Tower, Angle Main Street et du Boulevard Abdellah Bencherif. 17ème étage. Casablanca.",,,,AFRICAPITAL MANAGEMENT,+212 522 978 180,"['asfim@asfim.ma', 'r.elhonsali@asfim.ma', 'a.arrias@africapital.ma', 'm.najme@africapital.ma']",,Monsieur,Monsieur,Mehdi NAJME,Directeur Général,CASABLANCA,000191043000008
625,,,2025-08-22,0.03,0.03,CAPITALISANT,MA0000039794,FCP,AFRICAPITAL MANAGEMENT,3979,0.02,FCP AFRICAPITAL DYNAMIQUE,HEBDOMADAIRE,FGP,DIVERSIFIÉ,,70% MBI GLOBAL + 30% MASI,-,ATTIJARIWAFA BANK,2,"['w.kanas@africapital.ma', 'm.jaidi@africapital.ma', 'm.oumoulid@africapital.ma']",15206711256.91,"Capital Tower, Angle Main Street et du Boulevard Abdellah Bencherif. 17ème étage. Casablanca.",,,,AFRICAPITAL MANAGEMENT,+212 522 978 180,"['asfim@asfim.ma', 'r.elhonsali@asfim.ma', 'a.arrias@africapital.ma', 'm.najme@africapital.ma']",,Monsieur,Monsieur,Mehdi NAJME,Directeur Général,CASABLANCA,000191043000008
613,,,2025-02-14,0.03,0.03,CAPITALISANT,MA0000039638,FCP,AFRICAPITAL MANAGEMENT,3963,0.02,FCP AFRICAPITAL RENDEMENT,QUOTIDIENNE,FGP,OMLT,,MBI GLOBAL,[2  6],BCP,2,"['w.kanas@africapital.ma', 'm.jaidi@africapital.ma', 'm.oumoulid@africapital.ma']",15206711256.91,"Capital Tower, Angle Main Street et du Boulevard Abdellah Bencherif. 17ème étage. Casablanca.",,,,AFRICAPITAL MANAGEMENT,+212 522 978 180,"['asfim@asfim.ma', 'r.elhonsali@asfim.ma', 'a.arrias@africapital.ma', 'm.najme@africapital.ma']",,Monsieur,Monsieur,Mehdi NAJME,Directeur Général,CASABLANCA,000191043000008
624,,,2025-08-22,0.03,0.03,CAPITALISANT,MA0000039786,FCP,AFRICAPITAL MANAGEMENT,3978,0.02,FCP AFRICAPITAL TRESORERIE,QUOTIDIENNE,FGP,MONÉTAIRE,,TMP Interbancaire,"[0  0,5]",ATTIJARIWAFA BANK,2,"['w.kanas@africapital.ma', 'm.jaidi@africapital.ma', 'm.oumoulid@africapital.ma']",15206711256.91,"Capital Tower, Angle Main Street et du Boulevard Abdellah Bencherif. 17ème étage. Casablanca.",,,,AFRICAPITAL MANAGEMENT,+212 522 978 180,"['asfim@asfim.ma', 'r.elhonsali@asfim.ma', 'a.arrias@africapital.ma', 'm.najme@africapital.ma']",,Monsieur,Monsieur,Mehdi NAJME,Directeur Général,CASABLANCA,000191043000008
28,,,2007-07-06,0.03,0.015,CAPITALISANT,MA0000036519,FCP,BMCE CAPITAL GESTION,3651,0.02,FCP AL IJTIMAI SECURITE,HEBDOMADAIRE,FNPP,OMLT,INSTITUTIONNELS,MBI GLOBAL,"[1,1  7[",BANK OF AFRICA,4,"['f.eljaouhari@bmcek.co.ma', 'a.elyoussefi@bmcek.co.ma', 's.larhbali@bmcek.co.ma', 'a.benkirane@bmcek.co.ma', 'z.elandaloussi@bmcek.co.ma']",104927601110.3,"63, Boulevard Moulay Youssef, 20070 Casablanca – Maroc",,,,BMCE CAPITAL GESTION,+212 520 364 300,"['asfim@asfim.ma', 'r.elhonsali@asfim.ma', 'a.elyoussefi@bmcek.co.ma', 'f.eljaouhari@bmcek.co.ma', 'a.alami@bmcek.co.ma']",,Monsieur,Monsieur,Ahmed ALAMI HASSANI,Directeur Général,CASABLANCA,001534150000054
269,,,2003-08-01,0.0,0.0,CAPITALISANT,MA0000038705,FCP,CIH CAPITAL MANAGEMENT,3870,0.02,FCP AL KHEIR,HEBDOMADAIRE,FNPP,DIVERSIFIÉ,,-,-,BMCI,5,"['fadoua.elaomari@cihbank.ma', 'nabil.ouagrani@cihbank.ma', 'ismail.halhoul@cihbank.ma', 'abdelilah.sadki@cihbank.ma', 'Khadija.ElGhadbane@cihbank.ma']",25718258906.03,"25 Bd Massira El Khadra, 2ème étage Casablanca",,fadoua.elomari@bnpparibas.com,,CIH CAPITAL MANAGEMENT,0522 92 69 00,"['asfim@asfim.ma', 'r.elhonsali@asfim.ma', 'Fadoua.Elaomari@cihbank.ma', 'Khadija.ElGhadbane@cihbank.ma', 'mohammed.lamrini@cihbank.ma']",,Monsieur,Monsieur,Mohammed LAMRINI,Directeur Général,CASABLANCA,001536529000035
387,,,2011-07-07,0.03,0.015,CAPITALISANT,MA0000037186,SICAV,WAFA GESTION,3718,0.02,FCP ALIF II,QUOTIDIENNE,FNPP,OMLT,INSTITUTIONNELS,50% MBI MLT + 50% MBI MT,"]1,1 10]",ATTIJARIWAFA BANK,16,"['mohamed.berrada1@attijariwafa.com', 'h.nokra@attijariwafa.com', 'g.mrini@attijariwafa.com', 'n.ouhatta@attijariwafa.com']",192315700959.16,"416, rue Mustapha EL Maani – Casablanca – Maroc",,,,WAFA GESTION,+212 522 453 838,"['asfim@asfim.ma', 'r.elhonsali@asfim.ma', 'k.bensouda@attijariwafa.com', 'n.ouhatta@attijariwafa.com', 'mohamed.berrada1@attijariwafa.com', 'R.Hilali@attijariwafa.com']",,Monsieur,Monsieur,Reda HILALI,Directeur Général,CASABLANCA,001698382000048
482,,,2019-09-10,0.03,0.015,CAPITALISANT,MA0000038101,FCP,VALORIS MANAGEMENT,3810,0.02,FCP ALIF IV,QUOTIDIENNE,FNPP,OMLT,,50 % MBI MT + 50% MBI MLT,"]1,1   10]",CDG CAPITAL,15,"['w.rhazoui@valoris.ma', 'a.elmahboub@valoris.ma', 'k.laoued@valoris.ma', 's.garrag@valoris.ma']",63671205418.82,"Angle Route El Jadida et Rue Aboudabi, Oasis Casablanca.",,,,VALORIS MANAGEMENT,+212 522 239 760,"['asfim@asfim.ma', 'r.elhonsali@asfim.ma', 'i.berrahou@valoris.ma', 'w.rhazoui@capitalgestiongroup.com', 'm.hassani@valoris.ma']",,Monsieur,Monsieur,Mostafa HASSANI,Directeur Général,CASABLANCA,001540868000058
517,,,2020-11-30,0.03,0.015,CAPITALISANT,MA0000041592,FCP,CDG CAPITAL GESTION,4159,0.02,FCP ALIF VI,QUOTIDIENNE,FNPP,OMLT,,50% MBI MLT + 50% MBI MT,"]1,1  10]",CDG CAPITAL,7,"['kejjilali@cdgcapitalgestion.ma', 'himjrane@cdgcapitalgestion.ma', 'akorait@cdgcapitalgestion.ma', 'middleoffice@cdgcapitalgestion.ma']",82930863366.85,"101, Bd Al Massira Al Khadra, 3ème étage, Casablanca – Maroc",,,,CDG CAPITAL GESTION,+212 522 923 111,"['asfim@asfim.ma', 'r.elhonsali@asfim.ma', 'relachhab@cdgcapitalgestion.ma', 'baitssi@cdgcapitalgestion.ma', 'kejjilali@cdgcapitalgestion.ma', 'mkhazraji@cdgcapitalgestion.ma']",,Monsieur,Monsieur,Rachid ELACHHAB,Directeur Général,CASABLANCA,001431541000080
222,,,2009-01-23,0.0,0.0,CAPITALISANT,MA0000040792,FCP,CDG CAPITAL GESTION,4079,0.02,FCP ALLOCATIONS,QUOTIDIENNE,FGP,DIVERSIFIÉ,,55% MBI Global +45% Masi RB,-,CDG CAPITAL,7,"['kejjilali@cdgcapitalgestion.ma', 'himjrane@cdgcapitalgestion.ma', 'akorait@cdgcapitalgestion.ma', 'middleoffice@cdgcapitalgestion.ma']",82930863366.85,"101, Bd Al Massira Al Khadra, 3ème étage, Casablanca – Maroc",,,,CDG CAPITAL GESTION,+212 522 923 111,"['asfim@asfim.ma', 'r.elhonsali@asfim.ma', 'relachhab@cdgcapitalgestion.ma', 'baitssi@cdgcapitalgestion.ma', 'kejjilali@cdgcapitalgestion.ma', 'mkhazraji@cdgcapitalgestion.ma']",,Monsieur,Monsieur,Rachid ELACHHAB,Directeur Général,CASABLANCA,001431541000080
632,,,2026-02-20,0.02,0.02,MIXTE,MA0000039893,FCP,RED MED ASSET MANAGEMENT; RED MED SECURITIES; RED MED CAPITAL,3989,0.02,FCP ALPHA BALANCE,QUOTIDIENNE,FGP,DIVERSIFIÉ,,60% MBI GLOBAL + 40% MASI,-,CREDIT DU MAROC,11,"['a.boughabi@redmedcapital.com', 'z.elalami@redmedcapital.com', 'y.ryouhi@redmedcapital.com', 'm.elouazzani@redmedcapital.com']",28330642035.22,"57, Rue Mehdi BENBARKA. Souissi Rabat – Maroc",,,,RED MED ASSET MANAGEMENT,+212 537 639 645,"['asfim@asfim.ma', 'r.elhonsali@asfim.ma', 'a.boughabi@redmedcapital.com', 'm.elyamani@redmedcapital.com']",,Monsieur,Monsieur,Marouane EL YAMANI,Directeur Général,RABAT,000203327000080
98,,,2016-05-25,0.01,0.01,CAPITALISANT,MA0000041394,FCP,RED MED ASSET MANAGEMENT,4139,0.01,FCP ALPHA BANQUES FUND,QUOTIDIENNE,FGP,OCT,,MBI CT,"]0,5 1,1]",BCP,11,"['a.boughabi@redmedcapital.com', 'z.elalami@redmedcapital.com', 'y.ryouhi@redmedcapital.com', 'm.elouazzani@redmedcapital.com']",28330642035.22,"57, Rue Mehdi BENBARKA. Souissi Rabat – Maroc",,,,RED MED ASSET MANAGEMENT,+212 537 639 645,"['asfim@asfim.ma', 'r.elhonsali@asfim.ma', 'a.boughabi@redmedcapital.com', 'm.elyamani@redmedcapital.com']",,Monsieur,Monsieur,Marouane EL YAMANI,Directeur Général,RABAT,000203327000080
565,,,2022-07-29,0.0,0.0,CAPITALISANT,MA0000039547,FCP,RED MED ASSET MANAGEMENT,3954,0.02,FCP ALPHA BONDS,QUOTIDIENNE,FNPP,OMLT,INSTITUTIONNELS,MBI GLOBAL,"]1,1   10]",BCP,11,"['a.boughabi@redmedcapital.com', 'z.elalami@redmedcapital.com', 'y.ryouhi@redmedcapital.com', 'm.elouazzani@redmedcapital.com']",28330642035.22,"57, Rue Mehdi BENBARKA. Souissi Rabat – Maroc",,,,RED MED ASSET MANAGEMENT,+212 537 639 645,"['asfim@asfim.ma', 'r.elhonsali@asfim.ma', 'a.boughabi@redmedcapital.com', 'm.elyamani@redmedcapital.com']",,Monsieur,Monsieur,Marouane EL YAMANI,Directeur Général,RABAT,000203327000080
101,,,2011-06-30,0.03,0.015,CAPITALISANT,MA0000041006,FCP,RED MED ASSET MANAGEMENT,4100,0.02,FCP ALPHA DYNAMIC FUND,HEBDOMADAIRE,FGP,ACTIONS,,MASI,-,CREDIT DU MAROC,11,"['a.boughabi@redmedcapital.com', 'z.elalami@redmedcapital.com', 'y.ryouhi@redmedcapital.com', 'm.elouazzani@redmedcapital.com']",28330642035.22,"57, Rue Mehdi BENBARKA. Souissi Rabat – Maroc",,,,RED MED ASSET MANAGEMENT,+212 537 639 645,"['asfim@asfim.ma', 'r.elhonsali@asfim.ma', 'a.boughabi@redmedcapital.com', 'm.elyamani@redmedcapital.com']",,Monsieur,Monsieur,Marouane EL YAMANI,Directeur Général,RABAT,000203327000080
633,,,2026-02-20,0.02,0.02,MIXTE,MA0000039901,FCP,RED MED ASSET MANAGEMENT; RED MED SECURITIES; RED MED CAPITAL,3990,0.02,FCP ALPHA EQUITY,QUOTIDIENNE,FGP,ACTIONS,,MASI,-,BCP,11,"['a.boughabi@redmedcapital.com', 'z.elalami@redmedcapital.com', 'y.ryouhi@redmedcapital.com', 'm.elouazzani@redmedcapital.com']",28330642035.22,"57, Rue Mehdi BENBARKA. Souissi Rabat – Maroc",,,,RED MED ASSET MANAGEMENT,+212 537 639 645,"['asfim@asfim.ma', 'r.elhonsali@asfim.ma', 'a.boughabi@redmedcapital.com', 'm.elyamani@redmedcapital.com']",,Monsieur,Monsieur,Marouane EL YAMANI,Directeur Général,RABAT,000203327000080
469,,,2019-08-16,0.02,0.02,CAPITALISANT,MA0000038416,FCP,RED MED ASSET MANAGEMENT,3841,0.02,FCP ALPHA GLOBAL,QUOTIDIENNE,FGP,OCT,,MBI CT,"]0,5 1,1]",BANK OF AFRICA,11,"['a.boughabi@redmedcapital.com', 'z.elalami@redmedcapital.com', 'y.ryouhi@redmedcapital.com', 'm.elouazzani@redmedcapital.com']",28330642035.22,"57, Rue Mehdi BENBARKA. Souissi Rabat – Maroc",,,,RED MED ASSET MANAGEMENT,+212 537 639 645,"['asfim@asfim.ma', 'r.elhonsali@asfim.ma', 'a.boughabi@redmedcapital.com', 'm.elyamani@redmedcapital.com']",,Monsieur,Monsieur,Marouane EL YAMANI,Directeur Général,RABAT,000203327000080
100,,,2011-06-30,0.03,0.015,CAPITALISANT,MA0000041014,FCP,RED MED ASSET MANAGEMENT,4101,0.012,FCP ALPHA INCOME FUND,HEBDOMADAIRE,FGP,OMLT,,MBI MLT,"[1,5  5,5[",CDM,11,"['a.boughabi@redmedcapital.com', 'z.elalami@redmedcapital.com', 'y.ryouhi@redmedcapital.com', 'm.elouazzani@redmedcapital.com']",28330642035.22,"57, Rue Mehdi BENBARKA. Souissi Rabat – Maroc",,,,RED MED ASSET MANAGEMENT,+212 537 639 645,"['asfim@asfim.ma', 'r.elhonsali@asfim.ma', 'a.boughabi@redmedcapital.com', 'm.elyamani@redmedcapital.com']",,Monsieur,Monsieur,Marouane EL YAMANI,Directeur Général,RABAT,000203327000080
567,,,2022-08-04,0.02,0.02,MIXTE,MA0000039737,FCP,RED MED ASSET MANAGEMENT,3973,0.02,FCP ALPHA INVEST,QUOTIDIENNE,FNPP,DIVERSIFIÉ,INSTITUTIONNELS,40% MASI RB + 60% MBI GLOBAL,-,CDG CAPITAL,11,"['a.boughabi@redmedcapital.com', 'z.elalami@redmedcapital.com', 'y.ryouhi@redmedcapital.com', 'm.elouazzani@redmedcapital.com']",28330642035.22,"57, Rue Mehdi BENBARKA. Souissi Rabat – Maroc",,,,RED MED ASSET MANAGEMENT,+212 537 639 645,"['asfim@asfim.ma', 'r.elhonsali@asfim.ma', 'a.boughabi@redmedcapital.com', 'm.elyamani@redmedcapital.com']",,Monsieur,Monsieur,Marouane EL YAMANI,Directeur Général,RABAT,000203327000080
99,,,2011-06-30,0.0,0.0,CAPITALISANT,MA0000041022,FCP,RED MED ASSET MANAGEMENT,4102,0.008,FCP ALPHA MONETAIRE,QUOTIDIENNE,FGP,MONÉTAIRE,,MBI MONETAIRE,"<0,5",CDM,11,"['a.boughabi@redmedcapital.com', 'z.elalami@redmedcapital.com', 'y.ryouhi@redmedcapital.com', 'm.elouazzani@redmedcapital.com']",28330642035.22,"57, Rue Mehdi BENBARKA. Souissi Rabat – Maroc",,,,RED MED ASSET MANAGEMENT,+212 537 639 645,"['asfim@asfim.ma', 'r.elhonsali@asfim.ma', 'a.boughabi@redmedcapital.com', 'm.elyamani@redmedcapital.com']",,Monsieur,Monsieur,Marouane EL YAMANI,Directeur Général,RABAT,000203327000080
470,,,2019-08-16,0.02,0.02,CAPITALISANT,MA0000038440,FCP,RED MED ASSET MANAGEMENT,3844,0.02,FCP ALPHA MONETAIRE PROTECTION,QUOTIDIENNE,FGP,MONÉTAIRE,,MBI MONETAIRE,"]0 0,5]",BCP,11,"['a.boughabi@redmedcapital.com', 'z.elalami@redmedcapital.com', 'y.ryouhi@redmedcapital.com', 'm.elouazzani@redmedcapital.com']",28330642035.22,"57, Rue Mehdi BENBARKA. Souissi Rabat – Maroc",,,,RED MED ASSET MANAGEMENT,+212 537 639 645,"['asfim@asfim.ma', 'r.elhonsali@asfim.ma', 'a.boughabi@redmedcapital.com', 'm.elyamani@redmedcapital.com']",,Monsieur,Monsieur,Marouane EL YAMANI,Directeur Général,RABAT,000203327000080
566,,,2022-08-04,0.0,0.0,CAPITALISANT,MA0000039653,FCP,RED MED ASSET MANAGEMENT;RED MED SECURITIES,3965,0.02,FCP ALPHA OBLIGATAIRE,QUOTIDIENNE,FNPP,OMLT,INSTITUTIONNELS,MBI GLOBAL,"]1,1   10]",BCP,11,"['a.boughabi@redmedcapital.com', 'z.elalami@redmedcapital.com', 'y.ryouhi@redmedcapital.com', 'm.elouazzani@redmedcapital.com']",28330642035.22,"57, Rue Mehdi BENBARKA. Souissi Rabat – Maroc",,,,RED MED ASSET MANAGEMENT,+212 537 639 645,"['asfim@asfim.ma', 'r.elhonsali@asfim.ma', 'a.boughabi@redmedcapital.com', 'm.elyamani@redmedcapital.com']",,Monsieur,Monsieur,Marouane EL YAMANI,Directeur Général,RABAT,000203327000080
634,,,2026-02-20,0.02,0.02,CAPITALISANT,MA0000039919,FCP,RED MED ASSET MANAGEMENT; RED MED SECURITIES; RED MED CAPITAL,3991,0.02,FCP ALPHA OPPORTUNITE,QUOTIDIENNE,FGP,OMLT,,50% MBI MLT + 50% MBI LT,[6  10],SAHAM BANK,11,"['a.boughabi@redmedcapital.com', 'z.elalami@redmedcapital.com', 'y.ryouhi@redmedcapital.com', 'm.elouazzani@redmedcapital.com']",28330642035.22,"57, Rue Mehdi BENBARKA. Souissi Rabat – Maroc",,,,RED MED ASSET MANAGEMENT,+212 537 639 645,"['asfim@asfim.ma', 'r.elhonsali@asfim.ma', 'a.boughabi@redmedcapital.com', 'm.elyamani@redmedcapital.com']",,Monsieur,Monsieur,Marouane EL YAMANI,Directeur Général,RABAT,000203327000080
468,,,2019-08-16,0.02,0.02,CAPITALISANT,MA0000038408,FCP,RED MED ASSET MANAGEMENT,3840,0.02,FCP ALPHA PERFORMANCE FUND,HEBDOMADAIRE,FGP,DIVERSIFIÉ,,70% MBI GLOBAL + 30% MASI,-,BCP,11,"['a.boughabi@redmedcapital.com', 'z.elalami@redmedcapital.com', 'y.ryouhi@redmedcapital.com', 'm.elouazzani@redmedcapital.com']",28330642035.22,"57, Rue Mehdi BENBARKA. Souissi Rabat – Maroc",,,,RED MED ASSET MANAGEMENT,+212 537 639 645,"['asfim@asfim.ma', 'r.elhonsali@asfim.ma', 'a.boughabi@redmedcapital.com', 'm.elyamani@redmedcapital.com']",,Monsieur,Monsieur,Marouane EL YAMANI,Directeur Général,RABAT,000203327000080
532,,,2021-05-28,0.0,0.0,MIXTE,MA0000038937,FCP,RED MED ASSET MANAGEMENT,3893,0.02,FCP ALPHA RENDEMENT,HEBDOMADAIRE,FNPP,OMLT,,MBI GLOBAL,]3   7],BCP,11,"['a.boughabi@redmedcapital.com', 'z.elalami@redmedcapital.com', 'y.ryouhi@redmedcapital.com', 'm.elouazzani@redmedcapital.com']",28330642035.22,"57, Rue Mehdi BENBARKA. Souissi Rabat – Maroc",,,,RED MED ASSET MANAGEMENT,+212 537 639 645,"['asfim@asfim.ma', 'r.elhonsali@asfim.ma', 'a.boughabi@redmedcapital.com', 'm.elyamani@redmedcapital.com']",,Monsieur,Monsieur,Marouane EL YAMANI,Directeur Général,RABAT,000203327000080
102,,,2015-04-08,0.02,0.02,CAPITALISANT,MA0000041261,FCP,RED MED ASSET MANAGEMENT,4126,0.02,FCP ALPHA SECURE FUND,QUOTIDIENNE,FGP,OMLT,,MBI,[2   6[,BCP,11,"['a.boughabi@redmedcapital.com', 'z.elalami@redmedcapital.com', 'y.ryouhi@redmedcapital.com', 'm.elouazzani@redmedcapital.com']",28330642035.22,"57, Rue Mehdi BENBARKA. Souissi Rabat – Maroc",,,,RED MED ASSET MANAGEMENT,+212 537 639 645,"['asfim@asfim.ma', 'r.elhonsali@asfim.ma', 'a.boughabi@redmedcapital.com', 'm.elyamani@redmedcapital.com']",,Monsieur,Monsieur,Marouane EL YAMANI,Directeur Général,RABAT,000203327000080
639,,,2026-04-15,0.0,0.0,CAPITALISANT,MA0000039992,FCP,ALPHAVEST ASSET MANAGEMENT,3999,0.02,FCP ALPHAVEST SECUR RENDEMENT,QUOTIDIENNE,FNPP,OMLT,INSTITUTIONNELS,MBI GLOBAL,"[1,1  7]",CDG,22,"['g.daoudi@alphavest.ma', 'n.bouders@alphavest.ma', 's.elhalla@alphavest.ma']",3611562894.02,"ESPACE LES LAURIERS, AILE B, 4ème ETAGE, ANGLE DES AVENUES ANNAKHIL ET MEHDI BEN BARKA, HAY RIAD, RABAT",,,https://fundshare.asfim.ma/media/images/ALPHAVEST---Logo-Light.png,ALPHAVEST ASSET MANAGEMENT,+212 (0) 520048390,"['asfim@asfim.ma', 'r.elhonsali@asfim.ma', 'g.daoudi@alphavest.ma', 'w.ouardi@alphavest.ma']",,Madame,Madame,Widad OUARDI,Directeur Général,RABAT,003553403000043
459,,,2018-12-28,0.0,0.0,CAPITALISANT,MA0000038242,FCP,BMCE CAPITAL GESTION,3824,0.02,FCP AMAN-FM,HEBDOMADAIRE,FNPP,DIVERSIFIÉ,,60% MBI MT+ 25% MBI LT + 15% MASI RB,-,BANK OF AFRICA,4,"['f.eljaouhari@bmcek.co.ma', 'a.elyoussefi@bmcek.co.ma', 's.larhbali@bmcek.co.ma', 'a.benkirane@bmcek.co.ma', 'z.elandaloussi@bmcek.co.ma']",104927601110.3,"63, Boulevard Moulay Youssef, 20070 Casablanca – Maroc",,,,BMCE CAPITAL GESTION,+212 520 364 300,"['asfim@asfim.ma', 'r.elhonsali@asfim.ma', 'a.elyoussefi@bmcek.co.ma', 'f.eljaouhari@bmcek.co.ma', 'a.alami@bmcek.co.ma']",,Monsieur,Monsieur,Ahmed ALAMI HASSANI,Directeur Général,CASABLANCA,001534150000054
106,,,2014-09-03,0.0,0.0,CAPITALISANT,MA0000037806,FCP,VALORIS MANAGEMENT,3780,0.02,FCP ATLANTASANAD OBLITRESOR,HEBDOMADAIRE,FNPP,OMLT,INSTITUTIONNELS,MBI GLOBAL,"[1,1  10]",ATTIJARIWAFA BANK,15,"['w.rhazoui@valoris.ma', 'a.elmahboub@valoris.ma', 'k.laoued@valoris.ma', 's.garrag@valoris.ma']",63671205418.82,"Angle Route El Jadida et Rue Aboudabi, Oasis Casablanca.",,,,VALORIS MANAGEMENT,+212 522 239 760,"['asfim@asfim.ma', 'r.elhonsali@asfim.ma', 'i.berrahou@valoris.ma', 'w.rhazoui@capitalgestiongroup.com', 'm.hassani@valoris.ma']",,Monsieur,Monsieur,Mostafa HASSANI,Directeur Général,CASABLANCA,001540868000058
391,,,2012-10-04,0.015,0.02,CAPITALISANT,MA0000041139,FCP,WAFA GESTION,4113,0.02,FCP ATTIJARI GOLD,HEBDOMADAIRE,FGP,CONTRACTUEL,,LONDON GOLD FIXING (USD),-,ATTIJARIWAFA BANK,16,"['mohamed.berrada1@attijariwafa.com', 'h.nokra@attijariwafa.com', 'g.mrini@attijariwafa.com', 'n.ouhatta@attijariwafa.com']",192315700959.16,"416, rue Mustapha EL Maani – Casablanca – Maroc",,,,WAFA GESTION,+212 522 453 838,"['asfim@asfim.ma', 'r.elhonsali@asfim.ma', 'k.bensouda@attijariwafa.com', 'n.ouhatta@attijariwafa.com', 'mohamed.berrada1@attijariwafa.com', 'R.Hilali@attijariwafa.com']",,Monsieur,Monsieur,Reda HILALI,Directeur Général,CASABLANCA,001698382000048
169,,,1998-05-08,0.02,0.006,CAPITALISANT,MA0000035081,FCP,MAROGEST,3508,0.02,FCP CAM DYNAMIQUE,HEBDOMADAIRE,FGP,ACTIONS,,MASI,-,CIH BANK,10,"['k.elghadbane@marogest.ma', 'i.aballaoui@marogest.ma']",11029975326.68,"Immeuble Zénith, lotissement Tawfiq. Sidi Maarouf – Casablanca – Maroc",,,,MAROGEST,+212 522 974 961,"['asfim@asfim.ma', 'r.elhonsali@asfim.ma', 'w.mbarek@msin.ma', 'i.masaoudi@marogest.ma', 'chaaoub@marogest.ma']",,Monsieur,Monsieur,Farid CHAAOUB,Administrateur Directeur Général,CASABLANCA,001527146000012
170,,,1998-05-08,0.015,0.003,CAPITALISANT,MA0000035099,FCP,MAROGEST,3509,0.02,FCP CAM EPARGNE,HEBDOMADAIRE,FGP,OMLT,,MBI MLT,"[3,5  7,5[",CIH BANK,10,"['k.elghadbane@marogest.ma', 'i.aballaoui@marogest.ma']",11029975326.68,"Immeuble Zénith, lotissement Tawfiq. Sidi Maarouf – Casablanca – Maroc",,,,MAROGEST,+212 522 974 961,"['asfim@asfim.ma', 'r.elhonsali@asfim.ma', 'w.mbarek@msin.ma', 'i.masaoudi@marogest.ma', 'chaaoub@marogest.ma']",,Monsieur,Monsieur,Farid CHAAOUB,Administrateur Directeur Général,CASABLANCA,001527146000012
171,,,1998-09-18,0.02,0.006,CAPITALISANT,MA0000035164,FCP,MAROGEST,3516,0.02,FCP CAM INVESTISSEMENT,HEBDOMADAIRE,FGP,ACTIONS,,CFG 25 FLOTTANT,-,CIH BANK,10,"['k.elghadbane@marogest.ma', 'i.aballaoui@marogest.ma']",11029975326.68,"Immeuble Zénith, lotissement Tawfiq. Sidi Maarouf – Casablanca – Maroc",,,,MAROGEST,+212 522 974 961,"['asfim@asfim.ma', 'r.elhonsali@asfim.ma', 'w.mbarek@msin.ma', 'i.masaoudi@marogest.ma', 'chaaoub@marogest.ma']",,Monsieur,Monsieur,Farid CHAAOUB,Administrateur Directeur Général,CASABLANCA,001527146000012
173,,,2002-02-01,0.0,0.0,CAPITALISANT,MA0000036196,FCP,MAROGEST,3619,0.006500000000000001,FCP CAM LIQUIDITE,QUOTIDIENNE,FGP,MONÉTAIRE,,TMP INTERBANCAIRE,"]0 0,5]",CIH BANK,10,"['k.elghadbane@marogest.ma', 'i.aballaoui@marogest.ma']",11029975326.68,"Immeuble Zénith, lotissement Tawfiq. Sidi Maarouf – Casablanca – Maroc",,,,MAROGEST,+212 522 974 961,"['asfim@asfim.ma', 'r.elhonsali@asfim.ma', 'w.mbarek@msin.ma', 'i.masaoudi@marogest.ma', 'chaaoub@marogest.ma']",,Monsieur,Monsieur,Farid CHAAOUB,Administrateur Directeur Général,CASABLANCA,001527146000012
179,,,2012-02-01,0.0,0.0,CAPITALISANT,MA0000041311,FCP,MAROGEST,4131,0.01,FCP CAM MONÉTAIRE,QUOTIDIENNE,FGP,MONÉTAIRE,,30% MBI CT + 70% TMP,"]0  0,5]",CDG,10,"['k.elghadbane@marogest.ma', 'i.aballaoui@marogest.ma']",11029975326.68,"Immeuble Zénith, lotissement Tawfiq. Sidi Maarouf – Casablanca – Maroc",,,,MAROGEST,+212 522 974 961,"['asfim@asfim.ma', 'r.elhonsali@asfim.ma', 'w.mbarek@msin.ma', 'i.masaoudi@marogest.ma', 'chaaoub@marogest.ma']",,Monsieur,Monsieur,Farid CHAAOUB,Administrateur Directeur Général,CASABLANCA,001527146000012
174,,,2006-08-25,0.03,0.015,CAPITALISANT,MA0000036352,FCP,CIH,3635,0.02,FCP CAM TRESO PLUS,QUOTIDIENNE,FGP,OCT,,85% MBI CT + 15 % MBI MT,"]0,5 1,1]",CIH BANK,10,"['k.elghadbane@marogest.ma', 'i.aballaoui@marogest.ma']",11029975326.68,"Immeuble Zénith, lotissement Tawfiq. Sidi Maarouf – Casablanca – Maroc",,,,MAROGEST,+212 522 974 961,"['asfim@asfim.ma', 'r.elhonsali@asfim.ma', 'w.mbarek@msin.ma', 'i.masaoudi@marogest.ma', 'chaaoub@marogest.ma']",,Monsieur,Monsieur,Farid CHAAOUB,Administrateur Directeur Général,CASABLANCA,001527146000012
368,,,1998-05-15,0.001,0.0,CAPITALISANT,MA0000040313,FCP,WAFA GESTION,4031,0.006999999999999999,FCP CAP INSTITUTIONS,QUOTIDIENNE,FGP,OCT,,MBI CT,"]0,5  1,1]",ATTIJARIWAFA BANK,16,"['mohamed.berrada1@attijariwafa.com', 'h.nokra@attijariwafa.com', 'g.mrini@attijariwafa.com', 'n.ouhatta@attijariwafa.com']",192315700959.16,"416, rue Mustapha EL Maani – Casablanca – Maroc",,,,WAFA GESTION,+212 522 453 838,"['asfim@asfim.ma', 'r.elhonsali@asfim.ma', 'k.bensouda@attijariwafa.com', 'n.ouhatta@attijariwafa.com', 'mohamed.berrada1@attijariwafa.com', 'R.Hilali@attijariwafa.com']",,Monsieur,Monsieur,Reda HILALI,Directeur Général,CASABLANCA,001698382000048
68,,,2006-07-05,0.02,0.02,CAPITALISANT,MA0000036303,FCP,BMCE CAPITAL GESTION,3630,0.02,FCP CAPITAL ACTIONS,QUOTIDIENNE,FGP,ACTIONS,,MASI,-,BANK OF AFRICA,4,"['f.eljaouhari@bmcek.co.ma', 'a.elyoussefi@bmcek.co.ma', 's.larhbali@bmcek.co.ma', 'a.benkirane@bmcek.co.ma', 'z.elandaloussi@bmcek.co.ma']",104927601110.3,"63, Boulevard Moulay Youssef, 20070 Casablanca – Maroc",,,,BMCE CAPITAL GESTION,+212 520 364 300,"['asfim@asfim.ma', 'r.elhonsali@asfim.ma', 'a.elyoussefi@bmcek.co.ma', 'f.eljaouhari@bmcek.co.ma', 'a.alami@bmcek.co.ma']",,Monsieur,Monsieur,Ahmed ALAMI HASSANI,Directeur Général,CASABLANCA,001534150000054
475,,,2019-09-13,0.0,0.0,MIXTE,MA0000039026,FCP,BMCE CAPITAL GESTION,3902,0.02,FCP CAPITAL ACTIONS PREMIUM,HEBDOMADAIRE,FNPP,ACTIONS,,MASI,-,BANK OF AFRICA,4,"['f.eljaouhari@bmcek.co.ma', 'a.elyoussefi@bmcek.co.ma', 's.larhbali@bmcek.co.ma', 'a.benkirane@bmcek.co.ma', 'z.elandaloussi@bmcek.co.ma']",104927601110.3,"63, Boulevard Moulay Youssef, 20070 Casablanca – Maroc",,,,BMCE CAPITAL GESTION,+212 520 364 300,"['asfim@asfim.ma', 'r.elhonsali@asfim.ma', 'a.elyoussefi@bmcek.co.ma', 'f.eljaouhari@bmcek.co.ma', 'a.alami@bmcek.co.ma']",,Monsieur,Monsieur,Ahmed ALAMI HASSANI,Directeur Général,CASABLANCA,001534150000054
47,,,2015-02-06,0.02,0.01,CAPITALISANT,MA0000037756,FCP,BMCE CAPITAL GESTION,3775,0.02,FCP CAPITAL AFRIQUE,QUOTIDIENNE,FGP,ACTIONS,,MASI,-,BANK OF AFRICA,4,"['f.eljaouhari@bmcek.co.ma', 'a.elyoussefi@bmcek.co.ma', 's.larhbali@bmcek.co.ma', 'a.benkirane@bmcek.co.ma', 'z.elandaloussi@bmcek.co.ma']",104927601110.3,"63, Boulevard Moulay Youssef, 20070 Casablanca – Maroc",,,,BMCE CAPITAL GESTION,+212 520 364 300,"['asfim@asfim.ma', 'r.elhonsali@asfim.ma', 'a.elyoussefi@bmcek.co.ma', 'f.eljaouhari@bmcek.co.ma', 'a.alami@bmcek.co.ma']",,Monsieur,Monsieur,Ahmed ALAMI HASSANI,Directeur Général,CASABLANCA,001534150000054
52,,,2004-04-02,0.02,0.02,CAPITALISANT,MA0000035842,FCP,BMCE CAPITAL GESTION,3584,0.02,FCP CAPITAL BALANCE,QUOTIDIENNE,FGP,DIVERSIFIÉ,,50% MASI + 50% MBI Global,-,BANK OF AFRICA,4,"['f.eljaouhari@bmcek.co.ma', 'a.elyoussefi@bmcek.co.ma', 's.larhbali@bmcek.co.ma', 'a.benkirane@bmcek.co.ma', 'z.elandaloussi@bmcek.co.ma']",104927601110.3,"63, Boulevard Moulay Youssef, 20070 Casablanca – Maroc",,,,BMCE CAPITAL GESTION,+212 520 364 300,"['asfim@asfim.ma', 'r.elhonsali@asfim.ma', 'a.elyoussefi@bmcek.co.ma', 'f.eljaouhari@bmcek.co.ma', 'a.alami@bmcek.co.ma']",,Monsieur,Monsieur,Ahmed ALAMI HASSANI,Directeur Général,CASABLANCA,001534150000054
42,,,2014-12-26,0.0,0.0,CAPITALISANT,MA0000037681,FCP,BMCE CAPITAL GESTION,3768,0.01,FCP CAPITAL CAT,HEBDOMADAIRE,FNPP,OMLT,INSTITUTIONNELS,MBI GLOBAL,"]1,1 10]",BANK OF AFRICA,4,"['f.eljaouhari@bmcek.co.ma', 'a.elyoussefi@bmcek.co.ma', 's.larhbali@bmcek.co.ma', 'a.benkirane@bmcek.co.ma', 'z.elandaloussi@bmcek.co.ma']",104927601110.3,"63, Boulevard Moulay Youssef, 20070 Casablanca – Maroc",,,,BMCE CAPITAL GESTION,+212 520 364 300,"['asfim@asfim.ma', 'r.elhonsali@asfim.ma', 'a.elyoussefi@bmcek.co.ma', 'f.eljaouhari@bmcek.co.ma', 'a.alami@bmcek.co.ma']",,Monsieur,Monsieur,Ahmed ALAMI HASSANI,Directeur Général,CASABLANCA,001534150000054
44,,,2015-03-13,0.01,0.005,CAPITALISANT,MA0000037723,FCP,BMCE CAPITAL GESTION,3772,0.01,FCP CAPITAL COMBO,QUOTIDIENNE,FGP,OMLT,,50% MBI CT + 50% MBI MT,"]1,1 5,1]",BANK OF AFRICA,4,"['f.eljaouhari@bmcek.co.ma', 'a.elyoussefi@bmcek.co.ma', 's.larhbali@bmcek.co.ma', 'a.benkirane@bmcek.co.ma', 'z.elandaloussi@bmcek.co.ma']",104927601110.3,"63, Boulevard Moulay Youssef, 20070 Casablanca – Maroc",,,,BMCE CAPITAL GESTION,+212 520 364 300,"['asfim@asfim.ma', 'r.elhonsali@asfim.ma', 'a.elyoussefi@bmcek.co.ma', 'f.eljaouhari@bmcek.co.ma', 'a.alami@bmcek.co.ma']",,Monsieur,Monsieur,Ahmed ALAMI HASSANI,Directeur Général,CASABLANCA,001534150000054
467,,,2019-08-09,0.03,0.03,CAPITALISANT,MA0000038390,FCP,BMCE CAPITAL GESTION; BANK OF AFRICA,3839,0.02,FCP CAPITAL DIVERSIFIES,QUOTIDIENNE,FGP,DIVERSIFIÉ,,75% MBI + 25% MASI.,-,BANK OF AFRICA,4,"['f.eljaouhari@bmcek.co.ma', 'a.elyoussefi@bmcek.co.ma', 's.larhbali@bmcek.co.ma', 'a.benkirane@bmcek.co.ma', 'z.elandaloussi@bmcek.co.ma']",104927601110.3,"63, Boulevard Moulay Youssef, 20070 Casablanca – Maroc",,,,BMCE CAPITAL GESTION,+212 520 364 300,"['asfim@asfim.ma', 'r.elhonsali@asfim.ma', 'a.elyoussefi@bmcek.co.ma', 'f.eljaouhari@bmcek.co.ma', 'a.alami@bmcek.co.ma']",,Monsieur,Monsieur,Ahmed ALAMI HASSANI,Directeur Général,CASABLANCA,001534150000054
59,,,2004-04-02,0.01,0.01,CAPITALISANT,MA0000035925,FCP,BMCE CAPITAL GESTION,3592,0.01,FCP CAPITAL DYNAMIQUE,QUOTIDIENNE,FGP,OCT,,MBI CT,"]0,5  1,1]",BANK OF AFRICA,4,"['f.eljaouhari@bmcek.co.ma', 'a.elyoussefi@bmcek.co.ma', 's.larhbali@bmcek.co.ma', 'a.benkirane@bmcek.co.ma', 'z.elandaloussi@bmcek.co.ma']",104927601110.3,"63, Boulevard Moulay Youssef, 20070 Casablanca – Maroc",,,,BMCE CAPITAL GESTION,+212 520 364 300,"['asfim@asfim.ma', 'r.elhonsali@asfim.ma', 'a.elyoussefi@bmcek.co.ma', 'f.eljaouhari@bmcek.co.ma', 'a.alami@bmcek.co.ma']",,Monsieur,Monsieur,Ahmed ALAMI HASSANI,Directeur Général,CASABLANCA,001534150000054
35,,,2010-11-05,0.03,0.03,CAPITALISANT,MA0000038135,FCP,BMCE CAPITAL GESTION,3813,0.02,FCP CAPITAL EQUILIBRE,HEBDOMADAIRE,FNPP,DIVERSIFIÉ,INSTITUTIONNELS,75%MBI + 25% MASI,-,BANK OF AFRICA,4,"['f.eljaouhari@bmcek.co.ma', 'a.elyoussefi@bmcek.co.ma', 's.larhbali@bmcek.co.ma', 'a.benkirane@bmcek.co.ma', 'z.elandaloussi@bmcek.co.ma']",104927601110.3,"63, Boulevard Moulay Youssef, 20070 Casablanca – Maroc",,,,BMCE CAPITAL GESTION,+212 520 364 300,"['asfim@asfim.ma', 'r.elhonsali@asfim.ma', 'a.elyoussefi@bmcek.co.ma', 'f.eljaouhari@bmcek.co.ma', 'a.alami@bmcek.co.ma']",,Monsieur,Monsieur,Ahmed ALAMI HASSANI,Directeur Général,CASABLANCA,001534150000054
46,,,2015-01-30,0.01,0.005,CAPITALISANT,MA0000037749,FCP,BMCE CAPITAL GESTION,3774,0.02,FCP CAPITAL GLOBAL MACRO,QUOTIDIENNE,FGP,DIVERSIFIÉ,,80% MBI GLOBAL + 20% MASI,-,BANK OF AFRICA,4,"['f.eljaouhari@bmcek.co.ma', 'a.elyoussefi@bmcek.co.ma', 's.larhbali@bmcek.co.ma', 'a.benkirane@bmcek.co.ma', 'z.elandaloussi@bmcek.co.ma']",104927601110.3,"63, Boulevard Moulay Youssef, 20070 Casablanca – Maroc",,,,BMCE CAPITAL GESTION,+212 520 364 300,"['asfim@asfim.ma', 'r.elhonsali@asfim.ma', 'a.elyoussefi@bmcek.co.ma', 'f.eljaouhari@bmcek.co.ma', 'a.alami@bmcek.co.ma']",,Monsieur,Monsieur,Ahmed ALAMI HASSANI,Directeur Général,CASABLANCA,001534150000054
29,,,2007-11-02,0.02,0.02,CAPITALISANT,MA0000036592,FCP,BMCE CAPITAL GESTION,3659,0.02,FCP CAPITAL IMMOBILIER,QUOTIDIENNE,FGP,ACTIONS,,10% Indice Sectoriel Immobilier + 10 % Indice Sectoriel Batiments et Matériaux de Construction + 80% MASI,-,BANK OF AFRICA,4,"['f.eljaouhari@bmcek.co.ma', 'a.elyoussefi@bmcek.co.ma', 's.larhbali@bmcek.co.ma', 'a.benkirane@bmcek.co.ma', 'z.elandaloussi@bmcek.co.ma']",104927601110.3,"63, Boulevard Moulay Youssef, 20070 Casablanca – Maroc",,,,BMCE CAPITAL GESTION,+212 520 364 300,"['asfim@asfim.ma', 'r.elhonsali@asfim.ma', 'a.elyoussefi@bmcek.co.ma', 'f.eljaouhari@bmcek.co.ma', 'a.alami@bmcek.co.ma']",,Monsieur,Monsieur,Ahmed ALAMI HASSANI,Directeur Général,CASABLANCA,001534150000054
53,,,2004-04-02,0.02,0.02,CAPITALISANT,MA0000035867,FCP,BMCE CAPITAL GESTION,3586,0.02,FCP CAPITAL IMTIYAZ CROISSANCE,QUOTIDIENNE,FGP,DIVERSIFIÉ,,30% MASI + 70% MBI,-,BANK OF AFRICA,4,"['f.eljaouhari@bmcek.co.ma', 'a.elyoussefi@bmcek.co.ma', 's.larhbali@bmcek.co.ma', 'a.benkirane@bmcek.co.ma', 'z.elandaloussi@bmcek.co.ma']",104927601110.3,"63, Boulevard Moulay Youssef, 20070 Casablanca – Maroc",,,,BMCE CAPITAL GESTION,+212 520 364 300,"['asfim@asfim.ma', 'r.elhonsali@asfim.ma', 'a.elyoussefi@bmcek.co.ma', 'f.eljaouhari@bmcek.co.ma', 'a.alami@bmcek.co.ma']",,Monsieur,Monsieur,Ahmed ALAMI HASSANI,Directeur Général,CASABLANCA,001534150000054
61,,,2004-04-02,0.02,0.02,CAPITALISANT,MA0000035941,FCP,BMCE CAPITAL GESTION,3594,0.02,FCP CAPITAL IMTIYAZ SECURITE,QUOTIDIENNE,FGP,OMLT,,MBI GLOBAL,]2  6],BANK OF AFRICA,4,"['f.eljaouhari@bmcek.co.ma', 'a.elyoussefi@bmcek.co.ma', 's.larhbali@bmcek.co.ma', 'a.benkirane@bmcek.co.ma', 'z.elandaloussi@bmcek.co.ma']",104927601110.3,"63, Boulevard Moulay Youssef, 20070 Casablanca – Maroc",,,,BMCE CAPITAL GESTION,+212 520 364 300,"['asfim@asfim.ma', 'r.elhonsali@asfim.ma', 'a.elyoussefi@bmcek.co.ma', 'f.eljaouhari@bmcek.co.ma', 'a.alami@bmcek.co.ma']",,Monsieur,Monsieur,Ahmed ALAMI HASSANI,Directeur Général,CASABLANCA,001534150000054
39,,,2013-05-09,0.01,0.01,CAPITALISANT,MA0000037442,FCP,BMCE CAPITAL GESTION,3744,0.01,FCP CAPITAL IMTIYAZ TRESORERIE,QUOTIDIENNE,FGP,MONÉTAIRE,,MONIA CAPITALISE,"[0,25  0,5]",BANK OF AFRICA,4,"['f.eljaouhari@bmcek.co.ma', 'a.elyoussefi@bmcek.co.ma', 's.larhbali@bmcek.co.ma', 'a.benkirane@bmcek.co.ma', 'z.elandaloussi@bmcek.co.ma']",104927601110.3,"63, Boulevard Moulay Youssef, 20070 Casablanca – Maroc",,,,BMCE CAPITAL GESTION,+212 520 364 300,"['asfim@asfim.ma', 'r.elhonsali@asfim.ma', 'a.elyoussefi@bmcek.co.ma', 'f.eljaouhari@bmcek.co.ma', 'a.alami@bmcek.co.ma']",,Monsieur,Monsieur,Ahmed ALAMI HASSANI,Directeur Général,CASABLANCA,001534150000054
62,,,2004-04-02,0.02,0.02,MIXTE,MA0000035958,FCP,BMCE CAPITAL GESTION,3595,0.02,FCP CAPITAL INDICE,HEBDOMADAIRE,FGP,ACTIONS,,MASI RB,-,BANK OF AFRICA,4,"['f.eljaouhari@bmcek.co.ma', 'a.elyoussefi@bmcek.co.ma', 's.larhbali@bmcek.co.ma', 'a.benkirane@bmcek.co.ma', 'z.elandaloussi@bmcek.co.ma']",104927601110.3,"63, Boulevard Moulay Youssef, 20070 Casablanca – Maroc",,,,BMCE CAPITAL GESTION,+212 520 364 300,"['asfim@asfim.ma', 'r.elhonsali@asfim.ma', 'a.elyoussefi@bmcek.co.ma', 'f.eljaouhari@bmcek.co.ma', 'a.alami@bmcek.co.ma']",,Monsieur,Monsieur,Ahmed ALAMI HASSANI,Directeur Général,CASABLANCA,001534150000054
60,,,2004-04-02,0.02,0.02,CAPITALISANT,MA0000035933,FCP,BMCE CAPITAL GESTION,3593,0.02,FCP CAPITAL INSTITUTIONS,QUOTIDIENNE,FGP,OMLT,,MBI MT,"]1,1  5,1]",BANK OF AFRICA,4,"['f.eljaouhari@bmcek.co.ma', 'a.elyoussefi@bmcek.co.ma', 's.larhbali@bmcek.co.ma', 'a.benkirane@bmcek.co.ma', 'z.elandaloussi@bmcek.co.ma']",104927601110.3,"63, Boulevard Moulay Youssef, 20070 Casablanca – Maroc",,,,BMCE CAPITAL GESTION,+212 520 364 300,"['asfim@asfim.ma', 'r.elhonsali@asfim.ma', 'a.elyoussefi@bmcek.co.ma', 'f.eljaouhari@bmcek.co.ma', 'a.alami@bmcek.co.ma']",,Monsieur,Monsieur,Ahmed ALAMI HASSANI,Directeur Général,CASABLANCA,001534150000054
45,,,2015-03-13,0.02,0.01,CAPITALISANT,MA0000039216,FCP,BMCE CAPITAL GESTION,3921,0.02,FCP CAPITAL ISR,QUOTIDIENNE,FGP,DIVERSIFIÉ,,75% MBI GLOBAL + 25% MASI ESG,-,BANK OF AFRICA,4,"['f.eljaouhari@bmcek.co.ma', 'a.elyoussefi@bmcek.co.ma', 's.larhbali@bmcek.co.ma', 'a.benkirane@bmcek.co.ma', 'z.elandaloussi@bmcek.co.ma']",104927601110.3,"63, Boulevard Moulay Youssef, 20070 Casablanca – Maroc",,,,BMCE CAPITAL GESTION,+212 520 364 300,"['asfim@asfim.ma', 'r.elhonsali@asfim.ma', 'a.elyoussefi@bmcek.co.ma', 'f.eljaouhari@bmcek.co.ma', 'a.alami@bmcek.co.ma']",,Monsieur,Monsieur,Ahmed ALAMI HASSANI,Directeur Général,CASABLANCA,001534150000054
48,,,2016-05-10,0.01,0.005,CAPITALISANT,MA0000037947,FCP,BMCE CAPITAL GESTION,3794,0.02,FCP CAPITAL LONG/SHORT,QUOTIDIENNE,FGP,DIVERSIFIÉ,,MONIA Capitalisé +50 pts de base,-,BANK OF AFRICA,4,"['f.eljaouhari@bmcek.co.ma', 'a.elyoussefi@bmcek.co.ma', 's.larhbali@bmcek.co.ma', 'a.benkirane@bmcek.co.ma', 'z.elandaloussi@bmcek.co.ma']",104927601110.3,"63, Boulevard Moulay Youssef, 20070 Casablanca – Maroc",,,,BMCE CAPITAL GESTION,+212 520 364 300,"['asfim@asfim.ma', 'r.elhonsali@asfim.ma', 'a.elyoussefi@bmcek.co.ma', 'f.eljaouhari@bmcek.co.ma', 'a.alami@bmcek.co.ma']",,Monsieur,Monsieur,Ahmed ALAMI HASSANI,Directeur Général,CASABLANCA,001534150000054
26,,,2007-07-06,0.02,0.02,CAPITALISANT,MA0000036493,FCP,BMCE CAPITAL GESTION,3649,0.02,FCP CAPITAL MAGHREB,QUOTIDIENNE,FGP,ACTIONS,,MASI,-,BANK OF AFRICA,4,"['f.eljaouhari@bmcek.co.ma', 'a.elyoussefi@bmcek.co.ma', 's.larhbali@bmcek.co.ma', 'a.benkirane@bmcek.co.ma', 'z.elandaloussi@bmcek.co.ma']",104927601110.3,"63, Boulevard Moulay Youssef, 20070 Casablanca – Maroc",,,,BMCE CAPITAL GESTION,+212 520 364 300,"['asfim@asfim.ma', 'r.elhonsali@asfim.ma', 'a.elyoussefi@bmcek.co.ma', 'f.eljaouhari@bmcek.co.ma', 'a.alami@bmcek.co.ma']",,Monsieur,Monsieur,Ahmed ALAMI HASSANI,Directeur Général,CASABLANCA,001534150000054
65,,,2004-09-30,0.01,0.01,CAPITALISANT,MA0000036238,FCP,BMCE CAPITAL GESTION,3623,0.01,FCP CAPITAL MONETAIRE,QUOTIDIENNE,FGP,MONÉTAIRE,,MONIA,"[0  0,25[",BANK OF AFRICA,4,"['f.eljaouhari@bmcek.co.ma', 'a.elyoussefi@bmcek.co.ma', 's.larhbali@bmcek.co.ma', 'a.benkirane@bmcek.co.ma', 'z.elandaloussi@bmcek.co.ma']",104927601110.3,"63, Boulevard Moulay Youssef, 20070 Casablanca – Maroc",,,,BMCE CAPITAL GESTION,+212 520 364 300,"['asfim@asfim.ma', 'r.elhonsali@asfim.ma', 'a.elyoussefi@bmcek.co.ma', 'f.eljaouhari@bmcek.co.ma', 'a.alami@bmcek.co.ma']",,Monsieur,Monsieur,Ahmed ALAMI HASSANI,Directeur Général,CASABLANCA,001534150000054
41,,,2015-01-06,0.01,0.005,CAPITALISANT,MA0000037673,FCP,BMCE CAPITAL GESTION,3767,0.004,FCP CAPITAL MONETAIRE PLUS,QUOTIDIENNE,FGP,MONÉTAIRE,,MONIA CAPITALISE,"]0  0,5[",BANK OF AFRICA,4,"['f.eljaouhari@bmcek.co.ma', 'a.elyoussefi@bmcek.co.ma', 's.larhbali@bmcek.co.ma', 'a.benkirane@bmcek.co.ma', 'z.elandaloussi@bmcek.co.ma']",104927601110.3,"63, Boulevard Moulay Youssef, 20070 Casablanca – Maroc",,,,BMCE CAPITAL GESTION,+212 520 364 300,"['asfim@asfim.ma', 'r.elhonsali@asfim.ma', 'a.elyoussefi@bmcek.co.ma', 'f.eljaouhari@bmcek.co.ma', 'a.alami@bmcek.co.ma']",,Monsieur,Monsieur,Ahmed ALAMI HASSANI,Directeur Général,CASABLANCA,001534150000054
27,,,2007-07-06,0.02,0.02,CAPITALISANT,MA0000036501,FCP,BMCE CAPITAL GESTION,3650,0.02,FCP CAPITAL MULTI-GESTION,QUOTIDIENNE,FGP,DIVERSIFIÉ,,80% MBI GLOBAL + 20% MASI,-,BANK OF AFRICA,4,"['f.eljaouhari@bmcek.co.ma', 'a.elyoussefi@bmcek.co.ma', 's.larhbali@bmcek.co.ma', 'a.benkirane@bmcek.co.ma', 'z.elandaloussi@bmcek.co.ma']",104927601110.3,"63, Boulevard Moulay Youssef, 20070 Casablanca – Maroc",,,,BMCE CAPITAL GESTION,+212 520 364 300,"['asfim@asfim.ma', 'r.elhonsali@asfim.ma', 'a.elyoussefi@bmcek.co.ma', 'f.eljaouhari@bmcek.co.ma', 'a.alami@bmcek.co.ma']",,Monsieur,Monsieur,Ahmed ALAMI HASSANI,Directeur Général,CASABLANCA,001534150000054
471,,,2019-08-30,0.02,0.02,CAPITALISANT,MA0000038366,FCP,BMCE CAPITAL GESTION; BANK OF AFRICA,3836,0.01,FCP CAPITAL OBLIGATIONS,QUOTIDIENNE,FGP,OMLT,,MBI GLOBAL,]3   7],BANK OF AFRICA,4,"['f.eljaouhari@bmcek.co.ma', 'a.elyoussefi@bmcek.co.ma', 's.larhbali@bmcek.co.ma', 'a.benkirane@bmcek.co.ma', 'z.elandaloussi@bmcek.co.ma']",104927601110.3,"63, Boulevard Moulay Youssef, 20070 Casablanca – Maroc",,,,BMCE CAPITAL GESTION,+212 520 364 300,"['asfim@asfim.ma', 'r.elhonsali@asfim.ma', 'a.elyoussefi@bmcek.co.ma', 'f.eljaouhari@bmcek.co.ma', 'a.alami@bmcek.co.ma']",,Monsieur,Monsieur,Ahmed ALAMI HASSANI,Directeur Général,CASABLANCA,001534150000054
38,,,2012-10-30,0.01,0.01,CAPITALISANT,MA0000037392,FCP,BMCE CAPITAL GESTION,3739,0.01,FCP CAPITAL OBLIGATIONS BANQUES,QUOTIDIENNE,FGP,OCT,,90% MBI CT + 10% MBI MT,"]0,5  1,1]",BANK OF AFRICA,4,"['f.eljaouhari@bmcek.co.ma', 'a.elyoussefi@bmcek.co.ma', 's.larhbali@bmcek.co.ma', 'a.benkirane@bmcek.co.ma', 'z.elandaloussi@bmcek.co.ma']",104927601110.3,"63, Boulevard Moulay Youssef, 20070 Casablanca – Maroc",,,,BMCE CAPITAL GESTION,+212 520 364 300,"['asfim@asfim.ma', 'r.elhonsali@asfim.ma', 'a.elyoussefi@bmcek.co.ma', 'f.eljaouhari@bmcek.co.ma', 'a.alami@bmcek.co.ma']",,Monsieur,Monsieur,Ahmed ALAMI HASSANI,Directeur Général,CASABLANCA,001534150000054
466,,,2019-08-09,0.01,0.01,CAPITALISANT,MA0000038382,FCP,BMCE CAPITAL GESTION; BANK OF AFRICA,3838,0.01,FCP CAPITAL OBLIGATIONS BANQUES PLUS,QUOTIDIENNE,FGP,OCT,,90% MBI CT + 10% MBI MT,"]0,5 1,1]",BANK OF AFRICA,4,"['f.eljaouhari@bmcek.co.ma', 'a.elyoussefi@bmcek.co.ma', 's.larhbali@bmcek.co.ma', 'a.benkirane@bmcek.co.ma', 'z.elandaloussi@bmcek.co.ma']",104927601110.3,"63, Boulevard Moulay Youssef, 20070 Casablanca – Maroc",,,,BMCE CAPITAL GESTION,+212 520 364 300,"['asfim@asfim.ma', 'r.elhonsali@asfim.ma', 'a.elyoussefi@bmcek.co.ma', 'f.eljaouhari@bmcek.co.ma', 'a.alami@bmcek.co.ma']",,Monsieur,Monsieur,Ahmed ALAMI HASSANI,Directeur Général,CASABLANCA,001534150000054
63,,,2004-04-02,0.02,0.02,CAPITALISANT,MA0000038671,FCP,BMCE CAPITAL GESTION,3867,0.02,FCP CAPITAL OBLIGATIONS PLUS,HEBDOMADAIRE,FNPP,OMLT,INSTITUTIONNELS,MBI MT,"]1,1  2,1]",BANK OF AFRICA,4,"['f.eljaouhari@bmcek.co.ma', 'a.elyoussefi@bmcek.co.ma', 's.larhbali@bmcek.co.ma', 'a.benkirane@bmcek.co.ma', 'z.elandaloussi@bmcek.co.ma']",104927601110.3,"63, Boulevard Moulay Youssef, 20070 Casablanca – Maroc",,,,BMCE CAPITAL GESTION,+212 520 364 300,"['asfim@asfim.ma', 'r.elhonsali@asfim.ma', 'a.elyoussefi@bmcek.co.ma', 'f.eljaouhari@bmcek.co.ma', 'a.alami@bmcek.co.ma']",,Monsieur,Monsieur,Ahmed ALAMI HASSANI,Directeur Général,CASABLANCA,001534150000054
465,,,2019-08-09,0.03,0.03,CAPITALISANT,MA0000038374,FCP,BMCE CAPITAL GESTION; BANK OF AFRICA,3837,0.02,FCP CAPITAL OPPORTUNITE,QUOTIDIENNE,FGP,DIVERSIFIÉ,,75% MBI + 25% MASI.,-,BANK OF AFRICA,4,"['f.eljaouhari@bmcek.co.ma', 'a.elyoussefi@bmcek.co.ma', 's.larhbali@bmcek.co.ma', 'a.benkirane@bmcek.co.ma', 'z.elandaloussi@bmcek.co.ma']",104927601110.3,"63, Boulevard Moulay Youssef, 20070 Casablanca – Maroc",,,,BMCE CAPITAL GESTION,+212 520 364 300,"['asfim@asfim.ma', 'r.elhonsali@asfim.ma', 'a.elyoussefi@bmcek.co.ma', 'f.eljaouhari@bmcek.co.ma', 'a.alami@bmcek.co.ma']",,Monsieur,Monsieur,Ahmed ALAMI HASSANI,Directeur Général,CASABLANCA,001534150000054
57,,,2004-04-02,0.03,0.015,CAPITALISANT,MA0000035909,FCP,BMCE CAPITAL GESTION,3590,0.006,FCP CAPITAL OPTIMISATION,HEBDOMADAIRE,FNPP,OMLT,INSTITUTIONNELS,50% MBI MLT + 50% MBI MT,"[1,1  12[",BANK OF AFRICA,4,"['f.eljaouhari@bmcek.co.ma', 'a.elyoussefi@bmcek.co.ma', 's.larhbali@bmcek.co.ma', 'a.benkirane@bmcek.co.ma', 'z.elandaloussi@bmcek.co.ma']",104927601110.3,"63, Boulevard Moulay Youssef, 20070 Casablanca – Maroc",,,,BMCE CAPITAL GESTION,+212 520 364 300,"['asfim@asfim.ma', 'r.elhonsali@asfim.ma', 'a.elyoussefi@bmcek.co.ma', 'f.eljaouhari@bmcek.co.ma', 'a.alami@bmcek.co.ma']",,Monsieur,Monsieur,Ahmed ALAMI HASSANI,Directeur Général,CASABLANCA,001534150000054
30,,,2008-02-29,0.01,0.01,CAPITALISANT,MA0000036675,FCP,BMCE CAPITAL GESTION,3667,0.02,FCP CAPITAL OPTIMUM,HEBDOMADAIRE,FNPP,DIVERSIFIÉ,,70% MBII GLOBAL + 30% MASI RB,-,BANK OF AFRICA,4,"['f.eljaouhari@bmcek.co.ma', 'a.elyoussefi@bmcek.co.ma', 's.larhbali@bmcek.co.ma', 'a.benkirane@bmcek.co.ma', 'z.elandaloussi@bmcek.co.ma']",104927601110.3,"63, Boulevard Moulay Youssef, 20070 Casablanca – Maroc",,,,BMCE CAPITAL GESTION,+212 520 364 300,"['asfim@asfim.ma', 'r.elhonsali@asfim.ma', 'a.elyoussefi@bmcek.co.ma', 'f.eljaouhari@bmcek.co.ma', 'a.alami@bmcek.co.ma']",,Monsieur,Monsieur,Ahmed ALAMI HASSANI,Directeur Général,CASABLANCA,001534150000054
54,,,2004-04-02,0.02,0.02,CAPITALISANT,MA0000035875,FCP,BMCE CAPITAL GESTION,3587,0.02,FCP CAPITAL PARTICIPATIONS,QUOTIDIENNE,FGP,ACTIONS,,MASI,-,BANK OF AFRICA,4,"['f.eljaouhari@bmcek.co.ma', 'a.elyoussefi@bmcek.co.ma', 's.larhbali@bmcek.co.ma', 'a.benkirane@bmcek.co.ma', 'z.elandaloussi@bmcek.co.ma']",104927601110.3,"63, Boulevard Moulay Youssef, 20070 Casablanca – Maroc",,,,BMCE CAPITAL GESTION,+212 520 364 300,"['asfim@asfim.ma', 'r.elhonsali@asfim.ma', 'a.elyoussefi@bmcek.co.ma', 'f.eljaouhari@bmcek.co.ma', 'a.alami@bmcek.co.ma']",,Monsieur,Monsieur,Ahmed ALAMI HASSANI,Directeur Général,CASABLANCA,001534150000054
37,,,2010-09-24,0.02,0.02,CAPITALISANT,MA0000037061,FCP,BMCE CAPITAL GESTION,3706,0.02,FCP CAPITAL PLUS,QUOTIDIENNE,FGP,OMLT,,MBI MT,"]1,1  5,1]",BANK OF AFRICA,4,"['f.eljaouhari@bmcek.co.ma', 'a.elyoussefi@bmcek.co.ma', 's.larhbali@bmcek.co.ma', 'a.benkirane@bmcek.co.ma', 'z.elandaloussi@bmcek.co.ma']",104927601110.3,"63, Boulevard Moulay Youssef, 20070 Casablanca – Maroc",,,,BMCE CAPITAL GESTION,+212 520 364 300,"['asfim@asfim.ma', 'r.elhonsali@asfim.ma', 'a.elyoussefi@bmcek.co.ma', 'f.eljaouhari@bmcek.co.ma', 'a.alami@bmcek.co.ma']",,Monsieur,Monsieur,Ahmed ALAMI HASSANI,Directeur Général,CASABLANCA,001534150000054
64,,,2004-09-30,0.02,0.02,CAPITALISANT,MA0000036220,FCP,BMCE CAPITAL GESTION,3622,0.02,FCP CAPITAL PROTECTION,QUOTIDIENNE,FNPP,ACTIONS,INSTITUTIONNELS,MASI,-,BANK OF AFRICA,4,"['f.eljaouhari@bmcek.co.ma', 'a.elyoussefi@bmcek.co.ma', 's.larhbali@bmcek.co.ma', 'a.benkirane@bmcek.co.ma', 'z.elandaloussi@bmcek.co.ma']",104927601110.3,"63, Boulevard Moulay Youssef, 20070 Casablanca – Maroc",,,,BMCE CAPITAL GESTION,+212 520 364 300,"['asfim@asfim.ma', 'r.elhonsali@asfim.ma', 'a.elyoussefi@bmcek.co.ma', 'f.eljaouhari@bmcek.co.ma', 'a.alami@bmcek.co.ma']",,Monsieur,Monsieur,Ahmed ALAMI HASSANI,Directeur Général,CASABLANCA,001534150000054
34,,,2009-12-11,0.02,0.02,CAPITALISANT,MA0000038689,FCP,BMCE CAPITAL GESTION,3868,0.02,FCP CAPITAL SECURITE,HEBDOMADAIRE,FNPP,OMLT,INSTITUTIONNELS,MBI MT,"]1,1  5,1]",BANK OF AFRICA,4,"['f.eljaouhari@bmcek.co.ma', 'a.elyoussefi@bmcek.co.ma', 's.larhbali@bmcek.co.ma', 'a.benkirane@bmcek.co.ma', 'z.elandaloussi@bmcek.co.ma']",104927601110.3,"63, Boulevard Moulay Youssef, 20070 Casablanca – Maroc",,,,BMCE CAPITAL GESTION,+212 520 364 300,"['asfim@asfim.ma', 'r.elhonsali@asfim.ma', 'a.elyoussefi@bmcek.co.ma', 'f.eljaouhari@bmcek.co.ma', 'a.alami@bmcek.co.ma']",,Monsieur,Monsieur,Ahmed ALAMI HASSANI,Directeur Général,CASABLANCA,001534150000054
69,,,2006-07-05,0.02,0.02,CAPITALISANT,MA0000036311,FCP,BMCE CAPITAL GESTION,3631,0.02,FCP CAPITAL SELECTION,QUOTIDIENNE,FGP,ACTIONS,,MADEX,-,BANK OF AFRICA,4,"['f.eljaouhari@bmcek.co.ma', 'a.elyoussefi@bmcek.co.ma', 's.larhbali@bmcek.co.ma', 'a.benkirane@bmcek.co.ma', 'z.elandaloussi@bmcek.co.ma']",104927601110.3,"63, Boulevard Moulay Youssef, 20070 Casablanca – Maroc",,,,BMCE CAPITAL GESTION,+212 520 364 300,"['asfim@asfim.ma', 'r.elhonsali@asfim.ma', 'a.elyoussefi@bmcek.co.ma', 'f.eljaouhari@bmcek.co.ma', 'a.alami@bmcek.co.ma']",,Monsieur,Monsieur,Ahmed ALAMI HASSANI,Directeur Général,CASABLANCA,001534150000054
36,,,2010-09-24,0.02,0.02,CAPITALISANT,MA0000038697,FCP,BMCE CAPITAL GESTION,3869,0.02,FCP CAPITAL SERENITE,HEBDOMADAIRE,FNPP,OMLT,INSTITUTIONNELS,MBI MT,"]1,1  5,1]",BANK OF AFRICA,4,"['f.eljaouhari@bmcek.co.ma', 'a.elyoussefi@bmcek.co.ma', 's.larhbali@bmcek.co.ma', 'a.benkirane@bmcek.co.ma', 'z.elandaloussi@bmcek.co.ma']",104927601110.3,"63, Boulevard Moulay Youssef, 20070 Casablanca – Maroc",,,,BMCE CAPITAL GESTION,+212 520 364 300,"['asfim@asfim.ma', 'r.elhonsali@asfim.ma', 'a.elyoussefi@bmcek.co.ma', 'f.eljaouhari@bmcek.co.ma', 'a.alami@bmcek.co.ma']",,Monsieur,Monsieur,Ahmed ALAMI HASSANI,Directeur Général,CASABLANCA,001534150000054
25,,,2007-01-12,0.03,0.015,CAPITALISANT,MA0000036394,FCP,BMCE CAPITAL GESTION,3639,0.02,FCP CAPITAL TAALIM,HEBDOMADAIRE,FNPP,OMLT,INSTITUTIONNELS,95% MBI MLT + 5% MASI,[4  8[,BANK OF AFRICA,4,"['f.eljaouhari@bmcek.co.ma', 'a.elyoussefi@bmcek.co.ma', 's.larhbali@bmcek.co.ma', 'a.benkirane@bmcek.co.ma', 'z.elandaloussi@bmcek.co.ma']",104927601110.3,"63, Boulevard Moulay Youssef, 20070 Casablanca – Maroc",,,,BMCE CAPITAL GESTION,+212 520 364 300,"['asfim@asfim.ma', 'r.elhonsali@asfim.ma', 'a.elyoussefi@bmcek.co.ma', 'f.eljaouhari@bmcek.co.ma', 'a.alami@bmcek.co.ma']",,Monsieur,Monsieur,Ahmed ALAMI HASSANI,Directeur Général,CASABLANCA,001534150000054
24,,,2006-07-05,0.02,0.02,CAPITALISANT,MA0000036329,FCP,BMCE CAPITAL GESTION,3632,0.02,FCP CAPITAL TERME,QUOTIDIENNE,FGP,DIVERSIFIÉ,,80% MBI GLOBAL + 20% MASI,-,BANK OF AFRICA,4,"['f.eljaouhari@bmcek.co.ma', 'a.elyoussefi@bmcek.co.ma', 's.larhbali@bmcek.co.ma', 'a.benkirane@bmcek.co.ma', 'z.elandaloussi@bmcek.co.ma']",104927601110.3,"63, Boulevard Moulay Youssef, 20070 Casablanca – Maroc",,,,BMCE CAPITAL GESTION,+212 520 364 300,"['asfim@asfim.ma', 'r.elhonsali@asfim.ma', 'a.elyoussefi@bmcek.co.ma', 'f.eljaouhari@bmcek.co.ma', 'a.alami@bmcek.co.ma']",,Monsieur,Monsieur,Ahmed ALAMI HASSANI,Directeur Général,CASABLANCA,001534150000054
373,,,1998-07-03,0.03,0.015,CAPITALISANT,MA0000040362,FCP,WAFA GESTION,4036,0.02,FCP CAT VALEURS,HEBDOMADAIRE,FNPP,OMLT,INSTITUTIONNELS,MBI MLT,]5  9],ATTIJARIWAFA BANK,16,"['mohamed.berrada1@attijariwafa.com', 'h.nokra@attijariwafa.com', 'g.mrini@attijariwafa.com', 'n.ouhatta@attijariwafa.com']",192315700959.16,"416, rue Mustapha EL Maani – Casablanca – Maroc",,,,WAFA GESTION,+212 522 453 838,"['asfim@asfim.ma', 'r.elhonsali@asfim.ma', 'k.bensouda@attijariwafa.com', 'n.ouhatta@attijariwafa.com', 'mohamed.berrada1@attijariwafa.com', 'R.Hilali@attijariwafa.com']",,Monsieur,Monsieur,Reda HILALI,Directeur Général,CASABLANCA,001698382000048
347,,,2000-07-21,0.03,0.015,CAPITALISANT,MA0000036154,FCP,WAFA GESTION,3615,0.02,FCP CDM LIQUIDITES,QUOTIDIENNE,FGP,OCT,,80% MBI CT + 20% MBI MT,"[0  1,1[",CDM,16,"['mohamed.berrada1@attijariwafa.com', 'h.nokra@attijariwafa.com', 'g.mrini@attijariwafa.com', 'n.ouhatta@attijariwafa.com']",192315700959.16,"416, rue Mustapha EL Maani – Casablanca – Maroc",,,,WAFA GESTION,+212 522 453 838,"['asfim@asfim.ma', 'r.elhonsali@asfim.ma', 'k.bensouda@attijariwafa.com', 'n.ouhatta@attijariwafa.com', 'mohamed.berrada1@attijariwafa.com', 'R.Hilali@attijariwafa.com']",,Monsieur,Monsieur,Reda HILALI,Directeur Général,CASABLANCA,001698382000048
33,,,2010-01-08,0.0,0.0,CAPITALISANT,MA0000036931,FCP,BMCE CAPITAL GESTION,3693,0.01,FCP CIMR TANMYA,HEBDOMADAIRE,FNPP,ACTIONS,INSTITUTIONNELS,MASI RENTABILITE,-,BANK OF AFRICA,4,"['f.eljaouhari@bmcek.co.ma', 'a.elyoussefi@bmcek.co.ma', 's.larhbali@bmcek.co.ma', 'a.benkirane@bmcek.co.ma', 'z.elandaloussi@bmcek.co.ma']",104927601110.3,"63, Boulevard Moulay Youssef, 20070 Casablanca – Maroc",,,,BMCE CAPITAL GESTION,+212 520 364 300,"['asfim@asfim.ma', 'r.elhonsali@asfim.ma', 'a.elyoussefi@bmcek.co.ma', 'f.eljaouhari@bmcek.co.ma', 'a.alami@bmcek.co.ma']",,Monsieur,Monsieur,Ahmed ALAMI HASSANI,Directeur Général,CASABLANCA,001534150000054
199,,,2006-01-27,0.03,0.015,CAPITALISANT,MA0000040503,FCP,CDG CAPITAL GESTION; CDG,4050,0.01,FCP CKG BONDS,QUOTIDIENNE,FGP,OMLT,,MBI MLT,]4  8],CDG,7,"['kejjilali@cdgcapitalgestion.ma', 'himjrane@cdgcapitalgestion.ma', 'akorait@cdgcapitalgestion.ma', 'middleoffice@cdgcapitalgestion.ma']",82930863366.85,"101, Bd Al Massira Al Khadra, 3ème étage, Casablanca – Maroc",,,,CDG CAPITAL GESTION,+212 522 923 111,"['asfim@asfim.ma', 'r.elhonsali@asfim.ma', 'relachhab@cdgcapitalgestion.ma', 'baitssi@cdgcapitalgestion.ma', 'kejjilali@cdgcapitalgestion.ma', 'mkhazraji@cdgcapitalgestion.ma']",,Monsieur,Monsieur,Rachid ELACHHAB,Directeur Général,CASABLANCA,001431541000080
588,,,2023-08-18,0.03,0.015,CAPITALISANT,MA0000042228,FCP,CDG CAPITAL GESTION,4222,0.02,FCP CKG GARANTI,QUOTIDIENNE,FGP,CONTRACTUEL,,MONIA,-,CDG,7,"['kejjilali@cdgcapitalgestion.ma', 'himjrane@cdgcapitalgestion.ma', 'akorait@cdgcapitalgestion.ma', 'middleoffice@cdgcapitalgestion.ma']",82930863366.85,"101, Bd Al Massira Al Khadra, 3ème étage, Casablanca – Maroc",,,,CDG CAPITAL GESTION,+212 522 923 111,"['asfim@asfim.ma', 'r.elhonsali@asfim.ma', 'relachhab@cdgcapitalgestion.ma', 'baitssi@cdgcapitalgestion.ma', 'kejjilali@cdgcapitalgestion.ma', 'mkhazraji@cdgcapitalgestion.ma']",,Monsieur,Monsieur,Rachid ELACHHAB,Directeur Général,CASABLANCA,001431541000080
449,,,2018-10-09,0.0,0.0,CAPITALISANT,MA0000038218,FCP,VALORIS MANAGEMENT;CAPITAL GESTION GROUP,3821,0.02,FCP CMR EQUITIES,QUOTIDIENNE,FNPP,ACTIONS,,MASI,-,BCP,15,"['w.rhazoui@valoris.ma', 'a.elmahboub@valoris.ma', 'k.laoued@valoris.ma', 's.garrag@valoris.ma']",63671205418.82,"Angle Route El Jadida et Rue Aboudabi, Oasis Casablanca.",,,,VALORIS MANAGEMENT,+212 522 239 760,"['asfim@asfim.ma', 'r.elhonsali@asfim.ma', 'i.berrahou@valoris.ma', 'w.rhazoui@capitalgestiongroup.com', 'm.hassani@valoris.ma']",,Monsieur,Monsieur,Mostafa HASSANI,Directeur Général,CASABLANCA,001540868000058
206,,,2007-01-12,0.03,0.015,CAPITALISANT,MA0000040586,FCP,CDG CAPITAL GESTION,4058,0.02,FCP EDUCATION,HEBDOMADAIRE,FNPP,OMLT,,95% MBI MLT + 5% MASI,[4  8[,CDG CAPITAL,7,"['kejjilali@cdgcapitalgestion.ma', 'himjrane@cdgcapitalgestion.ma', 'akorait@cdgcapitalgestion.ma', 'middleoffice@cdgcapitalgestion.ma']",82930863366.85,"101, Bd Al Massira Al Khadra, 3ème étage, Casablanca – Maroc",,,,CDG CAPITAL GESTION,+212 522 923 111,"['asfim@asfim.ma', 'r.elhonsali@asfim.ma', 'relachhab@cdgcapitalgestion.ma', 'baitssi@cdgcapitalgestion.ma', 'kejjilali@cdgcapitalgestion.ma', 'mkhazraji@cdgcapitalgestion.ma']",,Monsieur,Monsieur,Rachid ELACHHAB,Directeur Général,CASABLANCA,001431541000080
582,,,2023-04-25,0.03,0.015,CAPITALISANT,MA0000039414,FCP,VALORIS GROUP;VALORIS MANAGEMENT,3941,0.02,FCP EMERGENCE ACTIONS,QUOTIDIENNE,FGP,ACTIONS,,MASI 20,-,ATTIJARIWAFA BANK,15,"['w.rhazoui@valoris.ma', 'a.elmahboub@valoris.ma', 'k.laoued@valoris.ma', 's.garrag@valoris.ma']",63671205418.82,"Angle Route El Jadida et Rue Aboudabi, Oasis Casablanca.",,,,VALORIS MANAGEMENT,+212 522 239 760,"['asfim@asfim.ma', 'r.elhonsali@asfim.ma', 'i.berrahou@valoris.ma', 'w.rhazoui@capitalgestiongroup.com', 'm.hassani@valoris.ma']",,Monsieur,Monsieur,Mostafa HASSANI,Directeur Général,CASABLANCA,001540868000058
491,,,2020-02-07,0.03,0.015,CAPITALISANT,MA0000038572,FCP,VALORIS MANAGEMENT,3857,0.02,FCP EMERGENCE ALLOCATION,HEBDOMADAIRE,FGP,DIVERSIFIÉ,,80% MBI GLOBAL + 20% MASI,-,CDG CAPITAL,15,"['w.rhazoui@valoris.ma', 'a.elmahboub@valoris.ma', 'k.laoued@valoris.ma', 's.garrag@valoris.ma']",63671205418.82,"Angle Route El Jadida et Rue Aboudabi, Oasis Casablanca.",,,,VALORIS MANAGEMENT,+212 522 239 760,"['asfim@asfim.ma', 'r.elhonsali@asfim.ma', 'i.berrahou@valoris.ma', 'w.rhazoui@capitalgestiongroup.com', 'm.hassani@valoris.ma']",,Monsieur,Monsieur,Mostafa HASSANI,Directeur Général,CASABLANCA,001540868000058
107,,,2014-09-03,0.0,0.0,CAPITALISANT,MA0000037616,FCP,VALORIS MANAGEMENT,3761,0.02,FCP EMERGENCE BANCAIRES,QUOTIDIENNE,FGP,OCT,,MBI CT,"]0,5 1,1]",BANK OF AFRICA,15,"['w.rhazoui@valoris.ma', 'a.elmahboub@valoris.ma', 'k.laoued@valoris.ma', 's.garrag@valoris.ma']",63671205418.82,"Angle Route El Jadida et Rue Aboudabi, Oasis Casablanca.",,,,VALORIS MANAGEMENT,+212 522 239 760,"['asfim@asfim.ma', 'r.elhonsali@asfim.ma', 'i.berrahou@valoris.ma', 'w.rhazoui@capitalgestiongroup.com', 'm.hassani@valoris.ma']",,Monsieur,Monsieur,Mostafa HASSANI,Directeur Général,CASABLANCA,001540868000058
408,,,2018-03-23,0.03,0.015,CAPITALISANT,MA0000038093,FCP,VALORIS MANAGEMENT,3809,0.02,FCP EMERGENCE DIVERSIFIÉ,HEBDOMADAIRE,FGP,DIVERSIFIÉ,,80% MBI GLOBAL + 20% MASI,-,BANK OF AFRICA,15,"['w.rhazoui@valoris.ma', 'a.elmahboub@valoris.ma', 'k.laoued@valoris.ma', 's.garrag@valoris.ma']",63671205418.82,"Angle Route El Jadida et Rue Aboudabi, Oasis Casablanca.",,,,VALORIS MANAGEMENT,+212 522 239 760,"['asfim@asfim.ma', 'r.elhonsali@asfim.ma', 'i.berrahou@valoris.ma', 'w.rhazoui@capitalgestiongroup.com', 'm.hassani@valoris.ma']",,Monsieur,Monsieur,Mostafa HASSANI,Directeur Général,CASABLANCA,001540868000058
536,,,2021-08-06,0.0,0.0,MIXTE,MA0000039661,FCP,VALORIS MANAGEMENT,3966,0.02,FCP EMERGENCE HARMONY FUND,QUOTIDIENNE,FNPP,OMLT,,MBI MT,"[1,1  10]",CIH BANK,15,"['w.rhazoui@valoris.ma', 'a.elmahboub@valoris.ma', 'k.laoued@valoris.ma', 's.garrag@valoris.ma']",63671205418.82,"Angle Route El Jadida et Rue Aboudabi, Oasis Casablanca.",,,,VALORIS MANAGEMENT,+212 522 239 760,"['asfim@asfim.ma', 'r.elhonsali@asfim.ma', 'i.berrahou@valoris.ma', 'w.rhazoui@capitalgestiongroup.com', 'm.hassani@valoris.ma']",,Monsieur,Monsieur,Mostafa HASSANI,Directeur Général,CASABLANCA,001540868000058
104,,,2015-07-13,0.03,0.015,CAPITALISANT,MA0000042152,FCP,VALORIS MANAGEMENT;VALORIS GROUP,4215,0.02,FCP EMERGENCE MONÉTAIRE PLUS ,QUOTIDIENNE,FGP,OCT,,MBI CT,"]0,5 1,1]",BANK OF AFRICA,15,"['w.rhazoui@valoris.ma', 'a.elmahboub@valoris.ma', 'k.laoued@valoris.ma', 's.garrag@valoris.ma']",63671205418.82,"Angle Route El Jadida et Rue Aboudabi, Oasis Casablanca.",,,,VALORIS MANAGEMENT,+212 522 239 760,"['asfim@asfim.ma', 'r.elhonsali@asfim.ma', 'i.berrahou@valoris.ma', 'w.rhazoui@capitalgestiongroup.com', 'm.hassani@valoris.ma']",,Monsieur,Monsieur,Mostafa HASSANI,Directeur Général,CASABLANCA,001540868000058
510,,,2020-12-08,0.03,0.015,CAPITALISANT,MA0000038754,FCP,Valoris Management; Capital Gestion Group,3875,0.02,FCP EMERGENCE OBLIG COURT TERME,QUOTIDIENNE,FGP,OCT,,MBI CT,"]0,5 1,1]",ATTIJARIWAFA BANK,15,"['w.rhazoui@valoris.ma', 'a.elmahboub@valoris.ma', 'k.laoued@valoris.ma', 's.garrag@valoris.ma']",63671205418.82,"Angle Route El Jadida et Rue Aboudabi, Oasis Casablanca.",,,,VALORIS MANAGEMENT,+212 522 239 760,"['asfim@asfim.ma', 'r.elhonsali@asfim.ma', 'i.berrahou@valoris.ma', 'w.rhazoui@capitalgestiongroup.com', 'm.hassani@valoris.ma']",,Monsieur,Monsieur,Mostafa HASSANI,Directeur Général,CASABLANCA,001540868000058
512,,,2020-12-15,0.03,0.015,CAPITALISANT,MA0000038770,FCP,VALORIS MANAGEMENT,3877,0.02,FCP EMERGENCE OBLIHORIZON,QUOTIDIENNE,FNPP,OMLT,,50% MBI MT + 50% MBI MLT,"]1,1  10]",CIH BANK,15,"['w.rhazoui@valoris.ma', 'a.elmahboub@valoris.ma', 'k.laoued@valoris.ma', 's.garrag@valoris.ma']",63671205418.82,"Angle Route El Jadida et Rue Aboudabi, Oasis Casablanca.",,,,VALORIS MANAGEMENT,+212 522 239 760,"['asfim@asfim.ma', 'r.elhonsali@asfim.ma', 'i.berrahou@valoris.ma', 'w.rhazoui@capitalgestiongroup.com', 'm.hassani@valoris.ma']",,Monsieur,Monsieur,Mostafa HASSANI,Directeur Général,CASABLANCA,001540868000058
448,,,2018-10-09,0.03,0.015,CAPITALISANT,MA0000038200,FCP,VALORIS MANAGEMENT;CAPITAL GESTION GROUP,3820,0.02,FCP EMERGENCE OBLIRENDEMENT,QUOTIDIENNE,FGP,OMLT,,MBI GLOBAL,"]1,1   5,1]",BCP,15,"['w.rhazoui@valoris.ma', 'a.elmahboub@valoris.ma', 'k.laoued@valoris.ma', 's.garrag@valoris.ma']",63671205418.82,"Angle Route El Jadida et Rue Aboudabi, Oasis Casablanca.",,,,VALORIS MANAGEMENT,+212 522 239 760,"['asfim@asfim.ma', 'r.elhonsali@asfim.ma', 'i.berrahou@valoris.ma', 'w.rhazoui@capitalgestiongroup.com', 'm.hassani@valoris.ma']",,Monsieur,Monsieur,Mostafa HASSANI,Directeur Général,CASABLANCA,001540868000058
610,,,2024-11-05,0.03,0.015,MIXTE,MA0000039604,FCP,VALORIS MANAGEMENT,3960,0.02,FCP EMERGENCE OPTIMUM,QUOTIDIENNE,FGP,DIVERSIFIÉ,,60% MBI + 40% MASI,-,CREDIT DU MAROC,15,"['w.rhazoui@valoris.ma', 'a.elmahboub@valoris.ma', 'k.laoued@valoris.ma', 's.garrag@valoris.ma']",63671205418.82,"Angle Route El Jadida et Rue Aboudabi, Oasis Casablanca.",,,,VALORIS MANAGEMENT,+212 522 239 760,"['asfim@asfim.ma', 'r.elhonsali@asfim.ma', 'i.berrahou@valoris.ma', 'w.rhazoui@capitalgestiongroup.com', 'm.hassani@valoris.ma']",,Monsieur,Monsieur,Mostafa HASSANI,Directeur Général,CASABLANCA,001540868000058
115,,,2006-06-09,0.0,0.0,CAPITALISANT,MA0000039356,FCP,VALORIS MANAGEMENT,3935,0.02,FCP EMERGENCE PATRIMOINE,QUOTIDIENNE,FNPP,DIVERSIFIÉ,AXA ASSURANCES MAROC,80% MBI GLOBAL + 20% MASI RB,-,BANK OF AFRICA,15,"['w.rhazoui@valoris.ma', 'a.elmahboub@valoris.ma', 'k.laoued@valoris.ma', 's.garrag@valoris.ma']",63671205418.82,"Angle Route El Jadida et Rue Aboudabi, Oasis Casablanca.",,,,VALORIS MANAGEMENT,+212 522 239 760,"['asfim@asfim.ma', 'r.elhonsali@asfim.ma', 'i.berrahou@valoris.ma', 'w.rhazoui@capitalgestiongroup.com', 'm.hassani@valoris.ma']",,Monsieur,Monsieur,Mostafa HASSANI,Directeur Général,CASABLANCA,001540868000058
583,,,2023-04-25,0.0,0.0,MIXTE,MA0000039422,FCP,VALORIS GROUP;VALORIS MANAGEMENT,3942,0.02,FCP EMERGENCE PERSPECTIVES,HEBDOMADAIRE,FNPP,DIVERSIFIÉ,INSTITUTIONNELS,80% MBI GLOBAL + 20% MASI RB,-,SAHAM BANK,15,"['w.rhazoui@valoris.ma', 'a.elmahboub@valoris.ma', 'k.laoued@valoris.ma', 's.garrag@valoris.ma']",63671205418.82,"Angle Route El Jadida et Rue Aboudabi, Oasis Casablanca.",,,,VALORIS MANAGEMENT,+212 522 239 760,"['asfim@asfim.ma', 'r.elhonsali@asfim.ma', 'i.berrahou@valoris.ma', 'w.rhazoui@capitalgestiongroup.com', 'm.hassani@valoris.ma']",,Monsieur,Monsieur,Mostafa HASSANI,Directeur Général,CASABLANCA,001540868000058
490,,,2020-01-17,0.03,0.015,CAPITALISANT,MA0000038564,FCP,VALORIS MANAGEMENT,3856,0.02,FCP EMERGENCE SELECTION,HEBDOMADAIRE,FGP,ACTIONS,,MASI,-,ATTIJARIWAFA BANK,15,"['w.rhazoui@valoris.ma', 'a.elmahboub@valoris.ma', 'k.laoued@valoris.ma', 's.garrag@valoris.ma']",63671205418.82,"Angle Route El Jadida et Rue Aboudabi, Oasis Casablanca.",,,,VALORIS MANAGEMENT,+212 522 239 760,"['asfim@asfim.ma', 'r.elhonsali@asfim.ma', 'i.berrahou@valoris.ma', 'w.rhazoui@capitalgestiongroup.com', 'm.hassani@valoris.ma']",,Monsieur,Monsieur,Mostafa HASSANI,Directeur Général,CASABLANCA,001540868000058
438,,,2018-05-03,0.0,0.0,CAPITALISANT,MA0000038127,FCP,VALORIS MANAGEMENT,3812,0.02,FCP EMERGENCE TRESOR,QUOTIDIENNE,FGP,MONÉTAIRE,,TMP au jour le jour,"[0   0,5]",BCP,15,"['w.rhazoui@valoris.ma', 'a.elmahboub@valoris.ma', 'k.laoued@valoris.ma', 's.garrag@valoris.ma']",63671205418.82,"Angle Route El Jadida et Rue Aboudabi, Oasis Casablanca.",,,,VALORIS MANAGEMENT,+212 522 239 760,"['asfim@asfim.ma', 'r.elhonsali@asfim.ma', 'i.berrahou@valoris.ma', 'w.rhazoui@capitalgestiongroup.com', 'm.hassani@valoris.ma']",,Monsieur,Monsieur,Mostafa HASSANI,Directeur Général,CASABLANCA,001540868000058
439,,,2018-05-03,0.03,0.015,CAPITALISANT,MA0000038119,FCP,VALORIS MANAGEMENT,3811,0.02,FCP EMERGENCE TRESOR PLUS,QUOTIDIENNE,FGP,OCT,,MBI CT,"]0,5 1,1]",BCP,15,"['w.rhazoui@valoris.ma', 'a.elmahboub@valoris.ma', 'k.laoued@valoris.ma', 's.garrag@valoris.ma']",63671205418.82,"Angle Route El Jadida et Rue Aboudabi, Oasis Casablanca.",,,,VALORIS MANAGEMENT,+212 522 239 760,"['asfim@asfim.ma', 'r.elhonsali@asfim.ma', 'i.berrahou@valoris.ma', 'w.rhazoui@capitalgestiongroup.com', 'm.hassani@valoris.ma']",,Monsieur,Monsieur,Mostafa HASSANI,Directeur Général,CASABLANCA,001540868000058
511,,,2020-12-08,0.03,0.015,CAPITALISANT,MA0000038762,FCP,Valoris Management; Capital Gestion Group,3876,0.02,FCP EMERGENCE TRESORERIE,QUOTIDIENNE,FGP,MONÉTAIRE,,MONIA,"]0  0,5]",CDG CAPITAL,15,"['w.rhazoui@valoris.ma', 'a.elmahboub@valoris.ma', 'k.laoued@valoris.ma', 's.garrag@valoris.ma']",63671205418.82,"Angle Route El Jadida et Rue Aboudabi, Oasis Casablanca.",,,,VALORIS MANAGEMENT,+212 522 239 760,"['asfim@asfim.ma', 'r.elhonsali@asfim.ma', 'i.berrahou@valoris.ma', 'w.rhazoui@capitalgestiongroup.com', 'm.hassani@valoris.ma']",,Monsieur,Monsieur,Mostafa HASSANI,Directeur Général,CASABLANCA,001540868000058
516,,,2020-12-18,0.03,0.015,CAPITALISANT,MA0000038788,FCP,VALORIS MANAGEMENT,3878,0.02,FCP EV CAT,HEBDOMADAIRE,FNPP,OMLT,,MBI GLOBAL,"]1,1  10]",CIH BANK,15,"['w.rhazoui@valoris.ma', 'a.elmahboub@valoris.ma', 'k.laoued@valoris.ma', 's.garrag@valoris.ma']",63671205418.82,"Angle Route El Jadida et Rue Aboudabi, Oasis Casablanca.",,,,VALORIS MANAGEMENT,+212 522 239 760,"['asfim@asfim.ma', 'r.elhonsali@asfim.ma', 'i.berrahou@valoris.ma', 'w.rhazoui@capitalgestiongroup.com', 'm.hassani@valoris.ma']",,Monsieur,Monsieur,Mostafa HASSANI,Directeur Général,CASABLANCA,001540868000058
612,,,2025-01-02,0.0,0.0,MIXTE,MA0000039620,FCP,VALORIS MANAGEMENT,3962,0.02,FCP FH2 OBLIGATAIRE DP,QUOTIDIENNE,FNPP,OMLT,INSTITUTIONNELS-FH2,90% MBI MT + 10% MBI MLT + 50 pbs,"[1,1 5]",CDM,15,"['w.rhazoui@valoris.ma', 'a.elmahboub@valoris.ma', 'k.laoued@valoris.ma', 's.garrag@valoris.ma']",63671205418.82,"Angle Route El Jadida et Rue Aboudabi, Oasis Casablanca.",,,,VALORIS MANAGEMENT,+212 522 239 760,"['asfim@asfim.ma', 'r.elhonsali@asfim.ma', 'i.berrahou@valoris.ma', 'w.rhazoui@capitalgestiongroup.com', 'm.hassani@valoris.ma']",,Monsieur,Monsieur,Mostafa HASSANI,Directeur Général,CASABLANCA,001540868000058
649,,,2026-07-22,0.03,0.015,MIXTE,MA0000042665,FCP,SAHAM CAPITAL GESTION; SAHAM BANK,4266,0.02,FCP HORIZON ACTIONS,QUOTIDIENNE,FGP,ACTIONS,,MASI 20,-,SAHAM BANK,13,"['mohammed.alami-chentoufi@sahambank.com', 'mohamed-amine.el-moudaffar@sahambank.com', 'Omar.Abzahd@sahambank.com', 'skg.sales@sahambank.com']",42713528406.17,"55, Bd Abdelmoumen 20100 – Casablanca – Maroc",,,https://fundshare.asfim.ma/media/images/Logo_SAHAM_CAPITAL_GESTION.png,SAHAM CAPITAL GESTION,+212 522 439 810,"['asfim@asfim.ma', 'r.elhonsali@asfim.ma', 'mohamed-amine.el-moudaffar@sahambank.com', 'mohammed.alami-chentoufi@sahambank.com', 'tahar.zerrari@sahambank.com']",https://www.sahamcapitalgestion.com,Monsieur,Monsieur,Tahar ZERRARI,Directeur Général,CASABLANCA,001515144000086
648,,,2026-07-22,0.03,0.015,MIXTE,MA0000042657,FCP,SAHAM CAPITAL GESTION; SAHAM BANK,4265,0.02,FCP HORIZON DIVERSIFIE,QUOTIDIENNE,FGP,DIVERSIFIÉ,,50% MBI GLOBAL + 50% MASI,-,SAHAM BANK,13,"['mohammed.alami-chentoufi@sahambank.com', 'mohamed-amine.el-moudaffar@sahambank.com', 'Omar.Abzahd@sahambank.com', 'skg.sales@sahambank.com']",42713528406.17,"55, Bd Abdelmoumen 20100 – Casablanca – Maroc",,,https://fundshare.asfim.ma/media/images/Logo_SAHAM_CAPITAL_GESTION.png,SAHAM CAPITAL GESTION,+212 522 439 810,"['asfim@asfim.ma', 'r.elhonsali@asfim.ma', 'mohamed-amine.el-moudaffar@sahambank.com', 'mohammed.alami-chentoufi@sahambank.com', 'tahar.zerrari@sahambank.com']",https://www.sahamcapitalgestion.com,Monsieur,Monsieur,Tahar ZERRARI,Directeur Général,CASABLANCA,001515144000086
214,,,2007-06-01,0.03,0.015,CAPITALISANT,MA0000040677,FCP,CDG CAPITAL GESTION,4067,0.02,FCP INSTITUTIONS,QUOTIDIENNE,FGP,OCT,,90% MBI CT + 10% MBI MT,"]0,5  1,1]",CDG CAPITAL,7,"['kejjilali@cdgcapitalgestion.ma', 'himjrane@cdgcapitalgestion.ma', 'akorait@cdgcapitalgestion.ma', 'middleoffice@cdgcapitalgestion.ma']",82930863366.85,"101, Bd Al Massira Al Khadra, 3ème étage, Casablanca – Maroc",,,,CDG CAPITAL GESTION,+212 522 923 111,"['asfim@asfim.ma', 'r.elhonsali@asfim.ma', 'relachhab@cdgcapitalgestion.ma', 'baitssi@cdgcapitalgestion.ma', 'kejjilali@cdgcapitalgestion.ma', 'mkhazraji@cdgcapitalgestion.ma']",,Monsieur,Monsieur,Rachid ELACHHAB,Directeur Général,CASABLANCA,001431541000080
2,,,2009-11-02,0.03,0.015,CAPITALISANT,MA0000036923,FCP,IRG ASSET MANAGEMENT,3692,0.02,FCP IRGAM ACTIONS,QUOTIDIENNE,FGP,ACTIONS,,MASI FLOTTANT,-,ATTIJARIWAFA BANK,9,"['o.rachid@irg-am.ma', 'irgam@irg-am.ma']",19000444288.63,21 Rue Ras El Maa CIL Casablanca,,,,IRG ASSET MANAGEMENT,+212 522 200 330,"['asfim@asfim.ma', 'r.elhonsali@asfim.ma', 'compta@irg-am.ma', 't.benamar@irg-am.ma', 'o.rachid@irg-am.ma']",,Monsieur,Monsieur le Président,Omar ALAMI,Président Directeur Général,CASABLANCA,000081144000051
1,,,2009-11-02,0.03,0.015,CAPITALISANT,MA0000036907,FCP,IRG ASSET MANAGEMENT,3690,0.02,FCP IRGAM MONETAIRE,QUOTIDIENNE,FGP,MONÉTAIRE,,80% MONIA + 20% MBI CT,"]0 0,5]",ATTIJARIWAFA BANK,9,"['o.rachid@irg-am.ma', 'irgam@irg-am.ma']",19000444288.63,21 Rue Ras El Maa CIL Casablanca,,,,IRG ASSET MANAGEMENT,+212 522 200 330,"['asfim@asfim.ma', 'r.elhonsali@asfim.ma', 'compta@irg-am.ma', 't.benamar@irg-am.ma', 'o.rachid@irg-am.ma']",,Monsieur,Monsieur le Président,Omar ALAMI,Président Directeur Général,CASABLANCA,000081144000051
4,,,2012-04-16,0.03,0.015,CAPITALISANT,MA0000041121,FCP,IRG ASSET MANAGEMENT,4112,0.02,FCP IRGAM MONETAIRE PLUS,QUOTIDIENNE,FGP,OCT,,MBI CT,"]0,5 1,1]",ATTIJARIWAFA BANK,9,"['o.rachid@irg-am.ma', 'irgam@irg-am.ma']",19000444288.63,21 Rue Ras El Maa CIL Casablanca,,,,IRG ASSET MANAGEMENT,+212 522 200 330,"['asfim@asfim.ma', 'r.elhonsali@asfim.ma', 'compta@irg-am.ma', 't.benamar@irg-am.ma', 'o.rachid@irg-am.ma']",,Monsieur,Monsieur le Président,Omar ALAMI,Président Directeur Général,CASABLANCA,000081144000051
5,,,2015-11-27,0.03,0.015,CAPITALISANT,MA0000037889,FCP,IRG ASSET MANAGEMENT,3788,0.02,FCP IRGAM OBLIBANQUES,QUOTIDIENNE,FGP,OCT,,MBI CT,"]0,5 1,1]",BANK OF AFRICA,9,"['o.rachid@irg-am.ma', 'irgam@irg-am.ma']",19000444288.63,21 Rue Ras El Maa CIL Casablanca,,,,IRG ASSET MANAGEMENT,+212 522 200 330,"['asfim@asfim.ma', 'r.elhonsali@asfim.ma', 'compta@irg-am.ma', 't.benamar@irg-am.ma', 'o.rachid@irg-am.ma']",,Monsieur,Monsieur le Président,Omar ALAMI,Président Directeur Général,CASABLANCA,000081144000051
3,,,2009-11-02,0.03,0.015,CAPITALISANT,MA0000036915,FCP,IRG ASSET MANAGEMENT,3691,0.02,FCP IRGAM OBLIGATAIRE,QUOTIDIENNE,FGP,OMLT,,MBI MLT,"[3,5  7,5]",ATTIJARIWAFA BANK,9,"['o.rachid@irg-am.ma', 'irgam@irg-am.ma']",19000444288.63,21 Rue Ras El Maa CIL Casablanca,,,,IRG ASSET MANAGEMENT,+212 522 200 330,"['asfim@asfim.ma', 'r.elhonsali@asfim.ma', 'compta@irg-am.ma', 't.benamar@irg-am.ma', 'o.rachid@irg-am.ma']",,Monsieur,Monsieur le Président,Omar ALAMI,Président Directeur Général,CASABLANCA,000081144000051
220,,,2009-01-23,0.03,0.015,CAPITALISANT,MA0000040776,FCP,CDG CAPITAL GESTION,4077,0.02,FCP LIQUIDITES,QUOTIDIENNE,FNPP,MONÉTAIRE,INSTITUTIONNELS,70% TMP + 30% MBI CT,"[0  0,5[",CDG CAPITAL,7,"['kejjilali@cdgcapitalgestion.ma', 'himjrane@cdgcapitalgestion.ma', 'akorait@cdgcapitalgestion.ma', 'middleoffice@cdgcapitalgestion.ma']",82930863366.85,"101, Bd Al Massira Al Khadra, 3ème étage, Casablanca – Maroc",,,,CDG CAPITAL GESTION,+212 522 923 111,"['asfim@asfim.ma', 'r.elhonsali@asfim.ma', 'relachhab@cdgcapitalgestion.ma', 'baitssi@cdgcapitalgestion.ma', 'kejjilali@cdgcapitalgestion.ma', 'mkhazraji@cdgcapitalgestion.ma']",,Monsieur,Monsieur,Rachid ELACHHAB,Directeur Général,CASABLANCA,001431541000080
176,,,2008-02-22,0.015,0.003,CAPITALISANT,MA0000036691,FCP,MAROGEST,3669,0.01,FCP MAROC CREANCES,HEBDOMADAIRE,FGP,OMLT,,MBI GLOBAL,"[1,1  5,1[",CIH BANK,10,"['k.elghadbane@marogest.ma', 'i.aballaoui@marogest.ma']",11029975326.68,"Immeuble Zénith, lotissement Tawfiq. Sidi Maarouf – Casablanca – Maroc",,,,MAROGEST,+212 522 974 961,"['asfim@asfim.ma', 'r.elhonsali@asfim.ma', 'w.mbarek@msin.ma', 'i.masaoudi@marogest.ma', 'chaaoub@marogest.ma']",,Monsieur,Monsieur,Farid CHAAOUB,Administrateur Directeur Général,CASABLANCA,001527146000012
175,,,2008-02-22,0.015,0.003,CAPITALISANT,MA0000036683,FCP,MAROGEST,3668,0.01,FCP MAROC INSTITUTIONS,HEBDOMADAIRE,FGP,OMLT,,MBI LT,"[5,1  9,1[",CIH BANK,10,"['k.elghadbane@marogest.ma', 'i.aballaoui@marogest.ma']",11029975326.68,"Immeuble Zénith, lotissement Tawfiq. Sidi Maarouf – Casablanca – Maroc",,,,MAROGEST,+212 522 974 961,"['asfim@asfim.ma', 'r.elhonsali@asfim.ma', 'w.mbarek@msin.ma', 'i.masaoudi@marogest.ma', 'chaaoub@marogest.ma']",,Monsieur,Monsieur,Farid CHAAOUB,Administrateur Directeur Général,CASABLANCA,001527146000012
172,,,2002-02-01,0.03,0.015,CAPITALISANT,MA0000036188,FCP,MAROGEST,3618,0.01,FCP MAROC RENDEMENT,HEBDOMADAIRE,FGP,OCT,,MBI CT,"]0,5 1,1]",CIH BANK,10,"['k.elghadbane@marogest.ma', 'i.aballaoui@marogest.ma']",11029975326.68,"Immeuble Zénith, lotissement Tawfiq. Sidi Maarouf – Casablanca – Maroc",,,,MAROGEST,+212 522 974 961,"['asfim@asfim.ma', 'r.elhonsali@asfim.ma', 'w.mbarek@msin.ma', 'i.masaoudi@marogest.ma', 'chaaoub@marogest.ma']",,Monsieur,Monsieur,Farid CHAAOUB,Administrateur Directeur Général,CASABLANCA,001527146000012
596,,,2024-03-22,0.0,0.0,CAPITALISANT,MA0000039513,FCP,MAROGEST,3951,0.0,FCP MAROGEST BONDS,QUOTIDIENNE,FNPP,OMLT,INSTITUTIONNELS,100% MBI GLOBAL,"]1,1   8,1]",CIH BANK,10,"['k.elghadbane@marogest.ma', 'i.aballaoui@marogest.ma']",11029975326.68,"Immeuble Zénith, lotissement Tawfiq. Sidi Maarouf – Casablanca – Maroc",,,,MAROGEST,+212 522 974 961,"['asfim@asfim.ma', 'r.elhonsali@asfim.ma', 'w.mbarek@msin.ma', 'i.masaoudi@marogest.ma', 'chaaoub@marogest.ma']",,Monsieur,Monsieur,Farid CHAAOUB,Administrateur Directeur Général,CASABLANCA,001527146000012
177,,,2012-01-19,0.0,0.0,CAPITALISANT,MA0000037251,FCP,MAROGEST,3725,0.02,FCP MAROGEST CASH,QUOTIDIENNE,FGP,MONÉTAIRE,,TMP INTERBANCAIRE,"]0  0,5]",ATTIJARIWAFA BANK,10,"['k.elghadbane@marogest.ma', 'i.aballaoui@marogest.ma']",11029975326.68,"Immeuble Zénith, lotissement Tawfiq. Sidi Maarouf – Casablanca – Maroc",,,,MAROGEST,+212 522 974 961,"['asfim@asfim.ma', 'r.elhonsali@asfim.ma', 'w.mbarek@msin.ma', 'i.masaoudi@marogest.ma', 'chaaoub@marogest.ma']",,Monsieur,Monsieur,Farid CHAAOUB,Administrateur Directeur Général,CASABLANCA,001527146000012
56,,,2004-04-02,0.02,0.02,DISTRIBUANT,MA0000035891,FCP,BMCE CAPITAL GESTION,3589,0.02,FCP MEDERSAT.COM,HEBDOMADAIRE,FGP,DIVERSIFIÉ,,50% MASI + 50% MBI Global,-,BANK OF AFRICA,4,"['f.eljaouhari@bmcek.co.ma', 'a.elyoussefi@bmcek.co.ma', 's.larhbali@bmcek.co.ma', 'a.benkirane@bmcek.co.ma', 'z.elandaloussi@bmcek.co.ma']",104927601110.3,"63, Boulevard Moulay Youssef, 20070 Casablanca – Maroc",,,,BMCE CAPITAL GESTION,+212 520 364 300,"['asfim@asfim.ma', 'r.elhonsali@asfim.ma', 'a.elyoussefi@bmcek.co.ma', 'f.eljaouhari@bmcek.co.ma', 'a.alami@bmcek.co.ma']",,Monsieur,Monsieur,Ahmed ALAMI HASSANI,Directeur Général,CASABLANCA,001534150000054
533,,,2021-07-15,0.03,0.015,CAPITALISANT,MA0000038945,FCP,CDG CAPITAL GESTION,3894,0.02,FCP MONETAIRE DYNAMIQUE,QUOTIDIENNE,FGP,MONÉTAIRE,,50% MONIA + 50% MBI CT,"]0  0,5[",ATTIJARIWAFA BANK,7,"['kejjilali@cdgcapitalgestion.ma', 'himjrane@cdgcapitalgestion.ma', 'akorait@cdgcapitalgestion.ma', 'middleoffice@cdgcapitalgestion.ma']",82930863366.85,"101, Bd Al Massira Al Khadra, 3ème étage, Casablanca – Maroc",,,,CDG CAPITAL GESTION,+212 522 923 111,"['asfim@asfim.ma', 'r.elhonsali@asfim.ma', 'relachhab@cdgcapitalgestion.ma', 'baitssi@cdgcapitalgestion.ma', 'kejjilali@cdgcapitalgestion.ma', 'mkhazraji@cdgcapitalgestion.ma']",,Monsieur,Monsieur,Rachid ELACHHAB,Directeur Général,CASABLANCA,001431541000080
513,,,2020-12-17,0.03,0.015,CAPITALISANT,MA0000041600,FCP,CDG CAPITAL GESTION,4160,0.02,FCP MONETAIRE PREMIUM,QUOTIDIENNE,FGP,MONÉTAIRE,,50% MONIA + 50% MBI CT,"]0  0,5]",BCP,7,"['kejjilali@cdgcapitalgestion.ma', 'himjrane@cdgcapitalgestion.ma', 'akorait@cdgcapitalgestion.ma', 'middleoffice@cdgcapitalgestion.ma']",82930863366.85,"101, Bd Al Massira Al Khadra, 3ème étage, Casablanca – Maroc",,,,CDG CAPITAL GESTION,+212 522 923 111,"['asfim@asfim.ma', 'r.elhonsali@asfim.ma', 'relachhab@cdgcapitalgestion.ma', 'baitssi@cdgcapitalgestion.ma', 'kejjilali@cdgcapitalgestion.ma', 'mkhazraji@cdgcapitalgestion.ma']",,Monsieur,Monsieur,Rachid ELACHHAB,Directeur Général,CASABLANCA,001431541000080
32,,,2009-09-11,0.0,0.0,CAPITALISANT,MA0000036832,FCP,BMCE CAPITAL GESTION,3683,0.006,FCP MOUSTAQBAL CRP,HEBDOMADAIRE,FNPP,DIVERSIFIÉ,INSTITUTIONNELS,75% MBI + 25% MASI RB,-,BANK OF AFRICA,4,"['f.eljaouhari@bmcek.co.ma', 'a.elyoussefi@bmcek.co.ma', 's.larhbali@bmcek.co.ma', 'a.benkirane@bmcek.co.ma', 'z.elandaloussi@bmcek.co.ma']",104927601110.3,"63, Boulevard Moulay Youssef, 20070 Casablanca – Maroc",,,,BMCE CAPITAL GESTION,+212 520 364 300,"['asfim@asfim.ma', 'r.elhonsali@asfim.ma', 'a.elyoussefi@bmcek.co.ma', 'f.eljaouhari@bmcek.co.ma', 'a.alami@bmcek.co.ma']",,Monsieur,Monsieur,Ahmed ALAMI HASSANI,Directeur Général,CASABLANCA,001534150000054
178,,,2002-02-01,0.02,0.02,CAPITALISANT,MA0000037467,FCP,MAROGEST,3746,0.02,FCP MSIN ACTIONS,HEBDOMADAIRE,FGP,ACTIONS,,MASI,-,CIH BANK,10,"['k.elghadbane@marogest.ma', 'i.aballaoui@marogest.ma']",11029975326.68,"Immeuble Zénith, lotissement Tawfiq. Sidi Maarouf – Casablanca – Maroc",,,,MAROGEST,+212 522 974 961,"['asfim@asfim.ma', 'r.elhonsali@asfim.ma', 'w.mbarek@msin.ma', 'i.masaoudi@marogest.ma', 'chaaoub@marogest.ma']",,Monsieur,Monsieur,Farid CHAAOUB,Administrateur Directeur Général,CASABLANCA,001527146000012
219,,,2009-01-23,0.03,0.015,CAPITALISANT,MA0000040768,FCP,CDG CAPITAL GESTION,4076,0.02,FCP OBLIG COURT TERME,QUOTIDIENNE ,FGP,OCT,,75% MBI CT + 25% MBI MT,"[0,5  1,1[",CDG CAPITAL,7,"['kejjilali@cdgcapitalgestion.ma', 'himjrane@cdgcapitalgestion.ma', 'akorait@cdgcapitalgestion.ma', 'middleoffice@cdgcapitalgestion.ma']",82930863366.85,"101, Bd Al Massira Al Khadra, 3ème étage, Casablanca – Maroc",,,,CDG CAPITAL GESTION,+212 522 923 111,"['asfim@asfim.ma', 'r.elhonsali@asfim.ma', 'relachhab@cdgcapitalgestion.ma', 'baitssi@cdgcapitalgestion.ma', 'kejjilali@cdgcapitalgestion.ma', 'mkhazraji@cdgcapitalgestion.ma']",,Monsieur,Monsieur,Rachid ELACHHAB,Directeur Général,CASABLANCA,001431541000080
551,,,2021-11-26,0.03,0.015,CAPITALISANT,MA0000039083,FCP,IRG ASSET MANAGEMENT,3908,0.02,FCP OBLIG LONG TERM,HEBDOMADAIRE,FGP,OMLT,,80% MBI MLT+20% MBI LT,]4  8],ATTIJARIWAFA BANK,9,"['o.rachid@irg-am.ma', 'irgam@irg-am.ma']",19000444288.63,21 Rue Ras El Maa CIL Casablanca,,,,IRG ASSET MANAGEMENT,+212 522 200 330,"['asfim@asfim.ma', 'r.elhonsali@asfim.ma', 'compta@irg-am.ma', 't.benamar@irg-am.ma', 'o.rachid@irg-am.ma']",,Monsieur,Monsieur le Président,Omar ALAMI,Président Directeur Général,CASABLANCA,000081144000051
550,,,2021-11-22,0.03,0.015,CAPITALISANT,MA0000039075,FCP,IRG ASSET MANAGEMENT,3907,0.02,FCP OBLIG OPPORTUNITES,QUOTIDIENNE,FGP,OMLT,,MBI MT,"]1,1   5,1]",CDG,9,"['o.rachid@irg-am.ma', 'irgam@irg-am.ma']",19000444288.63,21 Rue Ras El Maa CIL Casablanca,,,,IRG ASSET MANAGEMENT,+212 522 200 330,"['asfim@asfim.ma', 'r.elhonsali@asfim.ma', 'compta@irg-am.ma', 't.benamar@irg-am.ma', 'o.rachid@irg-am.ma']",,Monsieur,Monsieur le Président,Omar ALAMI,Président Directeur Général,CASABLANCA,000081144000051
537,,,2021-03-26,0.03,0.015,CAPITALISANT,MA0000041626,FCP,CDG CAPITAL GESTION,4162,0.02,FCP OBLIG PERENITE,HEBDOMADAIRE,FGP,OMLT,,MBI MLT,]4  8],CDG CAPITAL,7,"['kejjilali@cdgcapitalgestion.ma', 'himjrane@cdgcapitalgestion.ma', 'akorait@cdgcapitalgestion.ma', 'middleoffice@cdgcapitalgestion.ma']",82930863366.85,"101, Bd Al Massira Al Khadra, 3ème étage, Casablanca – Maroc",,,,CDG CAPITAL GESTION,+212 522 923 111,"['asfim@asfim.ma', 'r.elhonsali@asfim.ma', 'relachhab@cdgcapitalgestion.ma', 'baitssi@cdgcapitalgestion.ma', 'kejjilali@cdgcapitalgestion.ma', 'mkhazraji@cdgcapitalgestion.ma']",,Monsieur,Monsieur,Rachid ELACHHAB,Directeur Général,CASABLANCA,001431541000080
538,,,2021-03-15,0.03,0.015,CAPITALISANT,MA0000041634,FCP,CDG CAPITAL GESTION,4163,0.02,FCP OBLIGATIONS OPTIMUM,HEBDOMADAIRE,FGP,OMLT,,MBI GLOBAL,"]1,1 10]",CDG CAPITAL,7,"['kejjilali@cdgcapitalgestion.ma', 'himjrane@cdgcapitalgestion.ma', 'akorait@cdgcapitalgestion.ma', 'middleoffice@cdgcapitalgestion.ma']",82930863366.85,"101, Bd Al Massira Al Khadra, 3ème étage, Casablanca – Maroc",,,,CDG CAPITAL GESTION,+212 522 923 111,"['asfim@asfim.ma', 'r.elhonsali@asfim.ma', 'relachhab@cdgcapitalgestion.ma', 'baitssi@cdgcapitalgestion.ma', 'kejjilali@cdgcapitalgestion.ma', 'mkhazraji@cdgcapitalgestion.ma']",,Monsieur,Monsieur,Rachid ELACHHAB,Directeur Général,CASABLANCA,001431541000080
531,,,2021-05-21,0.03,0.015,CAPITALISANT,MA0000038929,FCP,CDG CAPITAL GESTION,3892,0.02,FCP OCT DYNAMIQUE,QUOTIDIENNE,FGP,OCT,,90% MBI CT + 10% MBI MT,"]0,5 1,1]",ATTIJARIWAFA BANK,7,"['kejjilali@cdgcapitalgestion.ma', 'himjrane@cdgcapitalgestion.ma', 'akorait@cdgcapitalgestion.ma', 'middleoffice@cdgcapitalgestion.ma']",82930863366.85,"101, Bd Al Massira Al Khadra, 3ème étage, Casablanca – Maroc",,,,CDG CAPITAL GESTION,+212 522 923 111,"['asfim@asfim.ma', 'r.elhonsali@asfim.ma', 'relachhab@cdgcapitalgestion.ma', 'baitssi@cdgcapitalgestion.ma', 'kejjilali@cdgcapitalgestion.ma', 'mkhazraji@cdgcapitalgestion.ma']",,Monsieur,Monsieur,Rachid ELACHHAB,Directeur Général,CASABLANCA,001431541000080
218,,,2009-01-23,0.03,0.015,CAPITALISANT,MA0000040750,FCP,CDG CAPITAL GESTION,4075,0.02,FCP OPPORTUNITES,HEBDOMADAIRE,FNPP,ACTIONS,,MASI,-,CDG CAPITAL,7,"['kejjilali@cdgcapitalgestion.ma', 'himjrane@cdgcapitalgestion.ma', 'akorait@cdgcapitalgestion.ma', 'middleoffice@cdgcapitalgestion.ma']",82930863366.85,"101, Bd Al Massira Al Khadra, 3ème étage, Casablanca – Maroc",,,,CDG CAPITAL GESTION,+212 522 923 111,"['asfim@asfim.ma', 'r.elhonsali@asfim.ma', 'relachhab@cdgcapitalgestion.ma', 'baitssi@cdgcapitalgestion.ma', 'kejjilali@cdgcapitalgestion.ma', 'mkhazraji@cdgcapitalgestion.ma']",,Monsieur,Monsieur,Rachid ELACHHAB,Directeur Général,CASABLANCA,001431541000080
615,,,2025-05-30,0.03,0.015,CAPITALISANT,MA0000039711,FCP,ALPHAVEST ASSET MANAGEMENT,3971,0.02,FCP OPTIMA DYNAMIQUE,QUOTIDIENNE,FGP,OCT,,MBI CT,"[0,5  1,1]",BANK OF AFRICA,22,"['g.daoudi@alphavest.ma', 'n.bouders@alphavest.ma', 's.elhalla@alphavest.ma']",3611562894.02,"ESPACE LES LAURIERS, AILE B, 4ème ETAGE, ANGLE DES AVENUES ANNAKHIL ET MEHDI BEN BARKA, HAY RIAD, RABAT",,,https://fundshare.asfim.ma/media/images/ALPHAVEST---Logo-Light.png,ALPHAVEST ASSET MANAGEMENT,+212 (0) 520048390,"['asfim@asfim.ma', 'r.elhonsali@asfim.ma', 'g.daoudi@alphavest.ma', 'w.ouardi@alphavest.ma']",,Madame,Madame,Widad OUARDI,Directeur Général,RABAT,003553403000043
617,,,2025-06-03,0.03,0.015,CAPITALISANT,MA0000039679,FCP,ALPHAVEST ASSET MANAGEMENT,3967,0.02,FCP OPTIMA EQUILIBRE,QUOTIDIENNE,FGP,DIVERSIFIÉ,,60% MBI GLOBAL + 40% MASI,-,BANQUE CENTRALE POPULAIRE,22,"['g.daoudi@alphavest.ma', 'n.bouders@alphavest.ma', 's.elhalla@alphavest.ma']",3611562894.02,"ESPACE LES LAURIERS, AILE B, 4ème ETAGE, ANGLE DES AVENUES ANNAKHIL ET MEHDI BEN BARKA, HAY RIAD, RABAT",,,https://fundshare.asfim.ma/media/images/ALPHAVEST---Logo-Light.png,ALPHAVEST ASSET MANAGEMENT,+212 (0) 520048390,"['asfim@asfim.ma', 'r.elhonsali@asfim.ma', 'g.daoudi@alphavest.ma', 'w.ouardi@alphavest.ma']",,Madame,Madame,Widad OUARDI,Directeur Général,RABAT,003553403000043
618,,,2025-06-03,0.03,0.015,CAPITALISANT,MA0000039687,FCP,ALPHAVEST ASSET MANAGEMENT,3968,0.02,FCP OPTIMA MONETAIRE,QUOTIDIENNE,FGP,MONÉTAIRE,,MONIA,"[0  0,5]",BANQUE CENTRALE POPULAIRE,22,"['g.daoudi@alphavest.ma', 'n.bouders@alphavest.ma', 's.elhalla@alphavest.ma']",3611562894.02,"ESPACE LES LAURIERS, AILE B, 4ème ETAGE, ANGLE DES AVENUES ANNAKHIL ET MEHDI BEN BARKA, HAY RIAD, RABAT",,,https://fundshare.asfim.ma/media/images/ALPHAVEST---Logo-Light.png,ALPHAVEST ASSET MANAGEMENT,+212 (0) 520048390,"['asfim@asfim.ma', 'r.elhonsali@asfim.ma', 'g.daoudi@alphavest.ma', 'w.ouardi@alphavest.ma']",,Madame,Madame,Widad OUARDI,Directeur Général,RABAT,003553403000043
619,,,2025-06-03,0.03,0.015,CAPITALISANT,MA0000039695,FCP,ALPHAVEST ASSET MANAGEMENT,3969,0.02,FCP OPTIMA OBLIGATAIRE,QUOTIDIENNE,FGP,OMLT,,MBI GLOBAL,[4  8],BANQUE CENTRALE POPULAIRE,22,"['g.daoudi@alphavest.ma', 'n.bouders@alphavest.ma', 's.elhalla@alphavest.ma']",3611562894.02,"ESPACE LES LAURIERS, AILE B, 4ème ETAGE, ANGLE DES AVENUES ANNAKHIL ET MEHDI BEN BARKA, HAY RIAD, RABAT",,,https://fundshare.asfim.ma/media/images/ALPHAVEST---Logo-Light.png,ALPHAVEST ASSET MANAGEMENT,+212 (0) 520048390,"['asfim@asfim.ma', 'r.elhonsali@asfim.ma', 'g.daoudi@alphavest.ma', 'w.ouardi@alphavest.ma']",,Madame,Madame,Widad OUARDI,Directeur Général,RABAT,003553403000043
616,,,2025-05-30,0.03,0.015,CAPITALISANT,MA0000039729,FCP,ALPHAVEST ASSET MANAGEMENT,3972,0.02,FCP OPTIMA PERFORMANCE,QUOTIDIENNE,FGP,ACTIONS,,MASI,-,BANK OF AFRICA,22,"['g.daoudi@alphavest.ma', 'n.bouders@alphavest.ma', 's.elhalla@alphavest.ma']",3611562894.02,"ESPACE LES LAURIERS, AILE B, 4ème ETAGE, ANGLE DES AVENUES ANNAKHIL ET MEHDI BEN BARKA, HAY RIAD, RABAT",,,https://fundshare.asfim.ma/media/images/ALPHAVEST---Logo-Light.png,ALPHAVEST ASSET MANAGEMENT,+212 (0) 520048390,"['asfim@asfim.ma', 'r.elhonsali@asfim.ma', 'g.daoudi@alphavest.ma', 'w.ouardi@alphavest.ma']",,Madame,Madame,Widad OUARDI,Directeur Général,RABAT,003553403000043
614,,,2025-05-30,0.03,0.015,CAPITALISANT,MA0000039703,FCP,ALPHAVEST ASSET MANAGEMENT,3970,0.02,FCP OPTIMA SOUVERAIN,QUOTIDIENNE,FGP,OMLT,,MBI GLOBAL,[4  8],BANK OF AFRICA,22,"['g.daoudi@alphavest.ma', 'n.bouders@alphavest.ma', 's.elhalla@alphavest.ma']",3611562894.02,"ESPACE LES LAURIERS, AILE B, 4ème ETAGE, ANGLE DES AVENUES ANNAKHIL ET MEHDI BEN BARKA, HAY RIAD, RABAT",,,https://fundshare.asfim.ma/media/images/ALPHAVEST---Logo-Light.png,ALPHAVEST ASSET MANAGEMENT,+212 (0) 520048390,"['asfim@asfim.ma', 'r.elhonsali@asfim.ma', 'g.daoudi@alphavest.ma', 'w.ouardi@alphavest.ma']",,Madame,Madame,Widad OUARDI,Directeur Général,RABAT,003553403000043
638,,,2026-04-07,0.03,0.015,CAPITALISANT,MA0000039984,FCP,QUANTUM CAPITAL GESTION,3998,0.02,FCP QUANTUM OPTIMUM DIVERSIFIE,QUOTIDIENNE,FGP,DIVERSIFIÉ,,60% MBI GLOBAL + 40% MASI,-,BANQUE CENTRALE POPULAIRE,24,['doha.jaykoraichi@quantumcapital.ma'],2775183967.53,"Boulevard Moulay Abdellah Cherif, Capital Tower, 10ème étage, Bureau 38, CFC, Casablanca",,,https://fundshare.asfim.ma/media/images/Quantum_Logo_monochrome-Noir.jpg,QUANTUM CAPITAL GESTION,,"['asfim@asfim.ma', 'r.elhonsali@asfim.ma', 'doha.jaykoraichi@quantumcapital.ma', 'majid.bennis@quantumcapital.ma']",,Monsieur le Président,Monsieur le Président,Mohamed Majid BENNIS,Président Directeur Général,CASABLANCA,003790086000059
647,,,2026-07-14,0.0,0.0,CAPITALISANT,MA0000300097,FCP,QUANTUM CAPITAL GESTION,30009,0.02,FCP QUANTUM SECUR RENDEMENT,QUOTIDIENNE,FNPP,OMLT,INSTITUTIONNELS,MBI GLOBAL,"[1,1,  7]",CDG,24,['doha.jaykoraichi@quantumcapital.ma'],2775183967.53,"Boulevard Moulay Abdellah Cherif, Capital Tower, 10ème étage, Bureau 38, CFC, Casablanca",,,https://fundshare.asfim.ma/media/images/Quantum_Logo_monochrome-Noir.jpg,QUANTUM CAPITAL GESTION,,"['asfim@asfim.ma', 'r.elhonsali@asfim.ma', 'doha.jaykoraichi@quantumcapital.ma', 'majid.bennis@quantumcapital.ma']",,Monsieur le Président,Monsieur le Président,Mohamed Majid BENNIS,Président Directeur Général,CASABLANCA,003790086000059
503,,,2020-07-03,0.0,0.0,CAPITALISANT,MA0000038648,FCP,RED MED ASSET MANAGEMENT,3864,0.02,FCP RM SECUR RENDEMENT,HEBDOMADAIRE,FNPP,OMLT,,MBI GLOBAL,"]1,1    7]",CDG,11,"['a.boughabi@redmedcapital.com', 'z.elalami@redmedcapital.com', 'y.ryouhi@redmedcapital.com', 'm.elouazzani@redmedcapital.com']",28330642035.22,"57, Rue Mehdi BENBARKA. Souissi Rabat – Maroc",,,,RED MED ASSET MANAGEMENT,+212 537 639 645,"['asfim@asfim.ma', 'r.elhonsali@asfim.ma', 'a.boughabi@redmedcapital.com', 'm.elyamani@redmedcapital.com']",,Monsieur,Monsieur,Marouane EL YAMANI,Directeur Général,RABAT,000203327000080
584,,,2023-04-28,0.03,0.015,MIXTE,MA0000039430,FCP,VALORIS MANAGEMENT,3943,0.02,FCP SANLAM OBLIGATIONS,QUOTIDIENNE,FNPP,OMLT,INSTITUTIONNELS,MBI GLOBAL,"]1,1   10]",BCP,15,"['w.rhazoui@valoris.ma', 'a.elmahboub@valoris.ma', 'k.laoued@valoris.ma', 's.garrag@valoris.ma']",63671205418.82,"Angle Route El Jadida et Rue Aboudabi, Oasis Casablanca.",,,,VALORIS MANAGEMENT,+212 522 239 760,"['asfim@asfim.ma', 'r.elhonsali@asfim.ma', 'i.berrahou@valoris.ma', 'w.rhazoui@capitalgestiongroup.com', 'm.hassani@valoris.ma']",,Monsieur,Monsieur,Mostafa HASSANI,Directeur Général,CASABLANCA,001540868000058
221,,,2009-01-23,0.03,0.015,CAPITALISANT,MA0000040784,FCP,CDG CAPITAL GESTION,4078,0.02,FCP SECURITE,HEBDOMADAIRE,FNPP,OMLT,,MBI GLOBAL,"[2,5  6,5[",CDG CAPITAL,7,"['kejjilali@cdgcapitalgestion.ma', 'himjrane@cdgcapitalgestion.ma', 'akorait@cdgcapitalgestion.ma', 'middleoffice@cdgcapitalgestion.ma']",82930863366.85,"101, Bd Al Massira Al Khadra, 3ème étage, Casablanca – Maroc",,,,CDG CAPITAL GESTION,+212 522 923 111,"['asfim@asfim.ma', 'r.elhonsali@asfim.ma', 'relachhab@cdgcapitalgestion.ma', 'baitssi@cdgcapitalgestion.ma', 'kejjilali@cdgcapitalgestion.ma', 'mkhazraji@cdgcapitalgestion.ma']",,Monsieur,Monsieur,Rachid ELACHHAB,Directeur Général,CASABLANCA,001431541000080
523,,,2021-03-15,0.03,0.015,CAPITALISANT,MA0000038812,FCP,CDG CAPITAL GESTION,3881,0.02,FCP SERENITE CT,QUOTIDIENNE,FGP,OCT,,80% MBI CT + 20% MBI MT,"]0,5 1,1]",CDG CAPITAL,7,"['kejjilali@cdgcapitalgestion.ma', 'himjrane@cdgcapitalgestion.ma', 'akorait@cdgcapitalgestion.ma', 'middleoffice@cdgcapitalgestion.ma']",82930863366.85,"101, Bd Al Massira Al Khadra, 3ème étage, Casablanca – Maroc",,,,CDG CAPITAL GESTION,+212 522 923 111,"['asfim@asfim.ma', 'r.elhonsali@asfim.ma', 'relachhab@cdgcapitalgestion.ma', 'baitssi@cdgcapitalgestion.ma', 'kejjilali@cdgcapitalgestion.ma', 'mkhazraji@cdgcapitalgestion.ma']",,Monsieur,Monsieur,Rachid ELACHHAB,Directeur Général,CASABLANCA,001431541000080
637,,,2026-04-03,0.03,0.015,CAPITALISANT,MA0000039943,FCP,STERLING ASSET MANAGEMENT,3994,0.02,FCP STERLING CASH,QUOTIDIENNE,FGP,MONÉTAIRE,,MONIA,"[0  0,5]",SAHAM BANK,23,"['contact@sterlingcapital.ma', 'chaimaa.elhallaj@sterlingam.ma', 'abderrahim.elalim@sterlingam.ma', 'amine.benali@sterlingam.ma', 'ali.maski@sterlingam.ma']",3177459322.1,"190, angle Bd Anfa et rue Ain Harrouda",,,https://fundshare.asfim.ma/media/images/Logo_Sterling.png,STERLING ASSET MANAGEMENT,,"['badr.alioua@sterlingcapital.ma', 'chaimaa.elhallaj@sterlingam.ma', 'asfim@asfim.ma', 'r.elhonsali@asfim.ma']",,Monsieur le Président,Monsieur le Président,Badr ALIOUA,Président Directeur Général,CASABLANCA,003684746000005
640,,,2026-04-17,0.03,0.015,CAPITALISANT,MA0000039950,FCP,STERLING ASSET MANAGEMENT,3995,0.02,FCP STERLING DYNAMIC,QUOTIDIENNE,FGP,DIVERSIFIÉ,,70% MBI + 30% MASI,-,ATTIJARIWAFA BANK,23,"['contact@sterlingcapital.ma', 'chaimaa.elhallaj@sterlingam.ma', 'abderrahim.elalim@sterlingam.ma', 'amine.benali@sterlingam.ma', 'ali.maski@sterlingam.ma']",3177459322.1,"190, angle Bd Anfa et rue Ain Harrouda",,,https://fundshare.asfim.ma/media/images/Logo_Sterling.png,STERLING ASSET MANAGEMENT,,"['badr.alioua@sterlingcapital.ma', 'chaimaa.elhallaj@sterlingam.ma', 'asfim@asfim.ma', 'r.elhonsali@asfim.ma']",,Monsieur le Président,Monsieur le Président,Badr ALIOUA,Président Directeur Général,CASABLANCA,003684746000005
514,,,2020-12-17,0.03,0.015,CAPITALISANT,MA0000041618,FCP,CDG CAPITAL GESTION,4161,0.02,FCP TRESORERIE PLUS,QUOTIDIENNE,FGP,OCT,,MBI CT,"]0,5 1,1]",BCP,7,"['kejjilali@cdgcapitalgestion.ma', 'himjrane@cdgcapitalgestion.ma', 'akorait@cdgcapitalgestion.ma', 'middleoffice@cdgcapitalgestion.ma']",82930863366.85,"101, Bd Al Massira Al Khadra, 3ème étage, Casablanca – Maroc",,,,CDG CAPITAL GESTION,+212 522 923 111,"['asfim@asfim.ma', 'r.elhonsali@asfim.ma', 'relachhab@cdgcapitalgestion.ma', 'baitssi@cdgcapitalgestion.ma', 'kejjilali@cdgcapitalgestion.ma', 'mkhazraji@cdgcapitalgestion.ma']",,Monsieur,Monsieur,Rachid ELACHHAB,Directeur Général,CASABLANCA,001431541000080
128,,,2003-10-17,0.0,0.0,MIXTE,MA0000040131,FCP,UPLINE CAPITAL MANAGEMENT,4013,0.02,FCP UPLINE BALANCED FUND,HEBDOMADAIRE,FNPP,DIVERSIFIÉ,INSTITUTIONNELS,70% MBI + 30% MASI,-,BCP,14,"['amine.boumehraz@uplinegroup.ma', 'nawfal.alami@uplinegroup.ma', 'zainab.lyassaa@uplinegroup.ma', 'sophia.hachki@uplinegroup.ma', 'ysadik@uplinegroup.ma', 'intissar.elhrissi@uplinegroup.ma']",104991562414.11,"101, Bvd Mohamed Zerktouni, Casablanca",,,,UPLINE CAPITAL MANAGEMENT,+212 522 954 960,"['asfim@asfim.ma', 'r.elhonsali@asfim.ma', 'Mohammed.Echaaly@uplinegroup.ma', 'amine.boumehraz@uplinegroup.ma', 'ycharafeeddine@cpm.co.ma']",,Monsieur,Monsieur,Youssef CHARAFE-EDDINE,Directeur Général,CASABLANCA,001553236000093
381,,,2007-04-13,0.03,0.03,CAPITALISANT,MA0000039760,FCP,WAFA GESTION,3976,0.02,FCP WG INVEST,HEBDOMADAIRE,FGP,DIVERSIFIÉ,,50% MBI GLOBAL + 50% MASI RENTABILITE,-,ATTIJARIWAFA BANK,16,"['mohamed.berrada1@attijariwafa.com', 'h.nokra@attijariwafa.com', 'g.mrini@attijariwafa.com', 'n.ouhatta@attijariwafa.com']",192315700959.16,"416, rue Mustapha EL Maani – Casablanca – Maroc",,,,WAFA GESTION,+212 522 453 838,"['asfim@asfim.ma', 'r.elhonsali@asfim.ma', 'k.bensouda@attijariwafa.com', 'n.ouhatta@attijariwafa.com', 'mohamed.berrada1@attijariwafa.com', 'R.Hilali@attijariwafa.com']",,Monsieur,Monsieur,Reda HILALI,Directeur Général,CASABLANCA,001698382000048
493,,,2020-02-07,0.0,0.0,MIXTE,MA0000039034,FCP,BMCE CAPITAL GESTION,3903,0.02,FH2 ACTIONS,QUOTIDIENNE,FNPP,ACTIONS,INTITUTIONNELS,MASI,-,BANK OF AFRICA,4,"['f.eljaouhari@bmcek.co.ma', 'a.elyoussefi@bmcek.co.ma', 's.larhbali@bmcek.co.ma', 'a.benkirane@bmcek.co.ma', 'z.elandaloussi@bmcek.co.ma']",104927601110.3,"63, Boulevard Moulay Youssef, 20070 Casablanca – Maroc",,,,BMCE CAPITAL GESTION,+212 520 364 300,"['asfim@asfim.ma', 'r.elhonsali@asfim.ma', 'a.elyoussefi@bmcek.co.ma', 'f.eljaouhari@bmcek.co.ma', 'a.alami@bmcek.co.ma']",,Monsieur,Monsieur,Ahmed ALAMI HASSANI,Directeur Général,CASABLANCA,001534150000054
209,,,2007-01-12,0.03,0.015,CAPITALISANT,MA0000040610,FCP,CDG CAPITAL GESTION,4061,0.02,FH2 ACTIONS II,QUOTIDIENNE,FNPP,ACTIONS,,MASI RB,-,CDG CAPITAL,7,"['kejjilali@cdgcapitalgestion.ma', 'himjrane@cdgcapitalgestion.ma', 'akorait@cdgcapitalgestion.ma', 'middleoffice@cdgcapitalgestion.ma']",82930863366.85,"101, Bd Al Massira Al Khadra, 3ème étage, Casablanca – Maroc",,,,CDG CAPITAL GESTION,+212 522 923 111,"['asfim@asfim.ma', 'r.elhonsali@asfim.ma', 'relachhab@cdgcapitalgestion.ma', 'baitssi@cdgcapitalgestion.ma', 'kejjilali@cdgcapitalgestion.ma', 'mkhazraji@cdgcapitalgestion.ma']",,Monsieur,Monsieur,Rachid ELACHHAB,Directeur Général,CASABLANCA,001431541000080
497,,,2020-02-28,0.0,0.0,MIXTE,MA0000038598,FCP,UPLINE CAPITAL MANAGEMENT,3859,0.02,FH2 OBLIGATAIRE DYNAMIQUE,HEBDOMADAIRE,FNPP,OMLT,,100% MBI,"]1,1   7,1]",BCP,14,"['amine.boumehraz@uplinegroup.ma', 'nawfal.alami@uplinegroup.ma', 'zainab.lyassaa@uplinegroup.ma', 'sophia.hachki@uplinegroup.ma', 'ysadik@uplinegroup.ma', 'intissar.elhrissi@uplinegroup.ma']",104991562414.11,"101, Bvd Mohamed Zerktouni, Casablanca",,,,UPLINE CAPITAL MANAGEMENT,+212 522 954 960,"['asfim@asfim.ma', 'r.elhonsali@asfim.ma', 'Mohammed.Echaaly@uplinegroup.ma', 'amine.boumehraz@uplinegroup.ma', 'ycharafeeddine@cpm.co.ma']",,Monsieur,Monsieur,Youssef CHARAFE-EDDINE,Directeur Général,CASABLANCA,001553236000093
609,,,2024-10-18,0.0,0.0,MIXTE,MA0000039596,FCP,BMCE CAPITAL GESTION,3959,0.02,FH2 OBLIGATAIRE DYNAMIQUE II,HEBDOMADAIRE,FNPP,OMLT,FONDS HASSAN II,MBI Global,"]1,1   7,1]",BANK OF AFRICA,4,"['f.eljaouhari@bmcek.co.ma', 'a.elyoussefi@bmcek.co.ma', 's.larhbali@bmcek.co.ma', 'a.benkirane@bmcek.co.ma', 'z.elandaloussi@bmcek.co.ma']",104927601110.3,"63, Boulevard Moulay Youssef, 20070 Casablanca – Maroc",,,,BMCE CAPITAL GESTION,+212 520 364 300,"['asfim@asfim.ma', 'r.elhonsali@asfim.ma', 'a.elyoussefi@bmcek.co.ma', 'f.eljaouhari@bmcek.co.ma', 'a.alami@bmcek.co.ma']",,Monsieur,Monsieur,Ahmed ALAMI HASSANI,Directeur Général,CASABLANCA,001534150000054
202,,,2005-12-23,0.0,0.0,MIXTE,MA0000040529,FCP,CDG CAPITAL GESTION,4052,0.02,FH2 OBLIGATAIRE DYNAMIQUE III,HEBDOMADAIRE,FNPP,OMLT,FONDS HASSAN II,MBI Global,"[1,1  7,1[",CDG CAPITAL,7,"['kejjilali@cdgcapitalgestion.ma', 'himjrane@cdgcapitalgestion.ma', 'akorait@cdgcapitalgestion.ma', 'middleoffice@cdgcapitalgestion.ma']",82930863366.85,"101, Bd Al Massira Al Khadra, 3ème étage, Casablanca – Maroc",,,,CDG CAPITAL GESTION,+212 522 923 111,"['asfim@asfim.ma', 'r.elhonsali@asfim.ma', 'relachhab@cdgcapitalgestion.ma', 'baitssi@cdgcapitalgestion.ma', 'kejjilali@cdgcapitalgestion.ma', 'mkhazraji@cdgcapitalgestion.ma']",,Monsieur,Monsieur,Rachid ELACHHAB,Directeur Général,CASABLANCA,001431541000080
390,,,2006-08-25,0.0,0.0,MIXTE,MA0000042509,FCP,WAFA GESTION,4250,0.02,FH2 OBLIGATAIRE DYNAMIQUE IV,HEBDOMADAIRE,FNPP,OMLT,,MBI GLOBAL,"]1,1  7,1]",ATTIJARIWAFA BANK,16,"['mohamed.berrada1@attijariwafa.com', 'h.nokra@attijariwafa.com', 'g.mrini@attijariwafa.com', 'n.ouhatta@attijariwafa.com']",192315700959.16,"416, rue Mustapha EL Maani – Casablanca – Maroc",,,,WAFA GESTION,+212 522 453 838,"['asfim@asfim.ma', 'r.elhonsali@asfim.ma', 'k.bensouda@attijariwafa.com', 'n.ouhatta@attijariwafa.com', 'mohamed.berrada1@attijariwafa.com', 'R.Hilali@attijariwafa.com']",,Monsieur,Monsieur,Reda HILALI,Directeur Général,CASABLANCA,001698382000048
622,,,2025-08-15,0.0,0.05,MIXTE,MA0000039745,FCP,CIH CAPITAL MANAGEMENT; CIH BANK,3974,0.02,FONDS CIH D'IMPACT SOCIAL,QUOTIDIENNE,FNPP,OCT,INSTITUTIONNELS,MBI CT,"]0,5  1,1]",CIH BANK,5,"['fadoua.elaomari@cihbank.ma', 'nabil.ouagrani@cihbank.ma', 'ismail.halhoul@cihbank.ma', 'abdelilah.sadki@cihbank.ma', 'Khadija.ElGhadbane@cihbank.ma']",25718258906.03,"25 Bd Massira El Khadra, 2ème étage Casablanca",,fadoua.elomari@bnpparibas.com,,CIH CAPITAL MANAGEMENT,0522 92 69 00,"['asfim@asfim.ma', 'r.elhonsali@asfim.ma', 'Fadoua.Elaomari@cihbank.ma', 'Khadija.ElGhadbane@cihbank.ma', 'mohammed.lamrini@cihbank.ma']",,Monsieur,Monsieur,Mohammed LAMRINI,Directeur Général,CASABLANCA,001536529000035
232,,,2009-12-03,0.03,0.015,MIXTE,MA0000040974,FCP,CDG CAPITAL GESTION,4097,0.02,FORCE MUTUELLE,HEBDOMADAIRE,FNPP,OMLT,,MBI GLOBAL,[3  7[,CDG,7,"['kejjilali@cdgcapitalgestion.ma', 'himjrane@cdgcapitalgestion.ma', 'akorait@cdgcapitalgestion.ma', 'middleoffice@cdgcapitalgestion.ma']",82930863366.85,"101, Bd Al Massira Al Khadra, 3ème étage, Casablanca – Maroc",,,,CDG CAPITAL GESTION,+212 522 923 111,"['asfim@asfim.ma', 'r.elhonsali@asfim.ma', 'relachhab@cdgcapitalgestion.ma', 'baitssi@cdgcapitalgestion.ma', 'kejjilali@cdgcapitalgestion.ma', 'mkhazraji@cdgcapitalgestion.ma']",,Monsieur,Monsieur,Rachid ELACHHAB,Directeur Général,CASABLANCA,001431541000080
332,,,2002-04-19,0.005,0.0025,CAPITALISANT,MA0000030686,SICAV,WAFA GESTION,3068,0.01,FRUCTI VALEURS,HEBDOMADAIRE,FNPP,DIVERSIFIÉ,,50% MASI + 50% MBI MT,-,ATTIJARIWAFA BANK,16,"['mohamed.berrada1@attijariwafa.com', 'h.nokra@attijariwafa.com', 'g.mrini@attijariwafa.com', 'n.ouhatta@attijariwafa.com']",192315700959.16,"416, rue Mustapha EL Maani – Casablanca – Maroc",,,,WAFA GESTION,+212 522 453 838,"['asfim@asfim.ma', 'r.elhonsali@asfim.ma', 'k.bensouda@attijariwafa.com', 'n.ouhatta@attijariwafa.com', 'mohamed.berrada1@attijariwafa.com', 'R.Hilali@attijariwafa.com']",,Monsieur,Monsieur,Reda HILALI,Directeur Général,CASABLANCA,001698382000048
589,,,2023-08-18,0.0,0.0,CAPITALISANT,MA0000042236,FCP,CDG CAPITAL GESTION,4223,0.02,FSEC I CT,QUOTIDIENNE,FNPP,OCT,INSTITUTIONNELS,80% MBI CT + 20% MBI MT,"]0,5 1,1]",CDG,7,"['kejjilali@cdgcapitalgestion.ma', 'himjrane@cdgcapitalgestion.ma', 'akorait@cdgcapitalgestion.ma', 'middleoffice@cdgcapitalgestion.ma']",82930863366.85,"101, Bd Al Massira Al Khadra, 3ème étage, Casablanca – Maroc",,,,CDG CAPITAL GESTION,+212 522 923 111,"['asfim@asfim.ma', 'r.elhonsali@asfim.ma', 'relachhab@cdgcapitalgestion.ma', 'baitssi@cdgcapitalgestion.ma', 'kejjilali@cdgcapitalgestion.ma', 'mkhazraji@cdgcapitalgestion.ma']",,Monsieur,Monsieur,Rachid ELACHHAB,Directeur Général,CASABLANCA,001431541000080
590,,,2023-08-18,0.0,0.0,CAPITALISANT,MA0000042244,FCP,CDG CAPITAL GESTION,4224,0.02,FSEC II OMLT,QUOTIDIENNE,FNPP,OMLT,INSTITUTIONNELS,MBI GLOBAL,"]1,1  10]",CDG,7,"['kejjilali@cdgcapitalgestion.ma', 'himjrane@cdgcapitalgestion.ma', 'akorait@cdgcapitalgestion.ma', 'middleoffice@cdgcapitalgestion.ma']",82930863366.85,"101, Bd Al Massira Al Khadra, 3ème étage, Casablanca – Maroc",,,,CDG CAPITAL GESTION,+212 522 923 111,"['asfim@asfim.ma', 'r.elhonsali@asfim.ma', 'relachhab@cdgcapitalgestion.ma', 'baitssi@cdgcapitalgestion.ma', 'kejjilali@cdgcapitalgestion.ma', 'mkhazraji@cdgcapitalgestion.ma']",,Monsieur,Monsieur,Rachid ELACHHAB,Directeur Général,CASABLANCA,001431541000080
598,,,2024-04-05,0.0,0.0,CAPITALISANT,MA0000039505,SICAV,UPLINE CAPITAL MANAGEMENT,3950,0.02,GENERATION PERFORMANCE,HEBDOMADAIRE,FNPP,OMLT,INSTITUTIONNELS,MBI Global + 50 pbs,"]1,1   12]",BCP,14,"['amine.boumehraz@uplinegroup.ma', 'nawfal.alami@uplinegroup.ma', 'zainab.lyassaa@uplinegroup.ma', 'sophia.hachki@uplinegroup.ma', 'ysadik@uplinegroup.ma', 'intissar.elhrissi@uplinegroup.ma']",104991562414.11,"101, Bvd Mohamed Zerktouni, Casablanca",,,,UPLINE CAPITAL MANAGEMENT,+212 522 954 960,"['asfim@asfim.ma', 'r.elhonsali@asfim.ma', 'Mohammed.Echaaly@uplinegroup.ma', 'amine.boumehraz@uplinegroup.ma', 'ycharafeeddine@cpm.co.ma']",,Monsieur,Monsieur,Youssef CHARAFE-EDDINE,Directeur Général,CASABLANCA,001553236000093
365,,,1999-04-09,0.03,0.015,CAPITALISANT,MA0000040289,FCP,WAFA GESTION,4028,0.02,GROUPE MCMA-MAMDA OPTIMISATION,HEBDOMADAIRE,FNPP,OMLT,INSTITUTIONNELS,MBI MLT,"]4,5 8,5]",ATTIJARIWAFA BANK,16,"['mohamed.berrada1@attijariwafa.com', 'h.nokra@attijariwafa.com', 'g.mrini@attijariwafa.com', 'n.ouhatta@attijariwafa.com']",192315700959.16,"416, rue Mustapha EL Maani – Casablanca – Maroc",,,,WAFA GESTION,+212 522 453 838,"['asfim@asfim.ma', 'r.elhonsali@asfim.ma', 'k.bensouda@attijariwafa.com', 'n.ouhatta@attijariwafa.com', 'mohamed.berrada1@attijariwafa.com', 'R.Hilali@attijariwafa.com']",,Monsieur,Monsieur,Reda HILALI,Directeur Général,CASABLANCA,001698382000048
417,,,2002-01-04,0.02,0.015,CAPITALISANT,MA0000042590,FCP,SAHAM BANK,4259,0.02,HORIZON AL BARAKA,HEBDOMADAIRE,FGP,ACTIONS,,MASI,-,SAHAM BANK,13,"['mohammed.alami-chentoufi@sahambank.com', 'mohamed-amine.el-moudaffar@sahambank.com', 'Omar.Abzahd@sahambank.com', 'skg.sales@sahambank.com']",42713528406.17,"55, Bd Abdelmoumen 20100 – Casablanca – Maroc",,,https://fundshare.asfim.ma/media/images/Logo_SAHAM_CAPITAL_GESTION.png,SAHAM CAPITAL GESTION,+212 522 439 810,"['asfim@asfim.ma', 'r.elhonsali@asfim.ma', 'mohamed-amine.el-moudaffar@sahambank.com', 'mohammed.alami-chentoufi@sahambank.com', 'tahar.zerrari@sahambank.com']",https://www.sahamcapitalgestion.com,Monsieur,Monsieur,Tahar ZERRARI,Directeur Général,CASABLANCA,001515144000086
591,,,2023-11-17,0.03,0.03,MIXTE,MA0000042285,FCP,SAHAM BANK,4228,0.02,HORIZON AVENIR,HEBDOMADAIRE,FGP,OMLT,,MBI GLOBAL,"]2,5  6,5]",SAHAM BANK,13,"['mohammed.alami-chentoufi@sahambank.com', 'mohamed-amine.el-moudaffar@sahambank.com', 'Omar.Abzahd@sahambank.com', 'skg.sales@sahambank.com']",42713528406.17,"55, Bd Abdelmoumen 20100 – Casablanca – Maroc",,,https://fundshare.asfim.ma/media/images/Logo_SAHAM_CAPITAL_GESTION.png,SAHAM CAPITAL GESTION,+212 522 439 810,"['asfim@asfim.ma', 'r.elhonsali@asfim.ma', 'mohamed-amine.el-moudaffar@sahambank.com', 'mohammed.alami-chentoufi@sahambank.com', 'tahar.zerrari@sahambank.com']",https://www.sahamcapitalgestion.com,Monsieur,Monsieur,Tahar ZERRARI,Directeur Général,CASABLANCA,001515144000086
418,,,2001-11-09,0.02,0.015,DISTRIBUANT,MA0000035594,FCP,SAHAM BANK,3559,0.02,HORIZON BALANCED FUND,QUOTIDIENNE,FGP,DIVERSIFIÉ,,50% MBI GLOBAL + 50% MASI,-,SAHAM BANK,13,"['mohammed.alami-chentoufi@sahambank.com', 'mohamed-amine.el-moudaffar@sahambank.com', 'Omar.Abzahd@sahambank.com', 'skg.sales@sahambank.com']",42713528406.17,"55, Bd Abdelmoumen 20100 – Casablanca – Maroc",,,https://fundshare.asfim.ma/media/images/Logo_SAHAM_CAPITAL_GESTION.png,SAHAM CAPITAL GESTION,+212 522 439 810,"['asfim@asfim.ma', 'r.elhonsali@asfim.ma', 'mohamed-amine.el-moudaffar@sahambank.com', 'mohammed.alami-chentoufi@sahambank.com', 'tahar.zerrari@sahambank.com']",https://www.sahamcapitalgestion.com,Monsieur,Monsieur,Tahar ZERRARI,Directeur Général,CASABLANCA,001515144000086
429,,,2009-06-11,0.0,0.0,CAPITALISANT,MA0000041691,FCP,SAHAM BANK,4169,0.02,HORIZON CAPITAL GARANTI,QUOTIDIENNE,FGP,CONTRACTUEL,,MONIA,-,SAHAM BANK,13,"['mohammed.alami-chentoufi@sahambank.com', 'mohamed-amine.el-moudaffar@sahambank.com', 'Omar.Abzahd@sahambank.com', 'skg.sales@sahambank.com']",42713528406.17,"55, Bd Abdelmoumen 20100 – Casablanca – Maroc",,,https://fundshare.asfim.ma/media/images/Logo_SAHAM_CAPITAL_GESTION.png,SAHAM CAPITAL GESTION,+212 522 439 810,"['asfim@asfim.ma', 'r.elhonsali@asfim.ma', 'mohamed-amine.el-moudaffar@sahambank.com', 'mohammed.alami-chentoufi@sahambank.com', 'tahar.zerrari@sahambank.com']",https://www.sahamcapitalgestion.com,Monsieur,Monsieur,Tahar ZERRARI,Directeur Général,CASABLANCA,001515144000086
428,,,2008-07-10,0.0,0.0,CAPITALISANT,MA0000041683,FCP,SAHAM BANK,4168,0.005,HORIZON CASH PLUS,QUOTIDIENNE,FGP,MONÉTAIRE,,TMP INTERBANCAIRE,"[0  0,5[",SAHAM BANK,13,"['mohammed.alami-chentoufi@sahambank.com', 'mohamed-amine.el-moudaffar@sahambank.com', 'Omar.Abzahd@sahambank.com', 'skg.sales@sahambank.com']",42713528406.17,"55, Bd Abdelmoumen 20100 – Casablanca – Maroc",,,https://fundshare.asfim.ma/media/images/Logo_SAHAM_CAPITAL_GESTION.png,SAHAM CAPITAL GESTION,+212 522 439 810,"['asfim@asfim.ma', 'r.elhonsali@asfim.ma', 'mohamed-amine.el-moudaffar@sahambank.com', 'mohammed.alami-chentoufi@sahambank.com', 'tahar.zerrari@sahambank.com']",https://www.sahamcapitalgestion.com,Monsieur,Monsieur,Tahar ZERRARI,Directeur Général,CASABLANCA,001515144000086
433,,,2012-02-23,0.0,0.0,CAPITALISANT,MA0000041717,FCP,SAHAM BANK,4171,0.02,HORIZON COURT TERME,QUOTIDIENNE,FGP,OCT,,MBI CT,"[0,5  1,1[",SAHAM BANK,13,"['mohammed.alami-chentoufi@sahambank.com', 'mohamed-amine.el-moudaffar@sahambank.com', 'Omar.Abzahd@sahambank.com', 'skg.sales@sahambank.com']",42713528406.17,"55, Bd Abdelmoumen 20100 – Casablanca – Maroc",,,https://fundshare.asfim.ma/media/images/Logo_SAHAM_CAPITAL_GESTION.png,SAHAM CAPITAL GESTION,+212 522 439 810,"['asfim@asfim.ma', 'r.elhonsali@asfim.ma', 'mohamed-amine.el-moudaffar@sahambank.com', 'mohammed.alami-chentoufi@sahambank.com', 'tahar.zerrari@sahambank.com']",https://www.sahamcapitalgestion.com,Monsieur,Monsieur,Tahar ZERRARI,Directeur Général,CASABLANCA,001515144000086
413,,,1998-08-07,0.02,0.015,CAPITALISANT,MA0000030793,SICAV,SAHAM BANK,3079,0.02,HORIZON CROISSANCE,HEBDOMADAIRE,FGP,ACTIONS,,MASI,-,SAHAM BANK,13,"['mohammed.alami-chentoufi@sahambank.com', 'mohamed-amine.el-moudaffar@sahambank.com', 'Omar.Abzahd@sahambank.com', 'skg.sales@sahambank.com']",42713528406.17,"55, Bd Abdelmoumen 20100 – Casablanca – Maroc",,,https://fundshare.asfim.ma/media/images/Logo_SAHAM_CAPITAL_GESTION.png,SAHAM CAPITAL GESTION,+212 522 439 810,"['asfim@asfim.ma', 'r.elhonsali@asfim.ma', 'mohamed-amine.el-moudaffar@sahambank.com', 'mohammed.alami-chentoufi@sahambank.com', 'tahar.zerrari@sahambank.com']",https://www.sahamcapitalgestion.com,Monsieur,Monsieur,Tahar ZERRARI,Directeur Général,CASABLANCA,001515144000086
496,,,2020-04-24,0.02,0.02,MIXTE,MA0000041568,FCP,SAHAM BANK,4156,0.02,HORIZON DISTRIPERF,HEBDOMADAIRE,FGP,DIVERSIFIÉ,,85% MBI MT + 15 % MASI,-,SAHAM BANK,13,"['mohammed.alami-chentoufi@sahambank.com', 'mohamed-amine.el-moudaffar@sahambank.com', 'Omar.Abzahd@sahambank.com', 'skg.sales@sahambank.com']",42713528406.17,"55, Bd Abdelmoumen 20100 – Casablanca – Maroc",,,https://fundshare.asfim.ma/media/images/Logo_SAHAM_CAPITAL_GESTION.png,SAHAM CAPITAL GESTION,+212 522 439 810,"['asfim@asfim.ma', 'r.elhonsali@asfim.ma', 'mohamed-amine.el-moudaffar@sahambank.com', 'mohammed.alami-chentoufi@sahambank.com', 'tahar.zerrari@sahambank.com']",https://www.sahamcapitalgestion.com,Monsieur,Monsieur,Tahar ZERRARI,Directeur Général,CASABLANCA,001515144000086
432,,,2011-10-07,0.03,0.015,CAPITALISANT,MA0000041709,FCP,SAHAM BANK,4170,0.02,HORIZON EPARGNE,QUOTIDIENNE,FGP,ACTIONS,,MASI,-,SAHAM BANK,13,"['mohammed.alami-chentoufi@sahambank.com', 'mohamed-amine.el-moudaffar@sahambank.com', 'Omar.Abzahd@sahambank.com', 'skg.sales@sahambank.com']",42713528406.17,"55, Bd Abdelmoumen 20100 – Casablanca – Maroc",,,https://fundshare.asfim.ma/media/images/Logo_SAHAM_CAPITAL_GESTION.png,SAHAM CAPITAL GESTION,+212 522 439 810,"['asfim@asfim.ma', 'r.elhonsali@asfim.ma', 'mohamed-amine.el-moudaffar@sahambank.com', 'mohammed.alami-chentoufi@sahambank.com', 'tahar.zerrari@sahambank.com']",https://www.sahamcapitalgestion.com,Monsieur,Monsieur,Tahar ZERRARI,Directeur Général,CASABLANCA,001515144000086
424,,,2007-01-19,0.02,0.02,CAPITALISANT,MA0000042582,FCP,SAHAM BANK,4258,0.02,HORIZON EQUITY VALUE,HEBDOMADAIRE,FGP,ACTIONS,,MASI,-,SAHAM BANK,13,"['mohammed.alami-chentoufi@sahambank.com', 'mohamed-amine.el-moudaffar@sahambank.com', 'Omar.Abzahd@sahambank.com', 'skg.sales@sahambank.com']",42713528406.17,"55, Bd Abdelmoumen 20100 – Casablanca – Maroc",,,https://fundshare.asfim.ma/media/images/Logo_SAHAM_CAPITAL_GESTION.png,SAHAM CAPITAL GESTION,+212 522 439 810,"['asfim@asfim.ma', 'r.elhonsali@asfim.ma', 'mohamed-amine.el-moudaffar@sahambank.com', 'mohammed.alami-chentoufi@sahambank.com', 'tahar.zerrari@sahambank.com']",https://www.sahamcapitalgestion.com,Monsieur,Monsieur,Tahar ZERRARI,Directeur Général,CASABLANCA,001515144000086
157,,,2003-07-25,0.01,0.005,CAPITALISANT,MA0000030512,SICAV,UPLINE CAPITAL MANAGEMENT,3051,0.02,HORIZON EXPANSION,QUOTIDIENNE,FGP,DIVERSIFIÉ,,40% TMP + 60% MASI,-,BCP,14,"['amine.boumehraz@uplinegroup.ma', 'nawfal.alami@uplinegroup.ma', 'zainab.lyassaa@uplinegroup.ma', 'sophia.hachki@uplinegroup.ma', 'ysadik@uplinegroup.ma', 'intissar.elhrissi@uplinegroup.ma']",104991562414.11,"101, Bvd Mohamed Zerktouni, Casablanca",,,,UPLINE CAPITAL MANAGEMENT,+212 522 954 960,"['asfim@asfim.ma', 'r.elhonsali@asfim.ma', 'Mohammed.Echaaly@uplinegroup.ma', 'amine.boumehraz@uplinegroup.ma', 'ycharafeeddine@cpm.co.ma']",,Monsieur,Monsieur,Youssef CHARAFE-EDDINE,Directeur Général,CASABLANCA,001553236000093
450,,,2018-10-05,0.02,0.02,MIXTE,MA0000041733,FCP,SAHAM BANK,4173,0.02,HORIZON FLEXIBLE,QUOTIDIENNE,FGP,DIVERSIFIÉ,,80% MBI GLOBAL + 20% MASI,-,SAHAM BANK,13,"['mohammed.alami-chentoufi@sahambank.com', 'mohamed-amine.el-moudaffar@sahambank.com', 'Omar.Abzahd@sahambank.com', 'skg.sales@sahambank.com']",42713528406.17,"55, Bd Abdelmoumen 20100 – Casablanca – Maroc",,,https://fundshare.asfim.ma/media/images/Logo_SAHAM_CAPITAL_GESTION.png,SAHAM CAPITAL GESTION,+212 522 439 810,"['asfim@asfim.ma', 'r.elhonsali@asfim.ma', 'mohamed-amine.el-moudaffar@sahambank.com', 'mohammed.alami-chentoufi@sahambank.com', 'tahar.zerrari@sahambank.com']",https://www.sahamcapitalgestion.com,Monsieur,Monsieur,Tahar ZERRARI,Directeur Général,CASABLANCA,001515144000086
411,0,,1999-03-04,0.0,0.0,CAPITALISANT,MA0000030777,SICAV,SAHAM BANK,3077,0.02,HORIZON LIQUIDITE,QUOTIDIENNE,FGP,MONÉTAIRE,,MONIA,"[0  0,5[",SAHAM BANK,13,"['mohammed.alami-chentoufi@sahambank.com', 'mohamed-amine.el-moudaffar@sahambank.com', 'Omar.Abzahd@sahambank.com', 'skg.sales@sahambank.com']",42713528406.17,"55, Bd Abdelmoumen 20100 – Casablanca – Maroc",,,https://fundshare.asfim.ma/media/images/Logo_SAHAM_CAPITAL_GESTION.png,SAHAM CAPITAL GESTION,+212 522 439 810,"['asfim@asfim.ma', 'r.elhonsali@asfim.ma', 'mohamed-amine.el-moudaffar@sahambank.com', 'mohammed.alami-chentoufi@sahambank.com', 'tahar.zerrari@sahambank.com']",https://www.sahamcapitalgestion.com,Monsieur,Monsieur,Tahar ZERRARI,Directeur Général,CASABLANCA,001515144000086
544,,,2021-08-06,0.03,0.03,CAPITALISANT,MA0000041956,FCP,SAHAM BANK,4195,0.02,HORIZON MID & SMALL CAP,HEBDOMADAIRE,FGP,ACTIONS,,MASI,-,SAHAM BANK,13,"['mohammed.alami-chentoufi@sahambank.com', 'mohamed-amine.el-moudaffar@sahambank.com', 'Omar.Abzahd@sahambank.com', 'skg.sales@sahambank.com']",42713528406.17,"55, Bd Abdelmoumen 20100 – Casablanca – Maroc",,,https://fundshare.asfim.ma/media/images/Logo_SAHAM_CAPITAL_GESTION.png,SAHAM CAPITAL GESTION,+212 522 439 810,"['asfim@asfim.ma', 'r.elhonsali@asfim.ma', 'mohamed-amine.el-moudaffar@sahambank.com', 'mohammed.alami-chentoufi@sahambank.com', 'tahar.zerrari@sahambank.com']",https://www.sahamcapitalgestion.com,Monsieur,Monsieur,Tahar ZERRARI,Directeur Général,CASABLANCA,001515144000086
427,,,2007-09-04,0.03,0.015,CAPITALISANT,MA0000036584,FCP,SAHAM BANK,3658,0.02,HORIZON NOVA,QUOTIDIENNE,FNPP,MONÉTAIRE,,TMP INTERBANCAIRE,"[0  0,5[",SAHAM BANK,13,"['mohammed.alami-chentoufi@sahambank.com', 'mohamed-amine.el-moudaffar@sahambank.com', 'Omar.Abzahd@sahambank.com', 'skg.sales@sahambank.com']",42713528406.17,"55, Bd Abdelmoumen 20100 – Casablanca – Maroc",,,https://fundshare.asfim.ma/media/images/Logo_SAHAM_CAPITAL_GESTION.png,SAHAM CAPITAL GESTION,+212 522 439 810,"['asfim@asfim.ma', 'r.elhonsali@asfim.ma', 'mohamed-amine.el-moudaffar@sahambank.com', 'mohammed.alami-chentoufi@sahambank.com', 'tahar.zerrari@sahambank.com']",https://www.sahamcapitalgestion.com,Monsieur,Monsieur,Tahar ZERRARI,Directeur Général,CASABLANCA,001515144000086
423,,,2002-01-04,0.0,0.0,CAPITALISANT,MA0000042574,FCP,SAHAM BANK,4257,0.0075,HORIZON OBLI BANQUES,QUOTIDIENNE,FGP,OCT,,MBI CT,"[0,5  1,1[",SAHAM BANK,13,"['mohammed.alami-chentoufi@sahambank.com', 'mohamed-amine.el-moudaffar@sahambank.com', 'Omar.Abzahd@sahambank.com', 'skg.sales@sahambank.com']",42713528406.17,"55, Bd Abdelmoumen 20100 – Casablanca – Maroc",,,https://fundshare.asfim.ma/media/images/Logo_SAHAM_CAPITAL_GESTION.png,SAHAM CAPITAL GESTION,+212 522 439 810,"['asfim@asfim.ma', 'r.elhonsali@asfim.ma', 'mohamed-amine.el-moudaffar@sahambank.com', 'mohammed.alami-chentoufi@sahambank.com', 'tahar.zerrari@sahambank.com']",https://www.sahamcapitalgestion.com,Monsieur,Monsieur,Tahar ZERRARI,Directeur Général,CASABLANCA,001515144000086
425,,,2007-07-17,0.005,0.001,CAPITALISANT,MA0000041675,FCP,SAHAM BANK,4167,0.02,HORIZON OBLIG OPTIMAL,HEBDOMADAIRE,FGP,OMLT,,MBI GLOBAL,[3   7[,SAHAM BANK,13,"['mohammed.alami-chentoufi@sahambank.com', 'mohamed-amine.el-moudaffar@sahambank.com', 'Omar.Abzahd@sahambank.com', 'skg.sales@sahambank.com']",42713528406.17,"55, Bd Abdelmoumen 20100 – Casablanca – Maroc",,,https://fundshare.asfim.ma/media/images/Logo_SAHAM_CAPITAL_GESTION.png,SAHAM CAPITAL GESTION,+212 522 439 810,"['asfim@asfim.ma', 'r.elhonsali@asfim.ma', 'mohamed-amine.el-moudaffar@sahambank.com', 'mohammed.alami-chentoufi@sahambank.com', 'tahar.zerrari@sahambank.com']",https://www.sahamcapitalgestion.com,Monsieur,Monsieur,Tahar ZERRARI,Directeur Général,CASABLANCA,001515144000086
412,,,1995-02-28,0.005,0.001,CAPITALISANT,MA0000030785,SICAV,SAHAM BANK,3078,0.02,HORIZON OBLIG PLUS,QUOTIDIENNE,FGP,OMLT,,MBI MT,"]2,5  6,5]",SAHAM BANK,13,"['mohammed.alami-chentoufi@sahambank.com', 'mohamed-amine.el-moudaffar@sahambank.com', 'Omar.Abzahd@sahambank.com', 'skg.sales@sahambank.com']",42713528406.17,"55, Bd Abdelmoumen 20100 – Casablanca – Maroc",,,https://fundshare.asfim.ma/media/images/Logo_SAHAM_CAPITAL_GESTION.png,SAHAM CAPITAL GESTION,+212 522 439 810,"['asfim@asfim.ma', 'r.elhonsali@asfim.ma', 'mohamed-amine.el-moudaffar@sahambank.com', 'mohammed.alami-chentoufi@sahambank.com', 'tahar.zerrari@sahambank.com']",https://www.sahamcapitalgestion.com,Monsieur,Monsieur,Tahar ZERRARI,Directeur Général,CASABLANCA,001515144000086
543,,,2021-08-06,0.03,0.03,CAPITALISANT,MA0000041949,FCP,SAHAM BANK,4194,0.02,HORIZON OBLIG TRESOR,HEBDOMADAIRE,FGP,OMLT,,MBI GLOBAL,"[3,1   7,1[",SAHAM BANK,13,"['mohammed.alami-chentoufi@sahambank.com', 'mohamed-amine.el-moudaffar@sahambank.com', 'Omar.Abzahd@sahambank.com', 'skg.sales@sahambank.com']",42713528406.17,"55, Bd Abdelmoumen 20100 – Casablanca – Maroc",,,https://fundshare.asfim.ma/media/images/Logo_SAHAM_CAPITAL_GESTION.png,SAHAM CAPITAL GESTION,+212 522 439 810,"['asfim@asfim.ma', 'r.elhonsali@asfim.ma', 'mohamed-amine.el-moudaffar@sahambank.com', 'mohammed.alami-chentoufi@sahambank.com', 'tahar.zerrari@sahambank.com']",https://www.sahamcapitalgestion.com,Monsieur,Monsieur,Tahar ZERRARI,Directeur Général,CASABLANCA,001515144000086
414,,,1995-01-20,0.02,0.015,CAPITALISANT,MA0000030801,SICAV,SAHAM BANK,3080,0.02,HORIZON PERSPECTIVES,HEBDOMADAIRE,FGP,DIVERSIFIÉ,,60% MBI MT + 40% MASI,-,SAHAM BANK,13,"['mohammed.alami-chentoufi@sahambank.com', 'mohamed-amine.el-moudaffar@sahambank.com', 'Omar.Abzahd@sahambank.com', 'skg.sales@sahambank.com']",42713528406.17,"55, Bd Abdelmoumen 20100 – Casablanca – Maroc",,,https://fundshare.asfim.ma/media/images/Logo_SAHAM_CAPITAL_GESTION.png,SAHAM CAPITAL GESTION,+212 522 439 810,"['asfim@asfim.ma', 'r.elhonsali@asfim.ma', 'mohamed-amine.el-moudaffar@sahambank.com', 'mohammed.alami-chentoufi@sahambank.com', 'tahar.zerrari@sahambank.com']",https://www.sahamcapitalgestion.com,Monsieur,Monsieur,Tahar ZERRARI,Directeur Général,CASABLANCA,001515144000086
463,,,2019-06-17,0.0,0.0,CAPITALISANT,MA0000041741,FCP,SAHAM BANK,4174,0.02,HORIZON PREMIUM,QUOTIDIENNE,FGP,MONÉTAIRE,,60% TMP + 40% MBI CT,"]0 0,5]",SAHAM BANK,13,"['mohammed.alami-chentoufi@sahambank.com', 'mohamed-amine.el-moudaffar@sahambank.com', 'Omar.Abzahd@sahambank.com', 'skg.sales@sahambank.com']",42713528406.17,"55, Bd Abdelmoumen 20100 – Casablanca – Maroc",,,https://fundshare.asfim.ma/media/images/Logo_SAHAM_CAPITAL_GESTION.png,SAHAM CAPITAL GESTION,+212 522 439 810,"['asfim@asfim.ma', 'r.elhonsali@asfim.ma', 'mohamed-amine.el-moudaffar@sahambank.com', 'mohammed.alami-chentoufi@sahambank.com', 'tahar.zerrari@sahambank.com']",https://www.sahamcapitalgestion.com,Monsieur,Monsieur,Tahar ZERRARI,Directeur Général,CASABLANCA,001515144000086
542,,,2021-08-06,0.02,0.02,CAPITALISANT,MA0000041931,FCP,SAHAM BANK,4193,0.02,HORIZON TREASURY FUND,QUOTIDIENNE,FGP,MONÉTAIRE,,75% MONIA + 25% MBI CT,"[0  0,5]",SAHAM BANK,13,"['mohammed.alami-chentoufi@sahambank.com', 'mohamed-amine.el-moudaffar@sahambank.com', 'Omar.Abzahd@sahambank.com', 'skg.sales@sahambank.com']",42713528406.17,"55, Bd Abdelmoumen 20100 – Casablanca – Maroc",,,https://fundshare.asfim.ma/media/images/Logo_SAHAM_CAPITAL_GESTION.png,SAHAM CAPITAL GESTION,+212 522 439 810,"['asfim@asfim.ma', 'r.elhonsali@asfim.ma', 'mohamed-amine.el-moudaffar@sahambank.com', 'mohammed.alami-chentoufi@sahambank.com', 'tahar.zerrari@sahambank.com']",https://www.sahamcapitalgestion.com,Monsieur,Monsieur,Tahar ZERRARI,Directeur Général,CASABLANCA,001515144000086
270,,,2012-10-12,0.0125,0.005,CAPITALISANT,MA0000036477,FCP,CIH CAPITAL MANAGEMENT,3647,0.0195,INSTIMONETAIRE,QUOTIDIENNE,FGP,MONÉTAIRE,,TMI(jj),"<=0,5",BMCI,5,"['fadoua.elaomari@cihbank.ma', 'nabil.ouagrani@cihbank.ma', 'ismail.halhoul@cihbank.ma', 'abdelilah.sadki@cihbank.ma', 'Khadija.ElGhadbane@cihbank.ma']",25718258906.03,"25 Bd Massira El Khadra, 2ème étage Casablanca",,fadoua.elomari@bnpparibas.com,,CIH CAPITAL MANAGEMENT,0522 92 69 00,"['asfim@asfim.ma', 'r.elhonsali@asfim.ma', 'Fadoua.Elaomari@cihbank.ma', 'Khadija.ElGhadbane@cihbank.ma', 'mohammed.lamrini@cihbank.ma']",,Monsieur,Monsieur,Mohammed LAMRINI,Directeur Général,CASABLANCA,001536529000035
278,,,2013-08-12,0.0,0.0,CAPITALISANT,MA0000037491,FCP,CIH CAPITAL MANAGEMENT,3749,0.02,INSTIOBLIGATIONS,HEBDOMADAIRE,FGP,OMLT,,MBI MT,[2  6[,BMCI,5,"['fadoua.elaomari@cihbank.ma', 'nabil.ouagrani@cihbank.ma', 'ismail.halhoul@cihbank.ma', 'abdelilah.sadki@cihbank.ma', 'Khadija.ElGhadbane@cihbank.ma']",25718258906.03,"25 Bd Massira El Khadra, 2ème étage Casablanca",,fadoua.elomari@bnpparibas.com,,CIH CAPITAL MANAGEMENT,0522 92 69 00,"['asfim@asfim.ma', 'r.elhonsali@asfim.ma', 'Fadoua.Elaomari@cihbank.ma', 'Khadija.ElGhadbane@cihbank.ma', 'mohammed.lamrini@cihbank.ma']",,Monsieur,Monsieur,Mohammed LAMRINI,Directeur Général,CASABLANCA,001536529000035
280,,,2013-08-12,0.03,0.015,CAPITALISANT,MA0000037509,FCP,CIH CAPITAL MANAGEMENT,3750,0.02,INSTIOBLIGATIONS ETAT,HEBDOMADAIRE,FGP,OMLT,,MBI,"[1,1  5,1[",BMCI,5,"['fadoua.elaomari@cihbank.ma', 'nabil.ouagrani@cihbank.ma', 'ismail.halhoul@cihbank.ma', 'abdelilah.sadki@cihbank.ma', 'Khadija.ElGhadbane@cihbank.ma']",25718258906.03,"25 Bd Massira El Khadra, 2ème étage Casablanca",,fadoua.elomari@bnpparibas.com,,CIH CAPITAL MANAGEMENT,0522 92 69 00,"['asfim@asfim.ma', 'r.elhonsali@asfim.ma', 'Fadoua.Elaomari@cihbank.ma', 'Khadija.ElGhadbane@cihbank.ma', 'mohammed.lamrini@cihbank.ma']",,Monsieur,Monsieur,Mohammed LAMRINI,Directeur Général,CASABLANCA,001536529000035
453,,,2018-11-23,0.0,0.0,MIXTE,MA0000038226,FCP,UPLINE CAPITAL MANAGEMENT,3822,0.02,INTIMAE-FM,HEBDOMADAIRE,FNPP,DIVERSIFIÉ,,60% MBI MT+25% MBI LT+15% MASI RB,-,BCP,14,"['amine.boumehraz@uplinegroup.ma', 'nawfal.alami@uplinegroup.ma', 'zainab.lyassaa@uplinegroup.ma', 'sophia.hachki@uplinegroup.ma', 'ysadik@uplinegroup.ma', 'intissar.elhrissi@uplinegroup.ma']",104991562414.11,"101, Bvd Mohamed Zerktouni, Casablanca",,,,UPLINE CAPITAL MANAGEMENT,+212 522 954 960,"['asfim@asfim.ma', 'r.elhonsali@asfim.ma', 'Mohammed.Echaaly@uplinegroup.ma', 'amine.boumehraz@uplinegroup.ma', 'ycharafeeddine@cpm.co.ma']",,Monsieur,Monsieur,Youssef CHARAFE-EDDINE,Directeur Général,CASABLANCA,001553236000093
437,,,2017-11-10,0.02,0.02,CAPITALISANT,MA0000041725,FCP,SAHAM BANK,4172,0.02,INVEST EQUILIBRE,QUOTIDIENNE,FGP,DIVERSIFIÉ,,80% MBI MT + 20% MASI,-,SAHAM BANK,13,"['mohammed.alami-chentoufi@sahambank.com', 'mohamed-amine.el-moudaffar@sahambank.com', 'Omar.Abzahd@sahambank.com', 'skg.sales@sahambank.com']",42713528406.17,"55, Bd Abdelmoumen 20100 – Casablanca – Maroc",,,https://fundshare.asfim.ma/media/images/Logo_SAHAM_CAPITAL_GESTION.png,SAHAM CAPITAL GESTION,+212 522 439 810,"['asfim@asfim.ma', 'r.elhonsali@asfim.ma', 'mohamed-amine.el-moudaffar@sahambank.com', 'mohammed.alami-chentoufi@sahambank.com', 'tahar.zerrari@sahambank.com']",https://www.sahamcapitalgestion.com,Monsieur,Monsieur,Tahar ZERRARI,Directeur Général,CASABLANCA,001515144000086
50,,,2004-04-02,0.0,0.0,CAPITALISANT,MA0000030488,SICAV,BMCE CAPITAL GESTION,3048,0.015,IRAD,QUOTIDIENNE,FGP,MONÉTAIRE,,Taux Repo au jour le jour,"<0,5",BANK OF AFRICA,4,"['f.eljaouhari@bmcek.co.ma', 'a.elyoussefi@bmcek.co.ma', 's.larhbali@bmcek.co.ma', 'a.benkirane@bmcek.co.ma', 'z.elandaloussi@bmcek.co.ma']",104927601110.3,"63, Boulevard Moulay Youssef, 20070 Casablanca – Maroc",,,,BMCE CAPITAL GESTION,+212 520 364 300,"['asfim@asfim.ma', 'r.elhonsali@asfim.ma', 'a.elyoussefi@bmcek.co.ma', 'f.eljaouhari@bmcek.co.ma', 'a.alami@bmcek.co.ma']",,Monsieur,Monsieur,Ahmed ALAMI HASSANI,Directeur Général,CASABLANCA,001534150000054
505,,,2020-08-03,0.0,0.0,CAPITALISANT,MA0000038663,FCP,IRG ASSET MANAGEMENT,3866,0.02,IRG SECUR RENDEMENT,HEBDOMADAIRE,FNPP,OMLT,,MBI GLOBAL,"]1,1    7]",CDG,9,"['o.rachid@irg-am.ma', 'irgam@irg-am.ma']",19000444288.63,21 Rue Ras El Maa CIL Casablanca,,,,IRG ASSET MANAGEMENT,+212 522 200 330,"['asfim@asfim.ma', 'r.elhonsali@asfim.ma', 'compta@irg-am.ma', 't.benamar@irg-am.ma', 'o.rachid@irg-am.ma']",,Monsieur,Monsieur le Président,Omar ALAMI,Président Directeur Général,CASABLANCA,000081144000051
8,,,2017-01-27,0.0,0.0,MIXTE,MA0000039224,FCP,IRG ASSET MANAGEMENT,3922,0.02,IRGAM ALLOCATION,HEBDOMADAIRE,FNPP,DIVERSIFIÉ,INSITUTIONNELS,40 % MASI RB + 60 % MBI GLOBAL,-,ATTIJARIWAFA BANK,9,"['o.rachid@irg-am.ma', 'irgam@irg-am.ma']",19000444288.63,21 Rue Ras El Maa CIL Casablanca,,,,IRG ASSET MANAGEMENT,+212 522 200 330,"['asfim@asfim.ma', 'r.elhonsali@asfim.ma', 'compta@irg-am.ma', 't.benamar@irg-am.ma', 'o.rachid@irg-am.ma']",,Monsieur,Monsieur le Président,Omar ALAMI,Président Directeur Général,CASABLANCA,000081144000051
477,,,2019-10-15,0.03,0.015,CAPITALISANT,MA0000038358,FCP,IRG ASSET MANAGEMENT,3835,0.02,IRGAM BALANCE,QUOTIDIENNE,FGP,DIVERSIFIÉ,,50% MASI + 50% MBI GLOBAL,-,ATTIJARIWAFA BANK,9,"['o.rachid@irg-am.ma', 'irgam@irg-am.ma']",19000444288.63,21 Rue Ras El Maa CIL Casablanca,,,,IRG ASSET MANAGEMENT,+212 522 200 330,"['asfim@asfim.ma', 'r.elhonsali@asfim.ma', 'compta@irg-am.ma', 't.benamar@irg-am.ma', 'o.rachid@irg-am.ma']",,Monsieur,Monsieur le Président,Omar ALAMI,Président Directeur Général,CASABLANCA,000081144000051
580,,,2023-04-14,0.03,0.015,MIXTE,MA0000039398,FCP,IRG ASSET MANAGEMENT,3939,0.02,IRGAM DISTRIEQUILIBRE,HEBDOMADAIRE,FGP,DIVERSIFIÉ,,30% MASI FLOTTANT + 70% MBI GLOBAL,-,BCP,9,"['o.rachid@irg-am.ma', 'irgam@irg-am.ma']",19000444288.63,21 Rue Ras El Maa CIL Casablanca,,,,IRG ASSET MANAGEMENT,+212 522 200 330,"['asfim@asfim.ma', 'r.elhonsali@asfim.ma', 'compta@irg-am.ma', 't.benamar@irg-am.ma', 'o.rachid@irg-am.ma']",,Monsieur,Monsieur le Président,Omar ALAMI,Président Directeur Général,CASABLANCA,000081144000051
581,,,2023-04-14,0.03,0.015,MIXTE,MA0000039406,FCP,IRG ASSET MANAGEMENT,3940,0.02,IRGAM DISTRIEQUITY,HEBDOMADAIRE,FGP,ACTIONS,,MASI,-,BCP,9,"['o.rachid@irg-am.ma', 'irgam@irg-am.ma']",19000444288.63,21 Rue Ras El Maa CIL Casablanca,,,,IRG ASSET MANAGEMENT,+212 522 200 330,"['asfim@asfim.ma', 'r.elhonsali@asfim.ma', 'compta@irg-am.ma', 't.benamar@irg-am.ma', 'o.rachid@irg-am.ma']",,Monsieur,Monsieur le Président,Omar ALAMI,Président Directeur Général,CASABLANCA,000081144000051
7,,,2015-10-30,0.03,0.015,CAPITALISANT,MA0000037871,FCP,IRG ASSET MANAGEMENT,3787,0.02,IRGAM OBLIRENDEMENT,HEBDOMADAIRE,FGP,OMLT,,MBI GLOBAL,"]1,5 5,5]",ATTIJARIWAFA BANK,9,"['o.rachid@irg-am.ma', 'irgam@irg-am.ma']",19000444288.63,21 Rue Ras El Maa CIL Casablanca,,,,IRG ASSET MANAGEMENT,+212 522 200 330,"['asfim@asfim.ma', 'r.elhonsali@asfim.ma', 'compta@irg-am.ma', 't.benamar@irg-am.ma', 'o.rachid@irg-am.ma']",,Monsieur,Monsieur le Président,Omar ALAMI,Président Directeur Général,CASABLANCA,000081144000051
10,,,2016-12-09,0.03,0.015,CAPITALISANT,MA0000041410,FCP,IRG ASSET MANAGEMENT,4141,0.02,IRGAM SECURIBANCAIRES,HEBDOMADAIRE,FGP,OMLT,,MBI GLOBAL,]2   6],BCP,9,"['o.rachid@irg-am.ma', 'irgam@irg-am.ma']",19000444288.63,21 Rue Ras El Maa CIL Casablanca,,,,IRG ASSET MANAGEMENT,+212 522 200 330,"['asfim@asfim.ma', 'r.elhonsali@asfim.ma', 'compta@irg-am.ma', 't.benamar@irg-am.ma', 'o.rachid@irg-am.ma']",,Monsieur,Monsieur le Président,Omar ALAMI,Président Directeur Général,CASABLANCA,000081144000051
476,,,2019-10-15,0.03,0.015,CAPITALISANT,MA0000038333,FCP,IRG ASSET MANAGEMENT,3833,0.02,IRGAM SECURIFINANCE,QUOTIDIENNE,FGP,MONÉTAIRE,,MONIA,"]0   0,5]",ATTIJARIWAFA BANK,9,"['o.rachid@irg-am.ma', 'irgam@irg-am.ma']",19000444288.63,21 Rue Ras El Maa CIL Casablanca,,,,IRG ASSET MANAGEMENT,+212 522 200 330,"['asfim@asfim.ma', 'r.elhonsali@asfim.ma', 'compta@irg-am.ma', 't.benamar@irg-am.ma', 'o.rachid@irg-am.ma']",,Monsieur,Monsieur le Président,Omar ALAMI,Président Directeur Général,CASABLANCA,000081144000051
6,,,2016-12-09,0.03,0.015,CAPITALISANT,MA0000041402,FCP,IRG ASSET MANAGEMENT,4140,0.02,IRGAM SECURIPLUS,QUOTIDIENNE,FGP,OCT,,MBI CT,"]0,5 1,1]",BCP,9,"['o.rachid@irg-am.ma', 'irgam@irg-am.ma']",19000444288.63,21 Rue Ras El Maa CIL Casablanca,,,,IRG ASSET MANAGEMENT,+212 522 200 330,"['asfim@asfim.ma', 'r.elhonsali@asfim.ma', 'compta@irg-am.ma', 't.benamar@irg-am.ma', 'o.rachid@irg-am.ma']",,Monsieur,Monsieur le Président,Omar ALAMI,Président Directeur Général,CASABLANCA,000081144000051
9,,,2010-07-02,0.0,0.0,DISTRIBUANT,MA0000037103,FCP,IRG ASSET MANAGEMENT,3710,0.02,IRGAM STRATEGIE,HEBDOMADAIRE,FNPP,ACTIONS,INSTITUTIONNELS,MASI RB,-,ATTIJARIWAFA BANK,9,"['o.rachid@irg-am.ma', 'irgam@irg-am.ma']",19000444288.63,21 Rue Ras El Maa CIL Casablanca,,,,IRG ASSET MANAGEMENT,+212 522 200 330,"['asfim@asfim.ma', 'r.elhonsali@asfim.ma', 'compta@irg-am.ma', 't.benamar@irg-am.ma', 'o.rachid@irg-am.ma']",,Monsieur,Monsieur le Président,Omar ALAMI,Président Directeur Général,CASABLANCA,000081144000051
133,,,2001-05-18,0.005,0.005,CAPITALISANT,MA0000040081,FCP,UPLINE CAPITAL MANAGEMENT,4008,0.01,KENZ ACTIONS,HEBDOMADAIRE,FGP,ACTIONS,,MASI,-,BCP,14,"['amine.boumehraz@uplinegroup.ma', 'nawfal.alami@uplinegroup.ma', 'zainab.lyassaa@uplinegroup.ma', 'sophia.hachki@uplinegroup.ma', 'ysadik@uplinegroup.ma', 'intissar.elhrissi@uplinegroup.ma']",104991562414.11,"101, Bvd Mohamed Zerktouni, Casablanca",,,,UPLINE CAPITAL MANAGEMENT,+212 522 954 960,"['asfim@asfim.ma', 'r.elhonsali@asfim.ma', 'Mohammed.Echaaly@uplinegroup.ma', 'amine.boumehraz@uplinegroup.ma', 'ycharafeeddine@cpm.co.ma']",,Monsieur,Monsieur,Youssef CHARAFE-EDDINE,Directeur Général,CASABLANCA,001553236000093
130,,,2001-05-18,0.0,0.0,CAPITALISANT,MA0000040115,FCP,UPLINE CAPITAL MANAGEMENT,4011,0.008,KENZ OBLIGATIONS,HEBDOMADAIRE,FGP,OMLT,,30% MBI MT + 70% MBI MLT,]3  7],BCP,14,"['amine.boumehraz@uplinegroup.ma', 'nawfal.alami@uplinegroup.ma', 'zainab.lyassaa@uplinegroup.ma', 'sophia.hachki@uplinegroup.ma', 'ysadik@uplinegroup.ma', 'intissar.elhrissi@uplinegroup.ma']",104991562414.11,"101, Bvd Mohamed Zerktouni, Casablanca",,,,UPLINE CAPITAL MANAGEMENT,+212 522 954 960,"['asfim@asfim.ma', 'r.elhonsali@asfim.ma', 'Mohammed.Echaaly@uplinegroup.ma', 'amine.boumehraz@uplinegroup.ma', 'ycharafeeddine@cpm.co.ma']",,Monsieur,Monsieur,Youssef CHARAFE-EDDINE,Directeur Général,CASABLANCA,001553236000093
127,,,2001-08-22,0.0,0.0,CAPITALISANT,MA0000040149,FCP,UPLINE CAPITAL MANAGEMENT,4014,0.003,KENZ PLUS,QUOTIDIENNE,FGP,MONÉTAIRE,,MBI CT,"]0  0,5]",BCP,14,"['amine.boumehraz@uplinegroup.ma', 'nawfal.alami@uplinegroup.ma', 'zainab.lyassaa@uplinegroup.ma', 'sophia.hachki@uplinegroup.ma', 'ysadik@uplinegroup.ma', 'intissar.elhrissi@uplinegroup.ma']",104991562414.11,"101, Bvd Mohamed Zerktouni, Casablanca",,,,UPLINE CAPITAL MANAGEMENT,+212 522 954 960,"['asfim@asfim.ma', 'r.elhonsali@asfim.ma', 'Mohammed.Echaaly@uplinegroup.ma', 'amine.boumehraz@uplinegroup.ma', 'ycharafeeddine@cpm.co.ma']",,Monsieur,Monsieur,Youssef CHARAFE-EDDINE,Directeur Général,CASABLANCA,001553236000093
135,,,2001-05-18,0.003,0.003,MIXTE,MA0000040065,FCP,UPLINE CAPITAL MANAGEMENT,4006,0.02,KENZ RENDEMENT,QUOTIDIENNE,FGP,DIVERSIFIÉ,,50% MASI + 50% MBI,-,BCP,14,"['amine.boumehraz@uplinegroup.ma', 'nawfal.alami@uplinegroup.ma', 'zainab.lyassaa@uplinegroup.ma', 'sophia.hachki@uplinegroup.ma', 'ysadik@uplinegroup.ma', 'intissar.elhrissi@uplinegroup.ma']",104991562414.11,"101, Bvd Mohamed Zerktouni, Casablanca",,,,UPLINE CAPITAL MANAGEMENT,+212 522 954 960,"['asfim@asfim.ma', 'r.elhonsali@asfim.ma', 'Mohammed.Echaaly@uplinegroup.ma', 'amine.boumehraz@uplinegroup.ma', 'ycharafeeddine@cpm.co.ma']",,Monsieur,Monsieur,Youssef CHARAFE-EDDINE,Directeur Général,CASABLANCA,001553236000093
119,,,2016-03-30,0.03,0.015,CAPITALISANT,MA0000030769,SICAV,VALORIS MANAGEMENT,3076,0.02,LEGACY ACCUMULATION FUND,HEBDOMADAIRE,FGP,DIVERSIFIÉ,,85% MBI + 15% MASI,-,BANK OF AFRICA,15,"['w.rhazoui@valoris.ma', 'a.elmahboub@valoris.ma', 'k.laoued@valoris.ma', 's.garrag@valoris.ma']",63671205418.82,"Angle Route El Jadida et Rue Aboudabi, Oasis Casablanca.",,,,VALORIS MANAGEMENT,+212 522 239 760,"['asfim@asfim.ma', 'r.elhonsali@asfim.ma', 'i.berrahou@valoris.ma', 'w.rhazoui@capitalgestiongroup.com', 'm.hassani@valoris.ma']",,Monsieur,Monsieur,Mostafa HASSANI,Directeur Général,CASABLANCA,001540868000058
461,,,2019-04-23,0.03,0.015,MIXTE,MA0000041501,FCP,CREDIT DU MAROC,4150,0.02,LIBERIS SERENITE,QUOTIDIENNE,FNPP,OMLT,INSTITUTIONNELS,MBI GLOBAL,"]1,1 10]",CDM,16,"['mohamed.berrada1@attijariwafa.com', 'h.nokra@attijariwafa.com', 'g.mrini@attijariwafa.com', 'n.ouhatta@attijariwafa.com']",192315700959.16,"416, rue Mustapha EL Maani – Casablanca – Maroc",,,,WAFA GESTION,+212 522 453 838,"['asfim@asfim.ma', 'r.elhonsali@asfim.ma', 'k.bensouda@attijariwafa.com', 'n.ouhatta@attijariwafa.com', 'mohamed.berrada1@attijariwafa.com', 'R.Hilali@attijariwafa.com']",,Monsieur,Monsieur,Reda HILALI,Directeur Général,CASABLANCA,001698382000048
507,,,2020-11-13,0.03,0.02,MIXTE,MA0000038721,FCP,SAHAM BANK,3872,0.02,LMV EQUITY INVEST,HEBDOMADAIRE,FNPP,ACTIONS,INSTITUTIONNELS,MASI RENTABILITE,-,SAHAM BANK,13,"['mohammed.alami-chentoufi@sahambank.com', 'mohamed-amine.el-moudaffar@sahambank.com', 'Omar.Abzahd@sahambank.com', 'skg.sales@sahambank.com']",42713528406.17,"55, Bd Abdelmoumen 20100 – Casablanca – Maroc",,,https://fundshare.asfim.ma/media/images/Logo_SAHAM_CAPITAL_GESTION.png,SAHAM CAPITAL GESTION,+212 522 439 810,"['asfim@asfim.ma', 'r.elhonsali@asfim.ma', 'mohamed-amine.el-moudaffar@sahambank.com', 'mohammed.alami-chentoufi@sahambank.com', 'tahar.zerrari@sahambank.com']",https://www.sahamcapitalgestion.com,Monsieur,Monsieur,Tahar ZERRARI,Directeur Général,CASABLANCA,001515144000086
434,,,2012-04-04,0.03,0.015,CAPITALISANT,MA0000037301,FCP,SAHAM BANK,3730,0.02,MAROC OPPORTUNITE,HEBDOMADAIRE,FNPP,OMLT,INSTITUTIONNELS,MBI GLOBAL,"]1,1  10]",SAHAM BANK,13,"['mohammed.alami-chentoufi@sahambank.com', 'mohamed-amine.el-moudaffar@sahambank.com', 'Omar.Abzahd@sahambank.com', 'skg.sales@sahambank.com']",42713528406.17,"55, Bd Abdelmoumen 20100 – Casablanca – Maroc",,,https://fundshare.asfim.ma/media/images/Logo_SAHAM_CAPITAL_GESTION.png,SAHAM CAPITAL GESTION,+212 522 439 810,"['asfim@asfim.ma', 'r.elhonsali@asfim.ma', 'mohamed-amine.el-moudaffar@sahambank.com', 'mohammed.alami-chentoufi@sahambank.com', 'tahar.zerrari@sahambank.com']",https://www.sahamcapitalgestion.com,Monsieur,Monsieur,Tahar ZERRARI,Directeur Général,CASABLANCA,001515144000086
51,,,2004-04-02,0.02,0.01,CAPITALISANT,MA0000030504,SICAV,BMCE CAPITAL GESTION,3050,0.02,MAROC VALEURS,HEBDOMADAIRE,FGP,ACTIONS,,MASI,-,BANK OF AFRICA,4,"['f.eljaouhari@bmcek.co.ma', 'a.elyoussefi@bmcek.co.ma', 's.larhbali@bmcek.co.ma', 'a.benkirane@bmcek.co.ma', 'z.elandaloussi@bmcek.co.ma']",104927601110.3,"63, Boulevard Moulay Youssef, 20070 Casablanca – Maroc",,,,BMCE CAPITAL GESTION,+212 520 364 300,"['asfim@asfim.ma', 'r.elhonsali@asfim.ma', 'a.elyoussefi@bmcek.co.ma', 'f.eljaouhari@bmcek.co.ma', 'a.alami@bmcek.co.ma']",,Monsieur,Monsieur,Ahmed ALAMI HASSANI,Directeur Général,CASABLANCA,001534150000054
597,,,2024-03-22,0.0,0.0,CAPITALISANT,MA0000039521,FCP,MAROGEST,3952,0.0,MAROGEST SECUR RENDEMENT,HEBDOMADAIRE,FNPP,OMLT,INSTITUTIONNELS,100% MBI GLOBAL,"]1,1   7]",CDG,10,"['k.elghadbane@marogest.ma', 'i.aballaoui@marogest.ma']",11029975326.68,"Immeuble Zénith, lotissement Tawfiq. Sidi Maarouf – Casablanca – Maroc",,,,MAROGEST,+212 522 974 961,"['asfim@asfim.ma', 'r.elhonsali@asfim.ma', 'w.mbarek@msin.ma', 'i.masaoudi@marogest.ma', 'chaaoub@marogest.ma']",,Monsieur,Monsieur,Farid CHAAOUB,Administrateur Directeur Général,CASABLANCA,001527146000012
384,,,2008-05-23,0.03,0.03,CAPITALISANT,MA0000036709,FCP,WAFA GESTION,3670,0.02,MBS RENDEMENT,HEBDOMADAIRE,FNPP,OMLT,INSTITUTIONNELS,95% MBI MLT + 5% MASI,[4  8[,ATTIJARIWAFA BANK,16,"['mohamed.berrada1@attijariwafa.com', 'h.nokra@attijariwafa.com', 'g.mrini@attijariwafa.com', 'n.ouhatta@attijariwafa.com']",192315700959.16,"416, rue Mustapha EL Maani – Casablanca – Maroc",,,,WAFA GESTION,+212 522 453 838,"['asfim@asfim.ma', 'r.elhonsali@asfim.ma', 'k.bensouda@attijariwafa.com', 'n.ouhatta@attijariwafa.com', 'mohamed.berrada1@attijariwafa.com', 'R.Hilali@attijariwafa.com']",,Monsieur,Monsieur,Reda HILALI,Directeur Général,CASABLANCA,001698382000048
522,,,2021-02-12,0.0,0.0,MIXTE,MA0000038804,FCP,UPLINE CAPITAL MANAGEMENT,3880,0.02,MUTUELLE PREVOYANCE PLUS - MPBP,HEBDOMADAIRE,FNPP,OMLT,,50% MBI MT + 50% MBI MLT,"]1,1  12]",BCP,14,"['amine.boumehraz@uplinegroup.ma', 'nawfal.alami@uplinegroup.ma', 'zainab.lyassaa@uplinegroup.ma', 'sophia.hachki@uplinegroup.ma', 'ysadik@uplinegroup.ma', 'intissar.elhrissi@uplinegroup.ma']",104991562414.11,"101, Bvd Mohamed Zerktouni, Casablanca",,,,UPLINE CAPITAL MANAGEMENT,+212 522 954 960,"['asfim@asfim.ma', 'r.elhonsali@asfim.ma', 'Mohammed.Echaaly@uplinegroup.ma', 'amine.boumehraz@uplinegroup.ma', 'ycharafeeddine@cpm.co.ma']",,Monsieur,Monsieur,Youssef CHARAFE-EDDINE,Directeur Général,CASABLANCA,001553236000093
355,,,1999-07-02,0.03,0.015,CAPITALISANT,MA0000040180,SICAV,WAFA GESTION,4018,0.02,OBLIDYNAMIC,QUOTIDIENNE,FGP,OCT,,MBI CT,"]0,5  1,1]",ATTIJARIWAFA BANK,16,"['mohamed.berrada1@attijariwafa.com', 'h.nokra@attijariwafa.com', 'g.mrini@attijariwafa.com', 'n.ouhatta@attijariwafa.com']",192315700959.16,"416, rue Mustapha EL Maani – Casablanca – Maroc",,,,WAFA GESTION,+212 522 453 838,"['asfim@asfim.ma', 'r.elhonsali@asfim.ma', 'k.bensouda@attijariwafa.com', 'n.ouhatta@attijariwafa.com', 'mohamed.berrada1@attijariwafa.com', 'R.Hilali@attijariwafa.com']",,Monsieur,Monsieur,Reda HILALI,Directeur Général,CASABLANCA,001698382000048
377,,,1999-07-02,0.0,0.0,CAPITALISANT,MA0000042384,FCP,WAFA GESTION,4238,0.02,OBLIFUTUR,HEBDOMADAIRE,FNPP,OMLT,INSTITUTIONNELS,MBI MT,"]1,1  5]",ATTIJARIWAFA BANK,16,"['mohamed.berrada1@attijariwafa.com', 'h.nokra@attijariwafa.com', 'g.mrini@attijariwafa.com', 'n.ouhatta@attijariwafa.com']",192315700959.16,"416, rue Mustapha EL Maani – Casablanca – Maroc",,,,WAFA GESTION,+212 522 453 838,"['asfim@asfim.ma', 'r.elhonsali@asfim.ma', 'k.bensouda@attijariwafa.com', 'n.ouhatta@attijariwafa.com', 'mohamed.berrada1@attijariwafa.com', 'R.Hilali@attijariwafa.com']",,Monsieur,Monsieur,Reda HILALI,Directeur Général,CASABLANCA,001698382000048
478,,,2019-10-18,0.03,0.015,CAPITALISANT,MA0000038341,FCP,IRG ASSET MANAGEMENT,3834,0.02,OBLIG INSTITUTIONS,HEBDOMADAIRE,FGP,OMLT,,MBI GLOBAL,"[3,1  7,1[",CDG CAPITAL,9,"['o.rachid@irg-am.ma', 'irgam@irg-am.ma']",19000444288.63,21 Rue Ras El Maa CIL Casablanca,,,,IRG ASSET MANAGEMENT,+212 522 200 330,"['asfim@asfim.ma', 'r.elhonsali@asfim.ma', 'compta@irg-am.ma', 't.benamar@irg-am.ma', 'o.rachid@irg-am.ma']",,Monsieur,Monsieur le Président,Omar ALAMI,Président Directeur Général,CASABLANCA,000081144000051
509,,,2020-12-04,0.03,0.03,CAPITALISANT,MA0000038713,FCP,ATLAS CAPITAL MANAGEMENT,3871,0.02,OBLIGATAIRE PLUS,HEBDOMADAIRE,FGP,OMLT,,MBI,"]1,1 5,1]",BANK OF AFRICA,3,"['d.jaykoraichi@atlascapital.ma', 'a.chadili@atlascapital.ma', 'h.ouahimi@atlascapital.ma']",12164113848.26,"88, rue El Marrakchi – Quartier Hippodrome – Casablanca – Maroc",,,,ATLAS CAPITAL MANAGEMENT,+212 522 237 602,"['asfim@asfim.ma', 'r.elhonsali@asfim.ma', 's.elghandour@atlascapital.ma', 'n.alaoui@atlascapital.ma', 'h.abkhar@atlascapital.ma']",,Madame,Madame,Nezha ALAOUI,Directeur Général,CASABLANCA,001525160000090
11,,,2010-10-08,0.03,0.015,CAPITALISANT,MA0000037152,FCP,IRG ASSET MANAGEMENT,3715,0.02,OBLIGATAIRE PREMIUM,HEBDOMADAIRE,FGP,OMLT,,MBI GLOBAL,"[3,5  7,5[",ATTIJARIWAFA BANK,9,"['o.rachid@irg-am.ma', 'irgam@irg-am.ma']",19000444288.63,21 Rue Ras El Maa CIL Casablanca,,,,IRG ASSET MANAGEMENT,+212 522 200 330,"['asfim@asfim.ma', 'r.elhonsali@asfim.ma', 'compta@irg-am.ma', 't.benamar@irg-am.ma', 'o.rachid@irg-am.ma']",,Monsieur,Monsieur le Président,Omar ALAMI,Président Directeur Général,CASABLANCA,000081144000051
376,,,2000-11-24,0.0,0.01,CAPITALISANT,MA0000040396,SICAV,WAFA GESTION,4039,0.01,OBLITOP,QUOTIDIENNE,FGP,OCT,,MBI CT,"]0,5  1,1]",ATTIJARIWAFA BANK,16,"['mohamed.berrada1@attijariwafa.com', 'h.nokra@attijariwafa.com', 'g.mrini@attijariwafa.com', 'n.ouhatta@attijariwafa.com']",192315700959.16,"416, rue Mustapha EL Maani – Casablanca – Maroc",,,,WAFA GESTION,+212 522 453 838,"['asfim@asfim.ma', 'r.elhonsali@asfim.ma', 'k.bensouda@attijariwafa.com', 'n.ouhatta@attijariwafa.com', 'mohamed.berrada1@attijariwafa.com', 'R.Hilali@attijariwafa.com']",,Monsieur,Monsieur,Reda HILALI,Directeur Général,CASABLANCA,001698382000048
331,,,1999-02-05,0.03,0.015,CAPITALISANT,MA0000030678,SICAV,WAFA GESTION,3067,0.02,PALMARES FINANCIERES,HEBDOMADAIRE,FNPP,DIVERSIFIÉ,INSTITUTIONNELS,70% MBI GLOBAL + 30% MASI RB,-,ATTIJARIWAFA BANK,16,"['mohamed.berrada1@attijariwafa.com', 'h.nokra@attijariwafa.com', 'g.mrini@attijariwafa.com', 'n.ouhatta@attijariwafa.com']",192315700959.16,"416, rue Mustapha EL Maani – Casablanca – Maroc",,,,WAFA GESTION,+212 522 453 838,"['asfim@asfim.ma', 'r.elhonsali@asfim.ma', 'k.bensouda@attijariwafa.com', 'n.ouhatta@attijariwafa.com', 'mohamed.berrada1@attijariwafa.com', 'R.Hilali@attijariwafa.com']",,Monsieur,Monsieur,Reda HILALI,Directeur Général,CASABLANCA,001698382000048
371,,,1996-01-05,0.03,0.015,CAPITALISANT,MA0000040347,FCP,WAFA GESTION,4034,0.02,PATRIMOINE ACTIONS,QUOTIDIENNE,FGP,ACTIONS,,MASI,-,ATTIJARIWAFA BANK,16,"['mohamed.berrada1@attijariwafa.com', 'h.nokra@attijariwafa.com', 'g.mrini@attijariwafa.com', 'n.ouhatta@attijariwafa.com']",192315700959.16,"416, rue Mustapha EL Maani – Casablanca – Maroc",,,,WAFA GESTION,+212 522 453 838,"['asfim@asfim.ma', 'r.elhonsali@asfim.ma', 'k.bensouda@attijariwafa.com', 'n.ouhatta@attijariwafa.com', 'mohamed.berrada1@attijariwafa.com', 'R.Hilali@attijariwafa.com']",,Monsieur,Monsieur,Reda HILALI,Directeur Général,CASABLANCA,001698382000048
356,,,2000-05-05,0.03,0.01,CAPITALISANT,MA0000040198,FCP,WAFA GESTION,4019,0.02,PATRIMOINE AL MOUSSAHAMA,HEBDOMADAIRE,FGP,ACTIONS,,-,-,ATTIJARIWAFA BANK,16,"['mohamed.berrada1@attijariwafa.com', 'h.nokra@attijariwafa.com', 'g.mrini@attijariwafa.com', 'n.ouhatta@attijariwafa.com']",192315700959.16,"416, rue Mustapha EL Maani – Casablanca – Maroc",,,,WAFA GESTION,+212 522 453 838,"['asfim@asfim.ma', 'r.elhonsali@asfim.ma', 'k.bensouda@attijariwafa.com', 'n.ouhatta@attijariwafa.com', 'mohamed.berrada1@attijariwafa.com', 'R.Hilali@attijariwafa.com']",,Monsieur,Monsieur,Reda HILALI,Directeur Général,CASABLANCA,001698382000048
292,,,1998-11-20,0.0045000000000000005,0.0045000000000000005,CAPITALISANT,MA0000035701,FCP,CFG GESTION; CFG BANK,3570,0.02,PATRIMOINE AVENIR,HEBDOMADAIRE,FGP,ACTIONS,,CFG 25 FLOTTANT,-,CFG BANK,8,"['M.AitElBied@cfgbank.com', 'y.elyakoubi@cfgbank.com', 'i.rharib@cfgbank.com', 'l.berradafathi@cfgbank.com']",26838334241.57977,"5/7, Rue Ibnou Toufail Quartier Palmier, Angle, Boulevard Zerktouni – Casablanca – Maroc",,,,CFG GESTION,+212 522 250 050,"['asfim@asfim.ma', 'r.elhonsali@asfim.ma', 'o.chekroun@cfgbank.com', 'A.Wadifi@cfgbank.com', 'M.AitElBied@cfgbank.com', 'W.AMRANIJOUTEI@cfgbank.com']",,Monsieur,Monsieur,Walid AMRANI JOUTEI,Directeur Général,CASABLANCA,000084699000096
587,,,2023-06-09,0.03,0.015,MIXTE,MA0000042194,FCP,WAFA GESTION,4219,0.02,PATRIMOINE CROISSANCE,HEBDOMADAIRE,FGP,DIVERSIFIÉ,,25% MASI RB + 75% MBI MLT,-,ATTIJARIWAFA BANK,16,"['mohamed.berrada1@attijariwafa.com', 'h.nokra@attijariwafa.com', 'g.mrini@attijariwafa.com', 'n.ouhatta@attijariwafa.com']",192315700959.16,"416, rue Mustapha EL Maani – Casablanca – Maroc",,,,WAFA GESTION,+212 522 453 838,"['asfim@asfim.ma', 'r.elhonsali@asfim.ma', 'k.bensouda@attijariwafa.com', 'n.ouhatta@attijariwafa.com', 'mohamed.berrada1@attijariwafa.com', 'R.Hilali@attijariwafa.com']",,Monsieur,Monsieur,Reda HILALI,Directeur Général,CASABLANCA,001698382000048
360,,,1996-01-05,0.002,0.001,MIXTE,MA0000042301,FCP,WAFA GESTION,4230,0.02,PATRIMOINE MULTIVALEURS,HEBDOMADAIRE,FNPP,ACTIONS,INSTITUTIONNELS,85% MASI RB + 15% MBI MT,-,ATTIJARIWAFA BANK,16,"['mohamed.berrada1@attijariwafa.com', 'h.nokra@attijariwafa.com', 'g.mrini@attijariwafa.com', 'n.ouhatta@attijariwafa.com']",192315700959.16,"416, rue Mustapha EL Maani – Casablanca – Maroc",,,,WAFA GESTION,+212 522 453 838,"['asfim@asfim.ma', 'r.elhonsali@asfim.ma', 'k.bensouda@attijariwafa.com', 'n.ouhatta@attijariwafa.com', 'mohamed.berrada1@attijariwafa.com', 'R.Hilali@attijariwafa.com']",,Monsieur,Monsieur,Reda HILALI,Directeur Général,CASABLANCA,001698382000048
358,,,1996-01-05,0.03,0.01,CAPITALISANT,MA0000040214,FCP,WAFA GESTION,4021,0.02,PATRIMOINE OBLIGATIONS,QUOTIDIENNE,FGP,OMLT,,MBI MLT,]3   7],ATTIJARIWAFA BANK,16,"['mohamed.berrada1@attijariwafa.com', 'h.nokra@attijariwafa.com', 'g.mrini@attijariwafa.com', 'n.ouhatta@attijariwafa.com']",192315700959.16,"416, rue Mustapha EL Maani – Casablanca – Maroc",,,,WAFA GESTION,+212 522 453 838,"['asfim@asfim.ma', 'r.elhonsali@asfim.ma', 'k.bensouda@attijariwafa.com', 'n.ouhatta@attijariwafa.com', 'mohamed.berrada1@attijariwafa.com', 'R.Hilali@attijariwafa.com']",,Monsieur,Monsieur,Reda HILALI,Directeur Général,CASABLANCA,001698382000048
540,,,2021-02-19,0.03,0.03,CAPITALISANT,MA0000041659,FCP,SAHAM BANK,4165,0.02,PRESCOLAIRE,HEBDOMADAIRE,FNPP,OMLT,,95% MBI MLT + 5% MASI FLOTTANT,[4  8],SAHAM BANK,13,"['mohammed.alami-chentoufi@sahambank.com', 'mohamed-amine.el-moudaffar@sahambank.com', 'Omar.Abzahd@sahambank.com', 'skg.sales@sahambank.com']",42713528406.17,"55, Bd Abdelmoumen 20100 – Casablanca – Maroc",,,https://fundshare.asfim.ma/media/images/Logo_SAHAM_CAPITAL_GESTION.png,SAHAM CAPITAL GESTION,+212 522 439 810,"['asfim@asfim.ma', 'r.elhonsali@asfim.ma', 'mohamed-amine.el-moudaffar@sahambank.com', 'mohammed.alami-chentoufi@sahambank.com', 'tahar.zerrari@sahambank.com']",https://www.sahamcapitalgestion.com,Monsieur,Monsieur,Tahar ZERRARI,Directeur Général,CASABLANCA,001515144000086
362,,,1999-01-29,0.02,0.005,CAPITALISANT,MA0000040255,FCP,WAFA GESTION,4025,0.02,PROFIL DYNAMIQUE,HEBDOMADAIRE,FGP,ACTIONS,,75% MASI + 25% MBI MT,-,ATTIJARIWAFA BANK,16,"['mohamed.berrada1@attijariwafa.com', 'h.nokra@attijariwafa.com', 'g.mrini@attijariwafa.com', 'n.ouhatta@attijariwafa.com']",192315700959.16,"416, rue Mustapha EL Maani – Casablanca – Maroc",,,,WAFA GESTION,+212 522 453 838,"['asfim@asfim.ma', 'r.elhonsali@asfim.ma', 'k.bensouda@attijariwafa.com', 'n.ouhatta@attijariwafa.com', 'mohamed.berrada1@attijariwafa.com', 'R.Hilali@attijariwafa.com']",,Monsieur,Monsieur,Reda HILALI,Directeur Général,CASABLANCA,001698382000048
385,,,2008-07-18,0.02,0.02,DISTRIBUANT,MA0000039364,FCP,WAFA GESTION; ATTIJARIWAFA BANK,3936,0.02,PROFIL FLEXIBLE,QUOTIDIENNE,FGP,DIVERSIFIÉ,,75% MASI + 25% MBI MT,-,ATTIJARIWAFA BANK,16,"['mohamed.berrada1@attijariwafa.com', 'h.nokra@attijariwafa.com', 'g.mrini@attijariwafa.com', 'n.ouhatta@attijariwafa.com']",192315700959.16,"416, rue Mustapha EL Maani – Casablanca – Maroc",,,,WAFA GESTION,+212 522 453 838,"['asfim@asfim.ma', 'r.elhonsali@asfim.ma', 'k.bensouda@attijariwafa.com', 'n.ouhatta@attijariwafa.com', 'mohamed.berrada1@attijariwafa.com', 'R.Hilali@attijariwafa.com']",,Monsieur,Monsieur,Reda HILALI,Directeur Général,CASABLANCA,001698382000048
354,,,1999-01-29,0.015,0.0025,CAPITALISANT,MA0000040172,FCP,WAFA GESTION,4017,0.015,PROFIL HARMONIE,HEBDOMADAIRE,FGP,DIVERSIFIÉ,,40% MASI + 60% MBI MT,-,ATTIJARIWAFA BANK,16,"['mohamed.berrada1@attijariwafa.com', 'h.nokra@attijariwafa.com', 'g.mrini@attijariwafa.com', 'n.ouhatta@attijariwafa.com']",192315700959.16,"416, rue Mustapha EL Maani – Casablanca – Maroc",,,,WAFA GESTION,+212 522 453 838,"['asfim@asfim.ma', 'r.elhonsali@asfim.ma', 'k.bensouda@attijariwafa.com', 'n.ouhatta@attijariwafa.com', 'mohamed.berrada1@attijariwafa.com', 'R.Hilali@attijariwafa.com']",,Monsieur,Monsieur,Reda HILALI,Directeur Général,CASABLANCA,001698382000048
353,,,1999-01-29,0.01,0.0,CAPITALISANT,MA0000040164,FCP,WAFA GESTION,4016,0.01,PROFIL SERENITE,HEBDOMADAIRE,FGP,OMLT,,5% MASI + 95% MBI MT,"]1,1  5]",ATTIJARIWAFA BANK,16,"['mohamed.berrada1@attijariwafa.com', 'h.nokra@attijariwafa.com', 'g.mrini@attijariwafa.com', 'n.ouhatta@attijariwafa.com']",192315700959.16,"416, rue Mustapha EL Maani – Casablanca – Maroc",,,,WAFA GESTION,+212 522 453 838,"['asfim@asfim.ma', 'r.elhonsali@asfim.ma', 'k.bensouda@attijariwafa.com', 'n.ouhatta@attijariwafa.com', 'mohamed.berrada1@attijariwafa.com', 'R.Hilali@attijariwafa.com']",,Monsieur,Monsieur,Reda HILALI,Directeur Général,CASABLANCA,001698382000048
630,,,2025-12-12,0.015,0.02,CAPITALISANT,MA0000039877,FCP,QUANTUM CAPITAL GESTION,3987,0.03,QUANTUM OBLIGATION PLUS,QUOTIDIENNE,FGP,OMLT,,MBI GLOBAL,[2  6],BANQUE CENTRALE POPULAIRE,24,['doha.jaykoraichi@quantumcapital.ma'],2775183967.53,"Boulevard Moulay Abdellah Cherif, Capital Tower, 10ème étage, Bureau 38, CFC, Casablanca",,,https://fundshare.asfim.ma/media/images/Quantum_Logo_monochrome-Noir.jpg,QUANTUM CAPITAL GESTION,,"['asfim@asfim.ma', 'r.elhonsali@asfim.ma', 'doha.jaykoraichi@quantumcapital.ma', 'majid.bennis@quantumcapital.ma']",,Monsieur le Président,Monsieur le Président,Mohamed Majid BENNIS,Président Directeur Général,CASABLANCA,003790086000059
631,,,2025-12-12,0.015,0.02,CAPITALISANT,MA0000039885,FCP,QUANTUM CAPITAL GESTION,3988,0.03,QUANTUM OPTIMUM CROISSANCE,QUOTIDIENNE,FGP,ACTIONS,,MASI,-,BANQUE CENTRALE POPULAIRE,24,['doha.jaykoraichi@quantumcapital.ma'],2775183967.53,"Boulevard Moulay Abdellah Cherif, Capital Tower, 10ème étage, Bureau 38, CFC, Casablanca",,,https://fundshare.asfim.ma/media/images/Quantum_Logo_monochrome-Noir.jpg,QUANTUM CAPITAL GESTION,,"['asfim@asfim.ma', 'r.elhonsali@asfim.ma', 'doha.jaykoraichi@quantumcapital.ma', 'majid.bennis@quantumcapital.ma']",,Monsieur le Président,Monsieur le Président,Mohamed Majid BENNIS,Président Directeur Général,CASABLANCA,003790086000059
629,,,2025-12-12,0.015,0.02,CAPITALISANT,MA0000039869,FCP,QUANTUM CAPITAL GESTION,3986,0.03,QUANTUM OPTIMUM CT,QUOTIDIENNE,FGP,OCT,,MBI CT,"[0,5 1,1]",BANQUE CENTRALE POPULAIRE,24,['doha.jaykoraichi@quantumcapital.ma'],2775183967.53,"Boulevard Moulay Abdellah Cherif, Capital Tower, 10ème étage, Bureau 38, CFC, Casablanca",,,https://fundshare.asfim.ma/media/images/Quantum_Logo_monochrome-Noir.jpg,QUANTUM CAPITAL GESTION,,"['asfim@asfim.ma', 'r.elhonsali@asfim.ma', 'doha.jaykoraichi@quantumcapital.ma', 'majid.bennis@quantumcapital.ma']",,Monsieur le Président,Monsieur le Président,Mohamed Majid BENNIS,Président Directeur Général,CASABLANCA,003790086000059
526,,,2021-02-23,0.03,0.015,CAPITALISANT,MA0000038853,FCP,IRG ASSET MANAGEMENT,3885,0.02,R-MIXT COUVERTURE,QUOTIDIENNE,FNPP,DIVERSIFIÉ,INSTITUTIONNELS,45% MBI MLT + 30%  MBI MT  + 25% MASI Rentabilité,-,CDG,9,"['o.rachid@irg-am.ma', 'irgam@irg-am.ma']",19000444288.63,21 Rue Ras El Maa CIL Casablanca,,,,IRG ASSET MANAGEMENT,+212 522 200 330,"['asfim@asfim.ma', 'r.elhonsali@asfim.ma', 'compta@irg-am.ma', 't.benamar@irg-am.ma', 'o.rachid@irg-am.ma']",,Monsieur,Monsieur le Président,Omar ALAMI,Président Directeur Général,CASABLANCA,000081144000051
518,,,2021-02-11,0.03,0.015,CAPITALISANT,MA0000038879,FCP,CFG GESTION,3887,0.02,R-MIXT CROISSANCE,QUOTIDIENNE,FNPP,DIVERSIFIÉ,INSTITUTIONNELS,45% MBI MLT + 30% MBI MT + 25% MASI RB,-,CFG BANK,8,"['M.AitElBied@cfgbank.com', 'y.elyakoubi@cfgbank.com', 'i.rharib@cfgbank.com', 'l.berradafathi@cfgbank.com']",26838334241.57977,"5/7, Rue Ibnou Toufail Quartier Palmier, Angle, Boulevard Zerktouni – Casablanca – Maroc",,,,CFG GESTION,+212 522 250 050,"['asfim@asfim.ma', 'r.elhonsali@asfim.ma', 'o.chekroun@cfgbank.com', 'A.Wadifi@cfgbank.com', 'M.AitElBied@cfgbank.com', 'W.AMRANIJOUTEI@cfgbank.com']",,Monsieur,Monsieur,Walid AMRANI JOUTEI,Directeur Général,CASABLANCA,000084699000096
519,,,2021-02-11,0.03,0.015,CAPITALISANT,MA0000041667,FCP,WAFA GESTION,4166,0.02,R-MIXT OPTIMUM,QUOTIDIENNE,FNPP,DIVERSIFIÉ,INSTITUTIONNELS,45% MBI MLT + 30% MBI MT + 25% MASI RENTABILITE,-,CDG,16,"['mohamed.berrada1@attijariwafa.com', 'h.nokra@attijariwafa.com', 'g.mrini@attijariwafa.com', 'n.ouhatta@attijariwafa.com']",192315700959.16,"416, rue Mustapha EL Maani – Casablanca – Maroc",,,,WAFA GESTION,+212 522 453 838,"['asfim@asfim.ma', 'r.elhonsali@asfim.ma', 'k.bensouda@attijariwafa.com', 'n.ouhatta@attijariwafa.com', 'mohamed.berrada1@attijariwafa.com', 'R.Hilali@attijariwafa.com']",,Monsieur,Monsieur,Reda HILALI,Directeur Général,CASABLANCA,001698382000048
527,,,2021-02-11,0.03,0.015,CAPITALISANT,MA0000038861,FCP,BMCE CAPITAL GESTION,3886,0.02,R-MIXT PERFORMANCE,QUOTIDIENNE,FNPP,DIVERSIFIÉ,,45% MBI MLT + 30% MBI MT + 25% MASI Rentabilité,-,CDG,4,"['f.eljaouhari@bmcek.co.ma', 'a.elyoussefi@bmcek.co.ma', 's.larhbali@bmcek.co.ma', 'a.benkirane@bmcek.co.ma', 'z.elandaloussi@bmcek.co.ma']",104927601110.3,"63, Boulevard Moulay Youssef, 20070 Casablanca – Maroc",,,,BMCE CAPITAL GESTION,+212 520 364 300,"['asfim@asfim.ma', 'r.elhonsali@asfim.ma', 'a.elyoussefi@bmcek.co.ma', 'f.eljaouhari@bmcek.co.ma', 'a.alami@bmcek.co.ma']",,Monsieur,Monsieur,Ahmed ALAMI HASSANI,Directeur Général,CASABLANCA,001534150000054
525,,,2021-02-19,0.0,0.0,CAPITALISANT,MA0000038846,FCP,UPLINE CAPITAL MANAGEMENT,3884,0.02,R-MIXT SELECTION,QUOTIDIENNE,FNPP,DIVERSIFIÉ,,45% MBI MLT + 30%  MBI MT  + 25% MASI Rentabilité,-,CDG,14,"['amine.boumehraz@uplinegroup.ma', 'nawfal.alami@uplinegroup.ma', 'zainab.lyassaa@uplinegroup.ma', 'sophia.hachki@uplinegroup.ma', 'ysadik@uplinegroup.ma', 'intissar.elhrissi@uplinegroup.ma']",104991562414.11,"101, Bvd Mohamed Zerktouni, Casablanca",,,,UPLINE CAPITAL MANAGEMENT,+212 522 954 960,"['asfim@asfim.ma', 'r.elhonsali@asfim.ma', 'Mohammed.Echaaly@uplinegroup.ma', 'amine.boumehraz@uplinegroup.ma', 'ycharafeeddine@cpm.co.ma']",,Monsieur,Monsieur,Youssef CHARAFE-EDDINE,Directeur Général,CASABLANCA,001553236000093
81,,,2015-04-10,0.03,0.02,CAPITALISANT,MA0000041253,FCP,RMA ASSET MANAGEMENT,4125,0.02,RMA CORPORATE BOND,HEBDOMADAIRE,FGP,OCT,,MBI CT,"]0,5 1,1]",BANK OF AFRICA,12,"['s.essaidi@rmacapital.com', 'e.moubal@rmacapital.com', 'a.joudar@rmacapital.com', 's.elkasri@rmacapital.com']",28011419095.6,"83, Avenue des FAR, Casablanca – Maroc",,,,RMA ASSET MANAGEMENT,+212 520 393 100,"['asfim@asfim.ma', 'r.elhonsali@asfim.ma', 's.essaidi@rmacapital.com', 's.baali@rmaassurance.com']",,Monsieur,Monsieur,Samir BAALI,Directeur Général,CASABLANCA,000056128000072
77,,,2012-02-10,0.03,0.03,CAPITALISANT,MA0000041089,FCP,RMA ASSET MANAGEMENT,4108,0.02,RMA DIVERSIFIE,HEBDOMADAIRE,FGP,DIVERSIFIÉ,,50% MASI + 50% MBI MLT,-,BANK OF AFRICA,12,"['s.essaidi@rmacapital.com', 'e.moubal@rmacapital.com', 'a.joudar@rmacapital.com', 's.elkasri@rmacapital.com']",28011419095.6,"83, Avenue des FAR, Casablanca – Maroc",,,,RMA ASSET MANAGEMENT,+212 520 393 100,"['asfim@asfim.ma', 'r.elhonsali@asfim.ma', 's.essaidi@rmacapital.com', 's.baali@rmaassurance.com']",,Monsieur,Monsieur,Samir BAALI,Directeur Général,CASABLANCA,000056128000072
70,,,2008-10-17,0.03,0.03,DISTRIBUANT,MA0000040719,FCP,RMA ASSET MANAGEMENT,4071,0.02,RMA DYNAMIQUE,HEBDOMADAIRE,FGP,ACTIONS,,MASI,-,BANK OF AFRICA,12,"['s.essaidi@rmacapital.com', 'e.moubal@rmacapital.com', 'a.joudar@rmacapital.com', 's.elkasri@rmacapital.com']",28011419095.6,"83, Avenue des FAR, Casablanca – Maroc",,,,RMA ASSET MANAGEMENT,+212 520 393 100,"['asfim@asfim.ma', 'r.elhonsali@asfim.ma', 's.essaidi@rmacapital.com', 's.baali@rmaassurance.com']",,Monsieur,Monsieur,Samir BAALI,Directeur Général,CASABLANCA,000056128000072
71,,,2008-10-17,0.03,0.03,CAPITALISANT,MA0000040727,FCP,RMA ASSET MANAGEMENT,4072,0.02,RMA EQUITY MARKET,HEBDOMADAIRE,FGP,ACTIONS,,MASI,-,BANK OF AFRICA,12,"['s.essaidi@rmacapital.com', 'e.moubal@rmacapital.com', 'a.joudar@rmacapital.com', 's.elkasri@rmacapital.com']",28011419095.6,"83, Avenue des FAR, Casablanca – Maroc",,,,RMA ASSET MANAGEMENT,+212 520 393 100,"['asfim@asfim.ma', 'r.elhonsali@asfim.ma', 's.essaidi@rmacapital.com', 's.baali@rmaassurance.com']",,Monsieur,Monsieur,Samir BAALI,Directeur Général,CASABLANCA,000056128000072
72,,,2008-10-17,0.03,0.03,DISTRIBUANT,MA0000040735,FCP,RMA ASSET MANAGEMENT,4073,0.02,RMA EXPANSION,HEBDOMADAIRE,FGP,ACTIONS,,MASI,-,BANK OF AFRICA,12,"['s.essaidi@rmacapital.com', 'e.moubal@rmacapital.com', 'a.joudar@rmacapital.com', 's.elkasri@rmacapital.com']",28011419095.6,"83, Avenue des FAR, Casablanca – Maroc",,,,RMA ASSET MANAGEMENT,+212 520 393 100,"['asfim@asfim.ma', 'r.elhonsali@asfim.ma', 's.essaidi@rmacapital.com', 's.baali@rmaassurance.com']",,Monsieur,Monsieur,Samir BAALI,Directeur Général,CASABLANCA,000056128000072
75,,,2009-12-15,0.03,0.03,DISTRIBUANT,MA0000040958,FCP,RMA ASSET MANAGEMENT,4095,0.02,RMA MULTISTRATEGIES,HEBDOMADAIRE,FGP,ACTIONS,,MASI,-,BANK OF AFRICA,12,"['s.essaidi@rmacapital.com', 'e.moubal@rmacapital.com', 'a.joudar@rmacapital.com', 's.elkasri@rmacapital.com']",28011419095.6,"83, Avenue des FAR, Casablanca – Maroc",,,,RMA ASSET MANAGEMENT,+212 520 393 100,"['asfim@asfim.ma', 'r.elhonsali@asfim.ma', 's.essaidi@rmacapital.com', 's.baali@rmaassurance.com']",,Monsieur,Monsieur,Samir BAALI,Directeur Général,CASABLANCA,000056128000072
74,,,2008-10-17,0.03,0.03,DISTRIBUANT,MA0000040743,FCP,RMA ASSET MANAGEMENT,4074,0.02,RMA OBLIGATIONS,HEBDOMADAIRE,FGP,OMLT,,50% MBI MLT + 50% MBI LT,]6  10],BANK OF AFRICA,12,"['s.essaidi@rmacapital.com', 'e.moubal@rmacapital.com', 'a.joudar@rmacapital.com', 's.elkasri@rmacapital.com']",28011419095.6,"83, Avenue des FAR, Casablanca – Maroc",,,,RMA ASSET MANAGEMENT,+212 520 393 100,"['asfim@asfim.ma', 'r.elhonsali@asfim.ma', 's.essaidi@rmacapital.com', 's.baali@rmaassurance.com']",,Monsieur,Monsieur,Samir BAALI,Directeur Général,CASABLANCA,000056128000072
76,,,2009-12-15,0.03,0.03,DISTRIBUANT,MA0000040966,FCP,RMA ASSET MANAGEMENT,4096,0.02,RMA PERFORMANCE,HEBDOMADAIRE,FGP,ACTIONS,,MASI,-,BANK OF AFRICA,12,"['s.essaidi@rmacapital.com', 'e.moubal@rmacapital.com', 'a.joudar@rmacapital.com', 's.elkasri@rmacapital.com']",28011419095.6,"83, Avenue des FAR, Casablanca – Maroc",,,,RMA ASSET MANAGEMENT,+212 520 393 100,"['asfim@asfim.ma', 'r.elhonsali@asfim.ma', 's.essaidi@rmacapital.com', 's.baali@rmaassurance.com']",,Monsieur,Monsieur,Samir BAALI,Directeur Général,CASABLANCA,000056128000072
79,,,2015-04-10,0.03,0.02,CAPITALISANT,MA0000041238,FCP,RMA ASSET MANAGEMENT,4123,0.02,RMA RENDEMENT CT,QUOTIDIENNE,FGP,OCT,,MBI CT,"]0,5 1,1]",BANK OF AFRICA,12,"['s.essaidi@rmacapital.com', 'e.moubal@rmacapital.com', 'a.joudar@rmacapital.com', 's.elkasri@rmacapital.com']",28011419095.6,"83, Avenue des FAR, Casablanca – Maroc",,,,RMA ASSET MANAGEMENT,+212 520 393 100,"['asfim@asfim.ma', 'r.elhonsali@asfim.ma', 's.essaidi@rmacapital.com', 's.baali@rmaassurance.com']",,Monsieur,Monsieur,Samir BAALI,Directeur Général,CASABLANCA,000056128000072
80,,,2015-04-10,0.03,0.02,CAPITALISANT,MA0000041246,FCP,RMA ASSET MANAGEMENT,4124,0.02,RMA RENDEMENT MT,HEBDOMADAIRE,FGP,OMLT,,MBI MT,"]1,1 5,1]",BANK OF AFRICA,12,"['s.essaidi@rmacapital.com', 'e.moubal@rmacapital.com', 'a.joudar@rmacapital.com', 's.elkasri@rmacapital.com']",28011419095.6,"83, Avenue des FAR, Casablanca – Maroc",,,,RMA ASSET MANAGEMENT,+212 520 393 100,"['asfim@asfim.ma', 'r.elhonsali@asfim.ma', 's.essaidi@rmacapital.com', 's.baali@rmaassurance.com']",,Monsieur,Monsieur,Samir BAALI,Directeur Général,CASABLANCA,000056128000072
73,,,2009-12-15,0.03,0.03,DISTRIBUANT,MA0000040941,FCP,RMA ASSET MANAGEMENT,4094,0.02,RMA RENDEMENT PLUS,HEBDOMADAIRE,FGP,OMLT,,MBI MLT,]4  8],BANK OF AFRICA,12,"['s.essaidi@rmacapital.com', 'e.moubal@rmacapital.com', 'a.joudar@rmacapital.com', 's.elkasri@rmacapital.com']",28011419095.6,"83, Avenue des FAR, Casablanca – Maroc",,,,RMA ASSET MANAGEMENT,+212 520 393 100,"['asfim@asfim.ma', 'r.elhonsali@asfim.ma', 's.essaidi@rmacapital.com', 's.baali@rmaassurance.com']",,Monsieur,Monsieur,Samir BAALI,Directeur Général,CASABLANCA,000056128000072
78,,,2011-12-30,0.0,0.0,CAPITALISANT,MA0000041097,FCP,RMA ASSET MANAGEMENT,4109,0.01,RMA TRESO PLUS,QUOTIDIENNE,FGP,MONÉTAIRE,,TMP,"< 0,5",BANK OF AFRICA,12,"['s.essaidi@rmacapital.com', 'e.moubal@rmacapital.com', 'a.joudar@rmacapital.com', 's.elkasri@rmacapital.com']",28011419095.6,"83, Avenue des FAR, Casablanca – Maroc",,,,RMA ASSET MANAGEMENT,+212 520 393 100,"['asfim@asfim.ma', 'r.elhonsali@asfim.ma', 's.essaidi@rmacapital.com', 's.baali@rmaassurance.com']",,Monsieur,Monsieur,Samir BAALI,Directeur Général,CASABLANCA,000056128000072
282,,,2010-05-07,0.03,0.015,MIXTE,MA0000037004,FCP,CIH CAPITAL MANAGEMENT,3700,0.02,SAFAE,HEBDOMADAIRE,FNPP,ACTIONS,,MASI,-,BMCI,5,"['fadoua.elaomari@cihbank.ma', 'nabil.ouagrani@cihbank.ma', 'ismail.halhoul@cihbank.ma', 'abdelilah.sadki@cihbank.ma', 'Khadija.ElGhadbane@cihbank.ma']",25718258906.03,"25 Bd Massira El Khadra, 2ème étage Casablanca",,fadoua.elomari@bnpparibas.com,,CIH CAPITAL MANAGEMENT,0522 92 69 00,"['asfim@asfim.ma', 'r.elhonsali@asfim.ma', 'Fadoua.Elaomari@cihbank.ma', 'Khadija.ElGhadbane@cihbank.ma', 'mohammed.lamrini@cihbank.ma']",,Monsieur,Monsieur,Mohammed LAMRINI,Directeur Général,CASABLANCA,001536529000035
272,,,2006-06-23,0.03,0.015,DISTRIBUANT,MA0000035180,FCP,CIH CAPITAL MANAGEMENT,3518,0.02,SANAD ACTIONS,HEBDOMADAIRE,FNPP,DIVERSIFIÉ,,80% MBI GLOBAL + 20% MASI,-,BMCI,5,"['fadoua.elaomari@cihbank.ma', 'nabil.ouagrani@cihbank.ma', 'ismail.halhoul@cihbank.ma', 'abdelilah.sadki@cihbank.ma', 'Khadija.ElGhadbane@cihbank.ma']",25718258906.03,"25 Bd Massira El Khadra, 2ème étage Casablanca",,fadoua.elomari@bnpparibas.com,,CIH CAPITAL MANAGEMENT,0522 92 69 00,"['asfim@asfim.ma', 'r.elhonsali@asfim.ma', 'Fadoua.Elaomari@cihbank.ma', 'Khadija.ElGhadbane@cihbank.ma', 'mohammed.lamrini@cihbank.ma']",,Monsieur,Monsieur,Mohammed LAMRINI,Directeur Général,CASABLANCA,001536529000035
273,,,2000-01-07,0.03,0.015,CAPITALISANT,MA0000035198,FCP,CIH CAPITAL MANAGEMENT,3519,0.02,SANAD OBLIGATAIRE,HEBDOMADAIRE,FNPP,OMLT,,MBI,"]1,1  13]",BMCI,5,"['fadoua.elaomari@cihbank.ma', 'nabil.ouagrani@cihbank.ma', 'ismail.halhoul@cihbank.ma', 'abdelilah.sadki@cihbank.ma', 'Khadija.ElGhadbane@cihbank.ma']",25718258906.03,"25 Bd Massira El Khadra, 2ème étage Casablanca",,fadoua.elomari@bnpparibas.com,,CIH CAPITAL MANAGEMENT,0522 92 69 00,"['asfim@asfim.ma', 'r.elhonsali@asfim.ma', 'Fadoua.Elaomari@cihbank.ma', 'Khadija.ElGhadbane@cihbank.ma', 'mohammed.lamrini@cihbank.ma']",,Monsieur,Monsieur,Mohammed LAMRINI,Directeur Général,CASABLANCA,001536529000035
241,,,2009-01-23,0.03,0.015,MIXTE,MA0000041188,FCP,CDG CAPITAL GESTION,4118,0.02,SANAD PERFORMANCE,HEBDOMADAIRE,FNPP,DIVERSIFIÉ,,80% MBI GLOBAL + 20% MASI,-,CDG CAPITAL,7,"['kejjilali@cdgcapitalgestion.ma', 'himjrane@cdgcapitalgestion.ma', 'akorait@cdgcapitalgestion.ma', 'middleoffice@cdgcapitalgestion.ma']",82930863366.85,"101, Bd Al Massira Al Khadra, 3ème étage, Casablanca – Maroc",,,,CDG CAPITAL GESTION,+212 522 923 111,"['asfim@asfim.ma', 'r.elhonsali@asfim.ma', 'relachhab@cdgcapitalgestion.ma', 'baitssi@cdgcapitalgestion.ma', 'kejjilali@cdgcapitalgestion.ma', 'mkhazraji@cdgcapitalgestion.ma']",,Monsieur,Monsieur,Rachid ELACHHAB,Directeur Général,CASABLANCA,001431541000080
120,,,2003-07-25,0.0,0.0,MIXTE,MA0000041287,FCP,UPLINE CAPITAL MANAGEMENT,4128,0.02,SANAD SERENITY,HEBDOMADAIRE,FNPP,OMLT,,MBI CLOBAL,"]1,1   10]",BCP,14,"['amine.boumehraz@uplinegroup.ma', 'nawfal.alami@uplinegroup.ma', 'zainab.lyassaa@uplinegroup.ma', 'sophia.hachki@uplinegroup.ma', 'ysadik@uplinegroup.ma', 'intissar.elhrissi@uplinegroup.ma']",104991562414.11,"101, Bvd Mohamed Zerktouni, Casablanca",,,,UPLINE CAPITAL MANAGEMENT,+212 522 954 960,"['asfim@asfim.ma', 'r.elhonsali@asfim.ma', 'Mohammed.Echaaly@uplinegroup.ma', 'amine.boumehraz@uplinegroup.ma', 'ycharafeeddine@cpm.co.ma']",,Monsieur,Monsieur,Youssef CHARAFE-EDDINE,Directeur Général,CASABLANCA,001553236000093
189,,,2000-02-11,0.03,0.015,DISTRIBUANT,MA0000035453,FCP,CDG CAPITAL GESTION,3545,0.02,SCR INTEGRALE,HEBDOMADAIRE,FNPP,ACTIONS,,CFG 25 FLOTTANT,-,CDG CAPITAL,7,"['kejjilali@cdgcapitalgestion.ma', 'himjrane@cdgcapitalgestion.ma', 'akorait@cdgcapitalgestion.ma', 'middleoffice@cdgcapitalgestion.ma']",82930863366.85,"101, Bd Al Massira Al Khadra, 3ème étage, Casablanca – Maroc",,,,CDG CAPITAL GESTION,+212 522 923 111,"['asfim@asfim.ma', 'r.elhonsali@asfim.ma', 'relachhab@cdgcapitalgestion.ma', 'baitssi@cdgcapitalgestion.ma', 'kejjilali@cdgcapitalgestion.ma', 'mkhazraji@cdgcapitalgestion.ma']",,Monsieur,Monsieur,Rachid ELACHHAB,Directeur Général,CASABLANCA,001431541000080
190,,,2000-02-11,0.0,0.0,CAPITALISANT,MA0000035461,FCP,CDG CAPITAL GESTION,3546,,SCR OBLIGATIONS,HEBDOMADAIRE,FNPP,OMLT,,MBI GLOBAL,"]1,1  9]",CDG CAPITAL,7,"['kejjilali@cdgcapitalgestion.ma', 'himjrane@cdgcapitalgestion.ma', 'akorait@cdgcapitalgestion.ma', 'middleoffice@cdgcapitalgestion.ma']",82930863366.85,"101, Bd Al Massira Al Khadra, 3ème étage, Casablanca – Maroc",,,,CDG CAPITAL GESTION,+212 522 923 111,"['asfim@asfim.ma', 'r.elhonsali@asfim.ma', 'relachhab@cdgcapitalgestion.ma', 'baitssi@cdgcapitalgestion.ma', 'kejjilali@cdgcapitalgestion.ma', 'mkhazraji@cdgcapitalgestion.ma']",,Monsieur,Monsieur,Rachid ELACHHAB,Directeur Général,CASABLANCA,001431541000080
275,,,2000-01-07,0.0,0.0,CAPITALISANT,MA0000035438,FCP,CIH CAPITAL MANAGEMENT,3543,0.005,SECURITE DEVELOPPEMENT,HEBDOMADAIRE,FNPP,OMLT,,MBI MT,"]1,1  5]",CIH BANK,5,"['fadoua.elaomari@cihbank.ma', 'nabil.ouagrani@cihbank.ma', 'ismail.halhoul@cihbank.ma', 'abdelilah.sadki@cihbank.ma', 'Khadija.ElGhadbane@cihbank.ma']",25718258906.03,"25 Bd Massira El Khadra, 2ème étage Casablanca",,fadoua.elomari@bnpparibas.com,,CIH CAPITAL MANAGEMENT,0522 92 69 00,"['asfim@asfim.ma', 'r.elhonsali@asfim.ma', 'Fadoua.Elaomari@cihbank.ma', 'Khadija.ElGhadbane@cihbank.ma', 'mohammed.lamrini@cihbank.ma']",,Monsieur,Monsieur,Mohammed LAMRINI,Directeur Général,CASABLANCA,001536529000035
276,,,2010-01-08,0.03,0.015,CAPITALISANT,MA0000036899,FCP,CIH CAPITAL MANAGEMENT,3689,0.02,SECURITE RENDEMENT,HEBDOMADAIRE,FNPP,OCT,,MBI CT,"[0,5  1,1[",CIH BANK,5,"['fadoua.elaomari@cihbank.ma', 'nabil.ouagrani@cihbank.ma', 'ismail.halhoul@cihbank.ma', 'abdelilah.sadki@cihbank.ma', 'Khadija.ElGhadbane@cihbank.ma']",25718258906.03,"25 Bd Massira El Khadra, 2ème étage Casablanca",,fadoua.elomari@bnpparibas.com,,CIH CAPITAL MANAGEMENT,0522 92 69 00,"['asfim@asfim.ma', 'r.elhonsali@asfim.ma', 'Fadoua.Elaomari@cihbank.ma', 'Khadija.ElGhadbane@cihbank.ma', 'mohammed.lamrini@cihbank.ma']",,Monsieur,Monsieur,Mohammed LAMRINI,Directeur Général,CASABLANCA,001536529000035
435,,,2013-01-21,0.0,0.0,DISTRIBUANT,MA0000037459,FCP,SAHAM BANK,3745,0.02,SECURITE TRESO PLUS,QUOTIDIENNE,FNPP,OCT,,MBI CT,"[0,5  1,1[",SAHAM BANK,13,"['mohammed.alami-chentoufi@sahambank.com', 'mohamed-amine.el-moudaffar@sahambank.com', 'Omar.Abzahd@sahambank.com', 'skg.sales@sahambank.com']",42713528406.17,"55, Bd Abdelmoumen 20100 – Casablanca – Maroc",,,https://fundshare.asfim.ma/media/images/Logo_SAHAM_CAPITAL_GESTION.png,SAHAM CAPITAL GESTION,+212 522 439 810,"['asfim@asfim.ma', 'r.elhonsali@asfim.ma', 'mohamed-amine.el-moudaffar@sahambank.com', 'mohammed.alami-chentoufi@sahambank.com', 'tahar.zerrari@sahambank.com']",https://www.sahamcapitalgestion.com,Monsieur,Monsieur,Tahar ZERRARI,Directeur Général,CASABLANCA,001515144000086
578,,,2023-02-10,0.0,0.0,MIXTE,MA0000039349,FCP,UPLINE CAPITAL MANAGEMENT,3934,0.02,SECURITIES PERFORMANCE,HEBDOMADAIRE,FNPP,DIVERSIFIÉ,INSTITUTIONNELS,75% MBI + 25% MASI RB,-,BCP,14,"['amine.boumehraz@uplinegroup.ma', 'nawfal.alami@uplinegroup.ma', 'zainab.lyassaa@uplinegroup.ma', 'sophia.hachki@uplinegroup.ma', 'ysadik@uplinegroup.ma', 'intissar.elhrissi@uplinegroup.ma']",104991562414.11,"101, Bvd Mohamed Zerktouni, Casablanca",,,,UPLINE CAPITAL MANAGEMENT,+212 522 954 960,"['asfim@asfim.ma', 'r.elhonsali@asfim.ma', 'Mohammed.Echaaly@uplinegroup.ma', 'amine.boumehraz@uplinegroup.ma', 'ycharafeeddine@cpm.co.ma']",,Monsieur,Monsieur,Youssef CHARAFE-EDDINE,Directeur Général,CASABLANCA,001553236000093
168,,,1996-11-25,0.02,0.005,CAPITALISANT,MA0000030405,SICAV,MAROGEST,3040,0.02,SICAV MAROC CROISSANCE,HEBDOMADAIRE,FGP,DIVERSIFIÉ,,-,-,CIH BANK,10,"['k.elghadbane@marogest.ma', 'i.aballaoui@marogest.ma']",11029975326.68,"Immeuble Zénith, lotissement Tawfiq. Sidi Maarouf – Casablanca – Maroc",,,,MAROGEST,+212 522 974 961,"['asfim@asfim.ma', 'r.elhonsali@asfim.ma', 'w.mbarek@msin.ma', 'i.masaoudi@marogest.ma', 'chaaoub@marogest.ma']",,Monsieur,Monsieur,Farid CHAAOUB,Administrateur Directeur Général,CASABLANCA,001527146000012
183,,,2000-01-07,0.03,0.015,CAPITALISANT,MA0000030298,SICAV,CDG CAPITAL GESTION,3029,0.02,SICAV OBLIGATIONS PÉRENNITÉ,QUOTIDIENNE,FNPP,OMLT,,MBI MT,"[1,1  16[",CDG CAPITAL,7,"['kejjilali@cdgcapitalgestion.ma', 'himjrane@cdgcapitalgestion.ma', 'akorait@cdgcapitalgestion.ma', 'middleoffice@cdgcapitalgestion.ma']",82930863366.85,"101, Bd Al Massira Al Khadra, 3ème étage, Casablanca – Maroc",,,,CDG CAPITAL GESTION,+212 522 923 111,"['asfim@asfim.ma', 'r.elhonsali@asfim.ma', 'relachhab@cdgcapitalgestion.ma', 'baitssi@cdgcapitalgestion.ma', 'kejjilali@cdgcapitalgestion.ma', 'mkhazraji@cdgcapitalgestion.ma']",,Monsieur,Monsieur,Rachid ELACHHAB,Directeur Général,CASABLANCA,001431541000080
49,,,2004-04-02,0.02,0.02,CAPITALISANT,MA0000030496,SICAV,BMCE CAPITAL GESTION,3049,0.02,SICAVENIR,HEBDOMADAIRE,FGP,OMLT,,MBI Global,]3  7],BANK OF AFRICA,4,"['f.eljaouhari@bmcek.co.ma', 'a.elyoussefi@bmcek.co.ma', 's.larhbali@bmcek.co.ma', 'a.benkirane@bmcek.co.ma', 'z.elandaloussi@bmcek.co.ma']",104927601110.3,"63, Boulevard Moulay Youssef, 20070 Casablanca – Maroc",,,,BMCE CAPITAL GESTION,+212 520 364 300,"['asfim@asfim.ma', 'r.elhonsali@asfim.ma', 'a.elyoussefi@bmcek.co.ma', 'f.eljaouhari@bmcek.co.ma', 'a.alami@bmcek.co.ma']",,Monsieur,Monsieur,Ahmed ALAMI HASSANI,Directeur Général,CASABLANCA,001534150000054
311,,,2015-06-19,0.02,0.02,CAPITALISANT,MA0000037822,FCP,CFG GROUP,3782,0.02,SMART FUND,HEBDOMADAIRE,FNPP,OMLT,,BDT 52 SEMAINES,"]1,1  5,1]",BANK OF AFRICA,8,"['M.AitElBied@cfgbank.com', 'y.elyakoubi@cfgbank.com', 'i.rharib@cfgbank.com', 'l.berradafathi@cfgbank.com']",26838334241.57977,"5/7, Rue Ibnou Toufail Quartier Palmier, Angle, Boulevard Zerktouni – Casablanca – Maroc",,,,CFG GESTION,+212 522 250 050,"['asfim@asfim.ma', 'r.elhonsali@asfim.ma', 'o.chekroun@cfgbank.com', 'A.Wadifi@cfgbank.com', 'M.AitElBied@cfgbank.com', 'W.AMRANIJOUTEI@cfgbank.com']",,Monsieur,Monsieur,Walid AMRANI JOUTEI,Directeur Général,CASABLANCA,000084699000096
267,,,2012-11-02,0.0,0.0,MIXTE,MA0000039828,FCP,CIH CAPITAL MANAGEMENT,3982,0.02,SN ACTIONS,QUOTIDIENNE,FNPP,ACTIONS,INSTITUTIONNELS,MASI RB,-,CIH BANK,5,"['fadoua.elaomari@cihbank.ma', 'nabil.ouagrani@cihbank.ma', 'ismail.halhoul@cihbank.ma', 'abdelilah.sadki@cihbank.ma', 'Khadija.ElGhadbane@cihbank.ma']",25718258906.03,"25 Bd Massira El Khadra, 2ème étage Casablanca",,fadoua.elomari@bnpparibas.com,,CIH CAPITAL MANAGEMENT,0522 92 69 00,"['asfim@asfim.ma', 'r.elhonsali@asfim.ma', 'Fadoua.Elaomari@cihbank.ma', 'Khadija.ElGhadbane@cihbank.ma', 'mohammed.lamrini@cihbank.ma']",,Monsieur,Monsieur,Mohammed LAMRINI,Directeur Général,CASABLANCA,001536529000035
545,,,2021-09-10,0.02,0.06,MIXTE,MA0000041964,FCP,SAHAM BANK,4196,0.005,SOCIAL IMPACT FUND,QUOTIDIENNE,FGP,MONÉTAIRE,,MONIA,"]0 0,5]",SAHAM BANK,13,"['mohammed.alami-chentoufi@sahambank.com', 'mohamed-amine.el-moudaffar@sahambank.com', 'Omar.Abzahd@sahambank.com', 'skg.sales@sahambank.com']",42713528406.17,"55, Bd Abdelmoumen 20100 – Casablanca – Maroc",,,https://fundshare.asfim.ma/media/images/Logo_SAHAM_CAPITAL_GESTION.png,SAHAM CAPITAL GESTION,+212 522 439 810,"['asfim@asfim.ma', 'r.elhonsali@asfim.ma', 'mohamed-amine.el-moudaffar@sahambank.com', 'mohammed.alami-chentoufi@sahambank.com', 'tahar.zerrari@sahambank.com']",https://www.sahamcapitalgestion.com,Monsieur,Monsieur,Tahar ZERRARI,Directeur Général,CASABLANCA,001515144000086
289,,,1995-05-05,0.003,0.003,CAPITALISANT,MA0000035735,FCP,CFG GESTION; CFG BANK,3573,0.02,STAFF ACTION,QUOTIDIENNE,FNPP,ACTIONS,INTITUTIONNELS,CFG 25 FLOTTANT,-,CFG BANK,8,"['M.AitElBied@cfgbank.com', 'y.elyakoubi@cfgbank.com', 'i.rharib@cfgbank.com', 'l.berradafathi@cfgbank.com']",26838334241.57977,"5/7, Rue Ibnou Toufail Quartier Palmier, Angle, Boulevard Zerktouni – Casablanca – Maroc",,,,CFG GESTION,+212 522 250 050,"['asfim@asfim.ma', 'r.elhonsali@asfim.ma', 'o.chekroun@cfgbank.com', 'A.Wadifi@cfgbank.com', 'M.AitElBied@cfgbank.com', 'W.AMRANIJOUTEI@cfgbank.com']",,Monsieur,Monsieur,Walid AMRANI JOUTEI,Directeur Général,CASABLANCA,000084699000096
626,,,2025-10-13,0.03,0.015,CAPITALISANT,MA0000039836,FCP,STERLING ASSET MANAGEMENT,3983,0.02,STERLING BOND,QUOTIDIENNE,FGP,OMLT,,MBI GLOBAL,[2  6],SAHAM BANK,23,"['contact@sterlingcapital.ma', 'chaimaa.elhallaj@sterlingam.ma', 'abderrahim.elalim@sterlingam.ma', 'amine.benali@sterlingam.ma', 'ali.maski@sterlingam.ma']",3177459322.1,"190, angle Bd Anfa et rue Ain Harrouda",,,https://fundshare.asfim.ma/media/images/Logo_Sterling.png,STERLING ASSET MANAGEMENT,,"['badr.alioua@sterlingcapital.ma', 'chaimaa.elhallaj@sterlingam.ma', 'asfim@asfim.ma', 'r.elhonsali@asfim.ma']",,Monsieur le Président,Monsieur le Président,Badr ALIOUA,Président Directeur Général,CASABLANCA,003684746000005
627,,,2025-10-13,0.03,0.015,CAPITALISANT,MA0000039844,FCP,STERLING ASSET MANAGEMENT,3984,0.02,STERLING EQUITY,QUOTIDIENNE,FGP,ACTIONS,,MASI,-,ATTIJARIWAFA BANK,23,"['contact@sterlingcapital.ma', 'chaimaa.elhallaj@sterlingam.ma', 'abderrahim.elalim@sterlingam.ma', 'amine.benali@sterlingam.ma', 'ali.maski@sterlingam.ma']",3177459322.1,"190, angle Bd Anfa et rue Ain Harrouda",,,https://fundshare.asfim.ma/media/images/Logo_Sterling.png,STERLING ASSET MANAGEMENT,,"['badr.alioua@sterlingcapital.ma', 'chaimaa.elhallaj@sterlingam.ma', 'asfim@asfim.ma', 'r.elhonsali@asfim.ma']",,Monsieur le Président,Monsieur le Président,Badr ALIOUA,Président Directeur Général,CASABLANCA,003684746000005
645,,,2026-05-13,0.0,0.0,CAPITALISANT,MA0000300022,FCP,STERLING ASSET MANAGEMENT,30002,0.02,STERLING SECUR RENDEMENT,QUOTIDIENNE,FNPP,OMLT,INSTITUTIONNELS,MBI GLOBAL,"[1,1  7]",CDG,23,"['contact@sterlingcapital.ma', 'chaimaa.elhallaj@sterlingam.ma', 'abderrahim.elalim@sterlingam.ma', 'amine.benali@sterlingam.ma', 'ali.maski@sterlingam.ma']",3177459322.1,"190, angle Bd Anfa et rue Ain Harrouda",,,https://fundshare.asfim.ma/media/images/Logo_Sterling.png,STERLING ASSET MANAGEMENT,,"['badr.alioua@sterlingcapital.ma', 'chaimaa.elhallaj@sterlingam.ma', 'asfim@asfim.ma', 'r.elhonsali@asfim.ma']",,Monsieur le Président,Monsieur le Président,Badr ALIOUA,Président Directeur Général,CASABLANCA,003684746000005
628,,,2025-10-13,0.03,0.015,CAPITALISANT,MA0000039851,FCP,STERLING ASSET MANAGEMENT,3985,0.02,STERLING SHORT TERM BOND,QUOTIDIENNE,FGP,OCT,,MBI CT,"[0,5  1,1]",SAHAM BANK,23,"['contact@sterlingcapital.ma', 'chaimaa.elhallaj@sterlingam.ma', 'abderrahim.elalim@sterlingam.ma', 'amine.benali@sterlingam.ma', 'ali.maski@sterlingam.ma']",3177459322.1,"190, angle Bd Anfa et rue Ain Harrouda",,,https://fundshare.asfim.ma/media/images/Logo_Sterling.png,STERLING ASSET MANAGEMENT,,"['badr.alioua@sterlingcapital.ma', 'chaimaa.elhallaj@sterlingam.ma', 'asfim@asfim.ma', 'r.elhonsali@asfim.ma']",,Monsieur le Président,Monsieur le Président,Badr ALIOUA,Président Directeur Général,CASABLANCA,003684746000005
500,,,2020-06-05,0.0,0.0,CAPITALISANT,MA0000038614,FCP,TWIN CAPITAL GESTION; CFG BANK,3861,0.01,TWIN BOND,HEBDOMADAIRE,FGP,OMLT,,MBI MT,"]1,1   5,1]",CFG BANK,18,"['k.hanna@twincapital.ma', 'm.zarouali@twincapital.ma', 'c.elhallaj@twincapital.ma']",3094863055.22,"Résidence Ryad Anfa, Immeuble A1 Bureau 42, Bd Omar El Khayam, Casa Finance City – Maroc",,,,TWIN CAPITAL GESTION,,"['asfim@asfim.ma', 'r.elhonsali@asfim.ma', 'l.mazouzi@twincapital.ma', 'm.mellouk@twincapital.ma', 'k.hanna@twincapital.ma']",,Monsieur le Président,Monsieur le Président,Mounir MELLOUK,Président Directeur Général,CASABLANCA,002313360000005
562,,,2022-05-06,0.0,0.0,CAPITALISANT,MA0000039190,FCP,TWIN CAPITAL GESTION; CFG BANK,3919,0.01,TWIN BOND TRESOR,HEBDOMADAIRE,FGP,OMLT,,MBI GLOBAL,]3   7],CFG BANK,18,"['k.hanna@twincapital.ma', 'm.zarouali@twincapital.ma', 'c.elhallaj@twincapital.ma']",3094863055.22,"Résidence Ryad Anfa, Immeuble A1 Bureau 42, Bd Omar El Khayam, Casa Finance City – Maroc",,,,TWIN CAPITAL GESTION,,"['asfim@asfim.ma', 'r.elhonsali@asfim.ma', 'l.mazouzi@twincapital.ma', 'm.mellouk@twincapital.ma', 'k.hanna@twincapital.ma']",,Monsieur le Président,Monsieur le Président,Mounir MELLOUK,Président Directeur Général,CASABLANCA,002313360000005
499,,,2020-06-05,0.0,0.0,CAPITALISANT,MA0000038606,FCP,TWIN CAPITAL GESTION; CFG BANK,3860,0.006,TWIN CASH,QUOTIDIENNE,FGP,MONÉTAIRE,,MONIA,"[0  0,5]",CFG BANK,18,"['k.hanna@twincapital.ma', 'm.zarouali@twincapital.ma', 'c.elhallaj@twincapital.ma']",3094863055.22,"Résidence Ryad Anfa, Immeuble A1 Bureau 42, Bd Omar El Khayam, Casa Finance City – Maroc",,,,TWIN CAPITAL GESTION,,"['asfim@asfim.ma', 'r.elhonsali@asfim.ma', 'l.mazouzi@twincapital.ma', 'm.mellouk@twincapital.ma', 'k.hanna@twincapital.ma']",,Monsieur le Président,Monsieur le Président,Mounir MELLOUK,Président Directeur Général,CASABLANCA,002313360000005
636,,,2026-03-06,0.0,0.0,CAPITALISANT,MA0000039935,FCP,TWIN CAPITAL GESTION,3993,0.01,TWIN LIQUID BANK,QUOTIDIENNE,FGP,OCT,,MBI CT,"[0,5  1,1]",BCP,18,"['k.hanna@twincapital.ma', 'm.zarouali@twincapital.ma', 'c.elhallaj@twincapital.ma']",3094863055.22,"Résidence Ryad Anfa, Immeuble A1 Bureau 42, Bd Omar El Khayam, Casa Finance City – Maroc",,,,TWIN CAPITAL GESTION,,"['asfim@asfim.ma', 'r.elhonsali@asfim.ma', 'l.mazouzi@twincapital.ma', 'm.mellouk@twincapital.ma', 'k.hanna@twincapital.ma']",,Monsieur le Président,Monsieur le Président,Mounir MELLOUK,Président Directeur Général,CASABLANCA,002313360000005
563,,,2022-05-06,0.015,0.015,CAPITALISANT,MA0000039208,FCP,TWIN CAPITAL GESTION; CFG BANK,3920,0.01,TWIN OPPORTUNITY,HEBDOMADAIRE,FGP,DIVERSIFIÉ,,30% MASI + 70% MBI,-,CFG BANK,18,"['k.hanna@twincapital.ma', 'm.zarouali@twincapital.ma', 'c.elhallaj@twincapital.ma']",3094863055.22,"Résidence Ryad Anfa, Immeuble A1 Bureau 42, Bd Omar El Khayam, Casa Finance City – Maroc",,,,TWIN CAPITAL GESTION,,"['asfim@asfim.ma', 'r.elhonsali@asfim.ma', 'l.mazouzi@twincapital.ma', 'm.mellouk@twincapital.ma', 'k.hanna@twincapital.ma']",,Monsieur le Président,Monsieur le Président,Mounir MELLOUK,Président Directeur Général,CASABLANCA,002313360000005
635,,,2026-03-06,0.02,0.02,CAPITALISANT,MA0000039927,FCP,TWIN CAPITAL GESTION,3992,0.02,TWIN PERFORMANCE,QUOTIDIENNE,FGP,ACTIONS,,MASI,-,BCP,18,"['k.hanna@twincapital.ma', 'm.zarouali@twincapital.ma', 'c.elhallaj@twincapital.ma']",3094863055.22,"Résidence Ryad Anfa, Immeuble A1 Bureau 42, Bd Omar El Khayam, Casa Finance City – Maroc",,,,TWIN CAPITAL GESTION,,"['asfim@asfim.ma', 'r.elhonsali@asfim.ma', 'l.mazouzi@twincapital.ma', 'm.mellouk@twincapital.ma', 'k.hanna@twincapital.ma']",,Monsieur le Président,Monsieur le Président,Mounir MELLOUK,Président Directeur Général,CASABLANCA,002313360000005
646,,,2026-06-15,0.0,0.0,CAPITALISANT,MA0000300071,FCP,TWIN CAPITAL GESTION,30007,0.02,TWIN SECUR RENDEMENT,QUOTIDIENNE,FNPP,OMLT,INSTITUTIONNELS,MBI GLOBAL,"[1,1  7]",CDG,18,"['k.hanna@twincapital.ma', 'm.zarouali@twincapital.ma', 'c.elhallaj@twincapital.ma']",3094863055.22,"Résidence Ryad Anfa, Immeuble A1 Bureau 42, Bd Omar El Khayam, Casa Finance City – Maroc",,,,TWIN CAPITAL GESTION,,"['asfim@asfim.ma', 'r.elhonsali@asfim.ma', 'l.mazouzi@twincapital.ma', 'm.mellouk@twincapital.ma', 'k.hanna@twincapital.ma']",,Monsieur le Président,Monsieur le Président,Mounir MELLOUK,Président Directeur Général,CASABLANCA,002313360000005
504,,,2020-07-23,0.0,0.0,CAPITALISANT,MA0000038655,FCP,TWIN CAPITAL GESTION; CIH BANK,3865,0.008,TWIN TREASURY,QUOTIDIENNE,FGP,OCT,,MBI CT,"]0,5 1,1]",CIH BANK,18,"['k.hanna@twincapital.ma', 'm.zarouali@twincapital.ma', 'c.elhallaj@twincapital.ma']",3094863055.22,"Résidence Ryad Anfa, Immeuble A1 Bureau 42, Bd Omar El Khayam, Casa Finance City – Maroc",,,,TWIN CAPITAL GESTION,,"['asfim@asfim.ma', 'r.elhonsali@asfim.ma', 'l.mazouzi@twincapital.ma', 'm.mellouk@twincapital.ma', 'k.hanna@twincapital.ma']",,Monsieur le Président,Monsieur le Président,Mounir MELLOUK,Président Directeur Général,CASABLANCA,002313360000005
388,,,2011-11-21,0.0,0.0,MIXTE,MA0000039489,FCP,WAFA GESTION,3948,0.02,UNIVERS DIVERSIFIE,HEBDOMADAIRE,FNPP,DIVERSIFIÉ,INSTITUTIONNELS,30% MASI RB + 70% MBI MLT,-,ATTIJARIWAFA BANK,16,"['mohamed.berrada1@attijariwafa.com', 'h.nokra@attijariwafa.com', 'g.mrini@attijariwafa.com', 'n.ouhatta@attijariwafa.com']",192315700959.16,"416, rue Mustapha EL Maani – Casablanca – Maroc",,,,WAFA GESTION,+212 522 453 838,"['asfim@asfim.ma', 'r.elhonsali@asfim.ma', 'k.bensouda@attijariwafa.com', 'n.ouhatta@attijariwafa.com', 'mohamed.berrada1@attijariwafa.com', 'R.Hilali@attijariwafa.com']",,Monsieur,Monsieur,Reda HILALI,Directeur Général,CASABLANCA,001698382000048
392,,,2013-03-07,0.0,0.0,MIXTE,MA0000042368,FCP,WAFA GESTION,4236,0.02,UNIVERS OBLIGATIONS,QUOTIDIENNE,FNPP,OMLT,INSTITUTIONNELS,50% MBI MLT +50% MBI MT,"]1,1  13]",ATTIJARIWAFA BANK,16,"['mohamed.berrada1@attijariwafa.com', 'h.nokra@attijariwafa.com', 'g.mrini@attijariwafa.com', 'n.ouhatta@attijariwafa.com']",192315700959.16,"416, rue Mustapha EL Maani – Casablanca – Maroc",,,,WAFA GESTION,+212 522 453 838,"['asfim@asfim.ma', 'r.elhonsali@asfim.ma', 'k.bensouda@attijariwafa.com', 'n.ouhatta@attijariwafa.com', 'mohamed.berrada1@attijariwafa.com', 'R.Hilali@attijariwafa.com']",,Monsieur,Monsieur,Reda HILALI,Directeur Général,CASABLANCA,001698382000048
137,,,2003-07-25,0.01,0.005,CAPITALISANT,MA0000040040,FCP,UPLINE CAPITAL MANAGEMENT,4004,0.02,UPLINE ACTIONS,QUOTIDIENNE,FGP,ACTIONS,,MASI,-,BCP,14,"['amine.boumehraz@uplinegroup.ma', 'nawfal.alami@uplinegroup.ma', 'zainab.lyassaa@uplinegroup.ma', 'sophia.hachki@uplinegroup.ma', 'ysadik@uplinegroup.ma', 'intissar.elhrissi@uplinegroup.ma']",104991562414.11,"101, Bvd Mohamed Zerktouni, Casablanca",,,,UPLINE CAPITAL MANAGEMENT,+212 522 954 960,"['asfim@asfim.ma', 'r.elhonsali@asfim.ma', 'Mohammed.Echaaly@uplinegroup.ma', 'amine.boumehraz@uplinegroup.ma', 'ycharafeeddine@cpm.co.ma']",,Monsieur,Monsieur,Youssef CHARAFE-EDDINE,Directeur Général,CASABLANCA,001553236000093
151,,,2007-10-18,0.0,0.0,MIXTE,MA0000036568,FCP,UPLINE CAPITAL MANAGEMENT,3656,0.02,UPLINE AVENIR,HEBDOMADAIRE,FNPP,OMLT,,40% MBI MT + 60% MBI MLT,"]1,1  12]",BCP,14,"['amine.boumehraz@uplinegroup.ma', 'nawfal.alami@uplinegroup.ma', 'zainab.lyassaa@uplinegroup.ma', 'sophia.hachki@uplinegroup.ma', 'ysadik@uplinegroup.ma', 'intissar.elhrissi@uplinegroup.ma']",104991562414.11,"101, Bvd Mohamed Zerktouni, Casablanca",,,,UPLINE CAPITAL MANAGEMENT,+212 522 954 960,"['asfim@asfim.ma', 'r.elhonsali@asfim.ma', 'Mohammed.Echaaly@uplinegroup.ma', 'amine.boumehraz@uplinegroup.ma', 'ycharafeeddine@cpm.co.ma']",,Monsieur,Monsieur,Youssef CHARAFE-EDDINE,Directeur Général,CASABLANCA,001553236000093
123,,,2009-12-04,0.0,0.0,MIXTE,MA0000040552,FCP,UPLINE CAPITAL MANAGEMENT,4055,0.02,UPLINE BONDS,QUOTIDIENNE,FGP,OMLT,,50% MBI MT + 50% MBI MLT,"]2,5  6,5]",BCP,14,"['amine.boumehraz@uplinegroup.ma', 'nawfal.alami@uplinegroup.ma', 'zainab.lyassaa@uplinegroup.ma', 'sophia.hachki@uplinegroup.ma', 'ysadik@uplinegroup.ma', 'intissar.elhrissi@uplinegroup.ma']",104991562414.11,"101, Bvd Mohamed Zerktouni, Casablanca",,,,UPLINE CAPITAL MANAGEMENT,+212 522 954 960,"['asfim@asfim.ma', 'r.elhonsali@asfim.ma', 'Mohammed.Echaaly@uplinegroup.ma', 'amine.boumehraz@uplinegroup.ma', 'ycharafeeddine@cpm.co.ma']",,Monsieur,Monsieur,Youssef CHARAFE-EDDINE,Directeur Général,CASABLANCA,001553236000093
146,,,2012-09-06,0.0,0.0,CAPITALISANT,MA0000037350,FCP,UPLINE CAPITAL MANAGEMENT,3735,0.02,UPLINE CAPITAL GARANTI,QUOTIDIENNE,FGP,CONTRACTUEL,,MONIA,-,BCP,14,"['amine.boumehraz@uplinegroup.ma', 'nawfal.alami@uplinegroup.ma', 'zainab.lyassaa@uplinegroup.ma', 'sophia.hachki@uplinegroup.ma', 'ysadik@uplinegroup.ma', 'intissar.elhrissi@uplinegroup.ma']",104991562414.11,"101, Bvd Mohamed Zerktouni, Casablanca",,,,UPLINE CAPITAL MANAGEMENT,+212 522 954 960,"['asfim@asfim.ma', 'r.elhonsali@asfim.ma', 'Mohammed.Echaaly@uplinegroup.ma', 'amine.boumehraz@uplinegroup.ma', 'ycharafeeddine@cpm.co.ma']",,Monsieur,Monsieur,Youssef CHARAFE-EDDINE,Directeur Général,CASABLANCA,001553236000093
154,,,2003-08-01,0.0,0.0,CAPITALISANT,MA0000036014,FCP,UPLINE CAPITAL MANAGEMENT,3601,0.02,UPLINE CASH,QUOTIDIENNE,FNPP,MONÉTAIRE,INSTITUTIONNELS,60% TMP + 40% MBI CT,"]0  0,5]",BCP,14,"['amine.boumehraz@uplinegroup.ma', 'nawfal.alami@uplinegroup.ma', 'zainab.lyassaa@uplinegroup.ma', 'sophia.hachki@uplinegroup.ma', 'ysadik@uplinegroup.ma', 'intissar.elhrissi@uplinegroup.ma']",104991562414.11,"101, Bvd Mohamed Zerktouni, Casablanca",,,,UPLINE CAPITAL MANAGEMENT,+212 522 954 960,"['asfim@asfim.ma', 'r.elhonsali@asfim.ma', 'Mohammed.Echaaly@uplinegroup.ma', 'amine.boumehraz@uplinegroup.ma', 'ycharafeeddine@cpm.co.ma']",,Monsieur,Monsieur,Youssef CHARAFE-EDDINE,Directeur Général,CASABLANCA,001553236000093
577,,,2023-02-10,0.0,0.0,MIXTE,MA0000039331,FCP,UPLINE CAPITAL MANAGEMENT,3933,0.02,UPLINE CROISSANCE,QUOTIDIENNE,FNPP,DIVERSIFIÉ,INSTITUTIONNELS,70% MBI + 30% MASI RB,-,BCP,14,"['amine.boumehraz@uplinegroup.ma', 'nawfal.alami@uplinegroup.ma', 'zainab.lyassaa@uplinegroup.ma', 'sophia.hachki@uplinegroup.ma', 'ysadik@uplinegroup.ma', 'intissar.elhrissi@uplinegroup.ma']",104991562414.11,"101, Bvd Mohamed Zerktouni, Casablanca",,,,UPLINE CAPITAL MANAGEMENT,+212 522 954 960,"['asfim@asfim.ma', 'r.elhonsali@asfim.ma', 'Mohammed.Echaaly@uplinegroup.ma', 'amine.boumehraz@uplinegroup.ma', 'ycharafeeddine@cpm.co.ma']",,Monsieur,Monsieur,Youssef CHARAFE-EDDINE,Directeur Général,CASABLANCA,001553236000093
530,,,2021-04-30,0.0,0.0,MIXTE,MA0000038911,FCP,CRÉDIT POPULAIRE DU MAROC,3891,0.02,UPLINE DIVERSIFIE,HEBDOMADAIRE,FNPP,DIVERSIFIÉ,,70% MBI + 30% MASI,-,BCP,14,"['amine.boumehraz@uplinegroup.ma', 'nawfal.alami@uplinegroup.ma', 'zainab.lyassaa@uplinegroup.ma', 'sophia.hachki@uplinegroup.ma', 'ysadik@uplinegroup.ma', 'intissar.elhrissi@uplinegroup.ma']",104991562414.11,"101, Bvd Mohamed Zerktouni, Casablanca",,,,UPLINE CAPITAL MANAGEMENT,+212 522 954 960,"['asfim@asfim.ma', 'r.elhonsali@asfim.ma', 'Mohammed.Echaaly@uplinegroup.ma', 'amine.boumehraz@uplinegroup.ma', 'ycharafeeddine@cpm.co.ma']",,Monsieur,Monsieur,Youssef CHARAFE-EDDINE,Directeur Général,CASABLANCA,001553236000093
153,,,2007-02-02,0.0,0.0,MIXTE,MA0000036402,FCP,UPLINE CAPITAL MANAGEMENT,3640,0.02,UPLINE EQUILIBRE,QUOTIDIENNE,FNPP,DIVERSIFIÉ,,75% MBI GLOBAL + 25% MASI 20,-,BCP,14,"['amine.boumehraz@uplinegroup.ma', 'nawfal.alami@uplinegroup.ma', 'zainab.lyassaa@uplinegroup.ma', 'sophia.hachki@uplinegroup.ma', 'ysadik@uplinegroup.ma', 'intissar.elhrissi@uplinegroup.ma']",104991562414.11,"101, Bvd Mohamed Zerktouni, Casablanca",,,,UPLINE CAPITAL MANAGEMENT,+212 522 954 960,"['asfim@asfim.ma', 'r.elhonsali@asfim.ma', 'Mohammed.Echaaly@uplinegroup.ma', 'amine.boumehraz@uplinegroup.ma', 'ycharafeeddine@cpm.co.ma']",,Monsieur,Monsieur,Youssef CHARAFE-EDDINE,Directeur Général,CASABLANCA,001553236000093
145,,,2012-09-06,0.0,0.0,CAPITALISANT,MA0000037368,FCP,UPLINE CAPITAL MANAGEMENT,3736,0.02,UPLINE HORIZON,QUOTIDIENNE,FNPP,OMLT,,MBI,"]1,1  5,1]",BCP,14,"['amine.boumehraz@uplinegroup.ma', 'nawfal.alami@uplinegroup.ma', 'zainab.lyassaa@uplinegroup.ma', 'sophia.hachki@uplinegroup.ma', 'ysadik@uplinegroup.ma', 'intissar.elhrissi@uplinegroup.ma']",104991562414.11,"101, Bvd Mohamed Zerktouni, Casablanca",,,,UPLINE CAPITAL MANAGEMENT,+212 522 954 960,"['asfim@asfim.ma', 'r.elhonsali@asfim.ma', 'Mohammed.Echaaly@uplinegroup.ma', 'amine.boumehraz@uplinegroup.ma', 'ycharafeeddine@cpm.co.ma']",,Monsieur,Monsieur,Youssef CHARAFE-EDDINE,Directeur Général,CASABLANCA,001553236000093
484,,,2020-01-03,0.0,0.0,MIXTE,MA0000038507,FCP,CRÉDIT POPULAIRE DU MAROC,3850,0.02,UPLINE HORIZON DYNAMIQUE,QUOTIDIENNE,FNPP,OCT,,75% MBI CT + 25% MBI MT,"]0,5 1,1]",BCP,14,"['amine.boumehraz@uplinegroup.ma', 'nawfal.alami@uplinegroup.ma', 'zainab.lyassaa@uplinegroup.ma', 'sophia.hachki@uplinegroup.ma', 'ysadik@uplinegroup.ma', 'intissar.elhrissi@uplinegroup.ma']",104991562414.11,"101, Bvd Mohamed Zerktouni, Casablanca",,,,UPLINE CAPITAL MANAGEMENT,+212 522 954 960,"['asfim@asfim.ma', 'r.elhonsali@asfim.ma', 'Mohammed.Echaaly@uplinegroup.ma', 'amine.boumehraz@uplinegroup.ma', 'ycharafeeddine@cpm.co.ma']",,Monsieur,Monsieur,Youssef CHARAFE-EDDINE,Directeur Général,CASABLANCA,001553236000093
138,,,2003-07-25,0.0,0.0,CAPITALISANT,MA0000040024,FCP,UPLINE CAPITAL MANAGEMENT,4002,0.02,UPLINE OBLIG,QUOTIDIENNE,FGP,OCT,,MBI CT,"]0,5 1,1]",BCP,14,"['amine.boumehraz@uplinegroup.ma', 'nawfal.alami@uplinegroup.ma', 'zainab.lyassaa@uplinegroup.ma', 'sophia.hachki@uplinegroup.ma', 'ysadik@uplinegroup.ma', 'intissar.elhrissi@uplinegroup.ma']",104991562414.11,"101, Bvd Mohamed Zerktouni, Casablanca",,,,UPLINE CAPITAL MANAGEMENT,+212 522 954 960,"['asfim@asfim.ma', 'r.elhonsali@asfim.ma', 'Mohammed.Echaaly@uplinegroup.ma', 'amine.boumehraz@uplinegroup.ma', 'ycharafeeddine@cpm.co.ma']",,Monsieur,Monsieur,Youssef CHARAFE-EDDINE,Directeur Général,CASABLANCA,001553236000093
485,,,2020-01-03,0.0,0.0,MIXTE,MA0000038515,FCP,CRÉDIT POPULAIRE DU MAROC,3851,0.02,UPLINE OBLIG DYNAMIQUE,HEBDOMADAIRE,FGP,OCT,,65 % TMP + 35% MBI MT,"]0,5 1,1]",BCP,14,"['amine.boumehraz@uplinegroup.ma', 'nawfal.alami@uplinegroup.ma', 'zainab.lyassaa@uplinegroup.ma', 'sophia.hachki@uplinegroup.ma', 'ysadik@uplinegroup.ma', 'intissar.elhrissi@uplinegroup.ma']",104991562414.11,"101, Bvd Mohamed Zerktouni, Casablanca",,,,UPLINE CAPITAL MANAGEMENT,+212 522 954 960,"['asfim@asfim.ma', 'r.elhonsali@asfim.ma', 'Mohammed.Echaaly@uplinegroup.ma', 'amine.boumehraz@uplinegroup.ma', 'ycharafeeddine@cpm.co.ma']",,Monsieur,Monsieur,Youssef CHARAFE-EDDINE,Directeur Général,CASABLANCA,001553236000093
144,,,2012-09-07,0.0,0.0,CAPITALISANT,MA0000037376,FCP,UPLINE CAPITAL MANAGEMENT,3737,0.02,UPLINE OBLIG PLUS,QUOTIDIENNE,FNPP,OMLT,,50%MBI CT + 50% MBI MLT,"]1,2  5,2]",BCP,14,"['amine.boumehraz@uplinegroup.ma', 'nawfal.alami@uplinegroup.ma', 'zainab.lyassaa@uplinegroup.ma', 'sophia.hachki@uplinegroup.ma', 'ysadik@uplinegroup.ma', 'intissar.elhrissi@uplinegroup.ma']",104991562414.11,"101, Bvd Mohamed Zerktouni, Casablanca",,,,UPLINE CAPITAL MANAGEMENT,+212 522 954 960,"['asfim@asfim.ma', 'r.elhonsali@asfim.ma', 'Mohammed.Echaaly@uplinegroup.ma', 'amine.boumehraz@uplinegroup.ma', 'ycharafeeddine@cpm.co.ma']",,Monsieur,Monsieur,Youssef CHARAFE-EDDINE,Directeur Général,CASABLANCA,001553236000093
143,,,2012-09-06,0.0,0.0,CAPITALISANT,MA0000037384,FCP,UPLINE CAPITAL MANAGEMENT,3738,0.02,UPLINE OPPORTUNITES,QUOTIDIENNE,FNPP,DIVERSIFIÉ,,80% MBI + 20% MASI,-,BCP,14,"['amine.boumehraz@uplinegroup.ma', 'nawfal.alami@uplinegroup.ma', 'zainab.lyassaa@uplinegroup.ma', 'sophia.hachki@uplinegroup.ma', 'ysadik@uplinegroup.ma', 'intissar.elhrissi@uplinegroup.ma']",104991562414.11,"101, Bvd Mohamed Zerktouni, Casablanca",,,,UPLINE CAPITAL MANAGEMENT,+212 522 954 960,"['asfim@asfim.ma', 'r.elhonsali@asfim.ma', 'Mohammed.Echaaly@uplinegroup.ma', 'amine.boumehraz@uplinegroup.ma', 'ycharafeeddine@cpm.co.ma']",,Monsieur,Monsieur,Youssef CHARAFE-EDDINE,Directeur Général,CASABLANCA,001553236000093
483,,,2019-12-19,0.0,0.0,MIXTE,MA0000038556,FCP,CRÉDIT POPULAIRE DU MAROC,3855,0.02,UPLINE PATRIMOINE,QUOTIDIENNE,FNPP,DIVERSIFIÉ,,60% MBI + 40% MASI,-,BCP,14,"['amine.boumehraz@uplinegroup.ma', 'nawfal.alami@uplinegroup.ma', 'zainab.lyassaa@uplinegroup.ma', 'sophia.hachki@uplinegroup.ma', 'ysadik@uplinegroup.ma', 'intissar.elhrissi@uplinegroup.ma']",104991562414.11,"101, Bvd Mohamed Zerktouni, Casablanca",,,,UPLINE CAPITAL MANAGEMENT,+212 522 954 960,"['asfim@asfim.ma', 'r.elhonsali@asfim.ma', 'Mohammed.Echaaly@uplinegroup.ma', 'amine.boumehraz@uplinegroup.ma', 'ycharafeeddine@cpm.co.ma']",,Monsieur,Monsieur,Youssef CHARAFE-EDDINE,Directeur Général,CASABLANCA,001553236000093
148,,,2008-05-20,0.0,0.0,MIXTE,MA0000036618,FCP,UPLINE CAPITAL MANAGEMENT,3661,0.02,UPLINE PERENNITE,QUOTIDIENNE,FGP,MONÉTAIRE,,50% TMP +  50% MBI CT,"]0  0,5]",BCP,14,"['amine.boumehraz@uplinegroup.ma', 'nawfal.alami@uplinegroup.ma', 'zainab.lyassaa@uplinegroup.ma', 'sophia.hachki@uplinegroup.ma', 'ysadik@uplinegroup.ma', 'intissar.elhrissi@uplinegroup.ma']",104991562414.11,"101, Bvd Mohamed Zerktouni, Casablanca",,,,UPLINE CAPITAL MANAGEMENT,+212 522 954 960,"['asfim@asfim.ma', 'r.elhonsali@asfim.ma', 'Mohammed.Echaaly@uplinegroup.ma', 'amine.boumehraz@uplinegroup.ma', 'ycharafeeddine@cpm.co.ma']",,Monsieur,Monsieur,Youssef CHARAFE-EDDINE,Directeur Général,CASABLANCA,001553236000093
553,,,2021-12-31,0.002,0.002,CAPITALISANT,MA0000039109,FCP,BANQUE POPULAIRE,3910,0.02,UPLINE PROTECTION DYNAMIQUE,HEBDOMADAIRE,FGP,DIVERSIFIÉ,,-,-,BCP,14,"['amine.boumehraz@uplinegroup.ma', 'nawfal.alami@uplinegroup.ma', 'zainab.lyassaa@uplinegroup.ma', 'sophia.hachki@uplinegroup.ma', 'ysadik@uplinegroup.ma', 'intissar.elhrissi@uplinegroup.ma']",104991562414.11,"101, Bvd Mohamed Zerktouni, Casablanca",,,,UPLINE CAPITAL MANAGEMENT,+212 522 954 960,"['asfim@asfim.ma', 'r.elhonsali@asfim.ma', 'Mohammed.Echaaly@uplinegroup.ma', 'amine.boumehraz@uplinegroup.ma', 'ycharafeeddine@cpm.co.ma']",,Monsieur,Monsieur,Youssef CHARAFE-EDDINE,Directeur Général,CASABLANCA,001553236000093
139,,,2003-07-25,0.0,0.0,CAPITALISANT,MA0000040016,FCP,UPLINE CAPITAL MANAGEMENT,4001,0.02,UPLINE RENDEMENT,QUOTIDIENNE,FGP,OMLT,,80%MBI MT + 20% MBI MLT,"]1,1   5,1]",BCP,14,"['amine.boumehraz@uplinegroup.ma', 'nawfal.alami@uplinegroup.ma', 'zainab.lyassaa@uplinegroup.ma', 'sophia.hachki@uplinegroup.ma', 'ysadik@uplinegroup.ma', 'intissar.elhrissi@uplinegroup.ma']",104991562414.11,"101, Bvd Mohamed Zerktouni, Casablanca",,,,UPLINE CAPITAL MANAGEMENT,+212 522 954 960,"['asfim@asfim.ma', 'r.elhonsali@asfim.ma', 'Mohammed.Echaaly@uplinegroup.ma', 'amine.boumehraz@uplinegroup.ma', 'ycharafeeddine@cpm.co.ma']",,Monsieur,Monsieur,Youssef CHARAFE-EDDINE,Directeur Général,CASABLANCA,001553236000093
147,,,2012-09-21,0.0,0.0,CAPITALISANT,MA0000037343,FCP,UPLINE CAPITAL MANAGEMENT,3734,0.02,UPLINE RENDEMENT PLUS,HEBDOMADAIRE,FGP,OMLT,,MBI GLOBAL,]4  8],BCP,14,"['amine.boumehraz@uplinegroup.ma', 'nawfal.alami@uplinegroup.ma', 'zainab.lyassaa@uplinegroup.ma', 'sophia.hachki@uplinegroup.ma', 'ysadik@uplinegroup.ma', 'intissar.elhrissi@uplinegroup.ma']",104991562414.11,"101, Bvd Mohamed Zerktouni, Casablanca",,,,UPLINE CAPITAL MANAGEMENT,+212 522 954 960,"['asfim@asfim.ma', 'r.elhonsali@asfim.ma', 'Mohammed.Echaaly@uplinegroup.ma', 'amine.boumehraz@uplinegroup.ma', 'ycharafeeddine@cpm.co.ma']",,Monsieur,Monsieur,Youssef CHARAFE-EDDINE,Directeur Général,CASABLANCA,001553236000093
535,,,2021-07-01,0.0,0.0,MIXTE,MA0000039018,FCP,GROUPE BANQUE POPULAIRE,3901,0.02,UPLINE RETAIL SERENITE,QUOTIDIENNE,FGP,OCT,,85% MBI CT + 15% MBI MT,"]0,5 1,1]",BCP,14,"['amine.boumehraz@uplinegroup.ma', 'nawfal.alami@uplinegroup.ma', 'zainab.lyassaa@uplinegroup.ma', 'sophia.hachki@uplinegroup.ma', 'ysadik@uplinegroup.ma', 'intissar.elhrissi@uplinegroup.ma']",104991562414.11,"101, Bvd Mohamed Zerktouni, Casablanca",,,,UPLINE CAPITAL MANAGEMENT,+212 522 954 960,"['asfim@asfim.ma', 'r.elhonsali@asfim.ma', 'Mohammed.Echaaly@uplinegroup.ma', 'amine.boumehraz@uplinegroup.ma', 'ycharafeeddine@cpm.co.ma']",,Monsieur,Monsieur,Youssef CHARAFE-EDDINE,Directeur Général,CASABLANCA,001553236000093
534,,,2021-07-01,0.0,0.0,MIXTE,MA0000039000,FCP,GROUPE BANQUE POPULAIRE,3900,0.02,UPLINE RETAIL SERENITE PLUS,QUOTIDIENNE,FGP,OMLT,,75% MBI MT + 25% MBI MLT,"]1,1   5,1]",BCP,14,"['amine.boumehraz@uplinegroup.ma', 'nawfal.alami@uplinegroup.ma', 'zainab.lyassaa@uplinegroup.ma', 'sophia.hachki@uplinegroup.ma', 'ysadik@uplinegroup.ma', 'intissar.elhrissi@uplinegroup.ma']",104991562414.11,"101, Bvd Mohamed Zerktouni, Casablanca",,,,UPLINE CAPITAL MANAGEMENT,+212 522 954 960,"['asfim@asfim.ma', 'r.elhonsali@asfim.ma', 'Mohammed.Echaaly@uplinegroup.ma', 'amine.boumehraz@uplinegroup.ma', 'ycharafeeddine@cpm.co.ma']",,Monsieur,Monsieur,Youssef CHARAFE-EDDINE,Directeur Général,CASABLANCA,001553236000093
486,,,2020-01-03,0.0,0.0,MIXTE,MA0000038499,FCP,CRÉDIT POPULAIRE DU MAROC,3849,0.02,UPLINE SECURE PLUS,HEBDOMADAIRE,FGP,OMLT,,100 % MBI MT,"]1,1   5,1]",BCP,14,"['amine.boumehraz@uplinegroup.ma', 'nawfal.alami@uplinegroup.ma', 'zainab.lyassaa@uplinegroup.ma', 'sophia.hachki@uplinegroup.ma', 'ysadik@uplinegroup.ma', 'intissar.elhrissi@uplinegroup.ma']",104991562414.11,"101, Bvd Mohamed Zerktouni, Casablanca",,,,UPLINE CAPITAL MANAGEMENT,+212 522 954 960,"['asfim@asfim.ma', 'r.elhonsali@asfim.ma', 'Mohammed.Echaaly@uplinegroup.ma', 'amine.boumehraz@uplinegroup.ma', 'ycharafeeddine@cpm.co.ma']",,Monsieur,Monsieur,Youssef CHARAFE-EDDINE,Directeur Général,CASABLANCA,001553236000093
155,,,2003-08-01,0.0,0.0,CAPITALISANT,MA0000036006,FCP,UPLINE CAPITAL MANAGEMENT,3600,0.02,UPLINE TRESORERIE,QUOTIDIENNE,FGP,MONÉTAIRE,,100% TMP,"]0  0,5]",BCP,14,"['amine.boumehraz@uplinegroup.ma', 'nawfal.alami@uplinegroup.ma', 'zainab.lyassaa@uplinegroup.ma', 'sophia.hachki@uplinegroup.ma', 'ysadik@uplinegroup.ma', 'intissar.elhrissi@uplinegroup.ma']",104991562414.11,"101, Bvd Mohamed Zerktouni, Casablanca",,,,UPLINE CAPITAL MANAGEMENT,+212 522 954 960,"['asfim@asfim.ma', 'r.elhonsali@asfim.ma', 'Mohammed.Echaaly@uplinegroup.ma', 'amine.boumehraz@uplinegroup.ma', 'ycharafeeddine@cpm.co.ma']",,Monsieur,Monsieur,Youssef CHARAFE-EDDINE,Directeur Général,CASABLANCA,001553236000093
150,,,2007-08-07,0.0,0.0,MIXTE,MA0000036576,FCP,UPLINE CAPITAL MANAGEMENT,3657,0.02,UPLINE VALEURS PLUS,QUOTIDIENNE,FGP,ACTIONS,,MASI,-,BCP,14,"['amine.boumehraz@uplinegroup.ma', 'nawfal.alami@uplinegroup.ma', 'zainab.lyassaa@uplinegroup.ma', 'sophia.hachki@uplinegroup.ma', 'ysadik@uplinegroup.ma', 'intissar.elhrissi@uplinegroup.ma']",104991562414.11,"101, Bvd Mohamed Zerktouni, Casablanca",,,,UPLINE CAPITAL MANAGEMENT,+212 522 954 960,"['asfim@asfim.ma', 'r.elhonsali@asfim.ma', 'Mohammed.Echaaly@uplinegroup.ma', 'amine.boumehraz@uplinegroup.ma', 'ycharafeeddine@cpm.co.ma']",,Monsieur,Monsieur,Youssef CHARAFE-EDDINE,Directeur Général,CASABLANCA,001553236000093
374,,,2000-04-07,0.03,0.015,DISTRIBUANT,MA0000040370,FCP,WAFA GESTION,4037,0.02,WAFA ASSURANCE EXPANSION,HEBDOMADAIRE,FNPP,ACTIONS,INSTITUTIONNELS,CFG 25 FLOTTANT,-,ATTIJARIWAFA BANK,16,"['mohamed.berrada1@attijariwafa.com', 'h.nokra@attijariwafa.com', 'g.mrini@attijariwafa.com', 'n.ouhatta@attijariwafa.com']",192315700959.16,"416, rue Mustapha EL Maani – Casablanca – Maroc",,,,WAFA GESTION,+212 522 453 838,"['asfim@asfim.ma', 'r.elhonsali@asfim.ma', 'k.bensouda@attijariwafa.com', 'n.ouhatta@attijariwafa.com', 'mohamed.berrada1@attijariwafa.com', 'R.Hilali@attijariwafa.com']",,Monsieur,Monsieur,Reda HILALI,Directeur Général,CASABLANCA,001698382000048
367,,,1999-02-05,0.03,0.015,DISTRIBUANT,MA0000040305,FCP,WAFA GESTION,4030,0.02,WAFA ASSURANCE OPTIMISATION,HEBDOMADAIRE,FNPP,DIVERSIFIÉ,INSTITUTIONNELS,50% CFG 25 FLOTTANT + 50% MBI MT,-,ATTIJARIWAFA BANK,16,"['mohamed.berrada1@attijariwafa.com', 'h.nokra@attijariwafa.com', 'g.mrini@attijariwafa.com', 'n.ouhatta@attijariwafa.com']",192315700959.16,"416, rue Mustapha EL Maani – Casablanca – Maroc",,,,WAFA GESTION,+212 522 453 838,"['asfim@asfim.ma', 'r.elhonsali@asfim.ma', 'k.bensouda@attijariwafa.com', 'n.ouhatta@attijariwafa.com', 'mohamed.berrada1@attijariwafa.com', 'R.Hilali@attijariwafa.com']",,Monsieur,Monsieur,Reda HILALI,Directeur Général,CASABLANCA,001698382000048
359,,,1999-02-05,0.03,0.015,DISTRIBUANT,MA0000040222,FCP,WAFA GESTION,4022,0.02,WAFA ASSURANCE SECURITE,HEBDOMADAIRE,FNPP,OMLT,INSTITUTIONNELS,MBI MLT,]4  8],ATTIJARIWAFA BANK,16,"['mohamed.berrada1@attijariwafa.com', 'h.nokra@attijariwafa.com', 'g.mrini@attijariwafa.com', 'n.ouhatta@attijariwafa.com']",192315700959.16,"416, rue Mustapha EL Maani – Casablanca – Maroc",,,,WAFA GESTION,+212 522 453 838,"['asfim@asfim.ma', 'r.elhonsali@asfim.ma', 'k.bensouda@attijariwafa.com', 'n.ouhatta@attijariwafa.com', 'mohamed.berrada1@attijariwafa.com', 'R.Hilali@attijariwafa.com']",,Monsieur,Monsieur,Reda HILALI,Directeur Général,CASABLANCA,001698382000048
366,,,2000-12-15,0.03,0.015,DISTRIBUANT,MA0000040297,FCP,WAFA GESTION,4029,0.02,WAFA ASSURANCE STRATEGIE,HEBDOMADAIRE,FNPP,ACTIONS,INSTITUTIONNELS,70% MASI + 30% MBI MT,-,ATTIJARIWAFA BANK,16,"['mohamed.berrada1@attijariwafa.com', 'h.nokra@attijariwafa.com', 'g.mrini@attijariwafa.com', 'n.ouhatta@attijariwafa.com']",192315700959.16,"416, rue Mustapha EL Maani – Casablanca – Maroc",,,,WAFA GESTION,+212 522 453 838,"['asfim@asfim.ma', 'r.elhonsali@asfim.ma', 'k.bensouda@attijariwafa.com', 'n.ouhatta@attijariwafa.com', 'mohamed.berrada1@attijariwafa.com', 'R.Hilali@attijariwafa.com']",,Monsieur,Monsieur,Reda HILALI,Directeur Général,CASABLANCA,001698382000048
369,,,2001-06-15,0.0,0.0,MIXTE,MA0000042293,FCP,WAFA GESTION,4229,0.02,WG ACTIONS,HEBDOMADAIRE,FNPP,ACTIONS,INSTITUTIONNELS,MASI RB,-,ATTIJARIWAFA BANK,16,"['mohamed.berrada1@attijariwafa.com', 'h.nokra@attijariwafa.com', 'g.mrini@attijariwafa.com', 'n.ouhatta@attijariwafa.com']",192315700959.16,"416, rue Mustapha EL Maani – Casablanca – Maroc",,,,WAFA GESTION,+212 522 453 838,"['asfim@asfim.ma', 'r.elhonsali@asfim.ma', 'k.bensouda@attijariwafa.com', 'n.ouhatta@attijariwafa.com', 'mohamed.berrada1@attijariwafa.com', 'R.Hilali@attijariwafa.com']",,Monsieur,Monsieur,Reda HILALI,Directeur Général,CASABLANCA,001698382000048
451,,,2018-11-02,0.0,0.0,MIXTE,MA0000042269,FCP,WAFA GESTION,4226,0.02,WG BALANCED,HEBDOMADAIRE,FGP,DIVERSIFIÉ,,50% MASI RB + 50% MBI MT,-,ATTIJARIWAFA BANK,16,"['mohamed.berrada1@attijariwafa.com', 'h.nokra@attijariwafa.com', 'g.mrini@attijariwafa.com', 'n.ouhatta@attijariwafa.com']",192315700959.16,"416, rue Mustapha EL Maani – Casablanca – Maroc",,,,WAFA GESTION,+212 522 453 838,"['asfim@asfim.ma', 'r.elhonsali@asfim.ma', 'k.bensouda@attijariwafa.com', 'n.ouhatta@attijariwafa.com', 'mohamed.berrada1@attijariwafa.com', 'R.Hilali@attijariwafa.com']",,Monsieur,Monsieur,Reda HILALI,Directeur Général,CASABLANCA,001698382000048
506,,,2020-08-04,0.03,0.015,MIXTE,MA0000042418,FCP,WAFA GESTION,4241,0.02,WG BOND FUND,QUOTIDIENNE,FNPP,OMLT,INSTITUTIONNELS,MBI MLT,"]1,1 9]",ATTIJARIWAFA BANK,16,"['mohamed.berrada1@attijariwafa.com', 'h.nokra@attijariwafa.com', 'g.mrini@attijariwafa.com', 'n.ouhatta@attijariwafa.com']",192315700959.16,"416, rue Mustapha EL Maani – Casablanca – Maroc",,,,WAFA GESTION,+212 522 453 838,"['asfim@asfim.ma', 'r.elhonsali@asfim.ma', 'k.bensouda@attijariwafa.com', 'n.ouhatta@attijariwafa.com', 'mohamed.berrada1@attijariwafa.com', 'R.Hilali@attijariwafa.com']",,Monsieur,Monsieur,Reda HILALI,Directeur Général,CASABLANCA,001698382000048
528,,,2021-03-19,0.03,0.015,MIXTE,MA0000038887,FCP,WAFA GESTION,3888,0.02,WG CAPITAL,HEBDOMADAIRE,FNPP,ACTIONS,INSTITUTIONNELS,MASI RB,-,ATTIJARIWAFA BANK,16,"['mohamed.berrada1@attijariwafa.com', 'h.nokra@attijariwafa.com', 'g.mrini@attijariwafa.com', 'n.ouhatta@attijariwafa.com']",192315700959.16,"416, rue Mustapha EL Maani – Casablanca – Maroc",,,,WAFA GESTION,+212 522 453 838,"['asfim@asfim.ma', 'r.elhonsali@asfim.ma', 'k.bensouda@attijariwafa.com', 'n.ouhatta@attijariwafa.com', 'mohamed.berrada1@attijariwafa.com', 'R.Hilali@attijariwafa.com']",,Monsieur,Monsieur,Reda HILALI,Directeur Général,CASABLANCA,001698382000048
329,,,1999-06-25,0.0,0.0,CAPITALISANT,MA0000030835,SICAV,WAFA GESTION,3083,0.02,WG CROISSANCE,HEBDOMADAIRE,FGP,DIVERSIFIÉ,,75% MBI MT + 25% MASI,-,ATTIJARIWAFA BANK,16,"['mohamed.berrada1@attijariwafa.com', 'h.nokra@attijariwafa.com', 'g.mrini@attijariwafa.com', 'n.ouhatta@attijariwafa.com']",192315700959.16,"416, rue Mustapha EL Maani – Casablanca – Maroc",,,,WAFA GESTION,+212 522 453 838,"['asfim@asfim.ma', 'r.elhonsali@asfim.ma', 'k.bensouda@attijariwafa.com', 'n.ouhatta@attijariwafa.com', 'mohamed.berrada1@attijariwafa.com', 'R.Hilali@attijariwafa.com']",,Monsieur,Monsieur,Reda HILALI,Directeur Général,CASABLANCA,001698382000048
330,,,2000-07-14,0.0,0.0,CAPITALISANT,MA0000030827,SICAV,WAFA GESTION,3082,0.02,WG DIVERSIFIE,HEBDOMADAIRE,FGP,DIVERSIFIÉ,,75% MBI MT + 25% MASI RB,-,ATTIJARIWAFA BANK,16,"['mohamed.berrada1@attijariwafa.com', 'h.nokra@attijariwafa.com', 'g.mrini@attijariwafa.com', 'n.ouhatta@attijariwafa.com']",192315700959.16,"416, rue Mustapha EL Maani – Casablanca – Maroc",,,,WAFA GESTION,+212 522 453 838,"['asfim@asfim.ma', 'r.elhonsali@asfim.ma', 'k.bensouda@attijariwafa.com', 'n.ouhatta@attijariwafa.com', 'mohamed.berrada1@attijariwafa.com', 'R.Hilali@attijariwafa.com']",,Monsieur,Monsieur,Reda HILALI,Directeur Général,CASABLANCA,001698382000048
372,,,1998-05-15,0.0,0.0,CAPITALISANT,MA0000042558,FCP,WAFA GESTION,4255,0.02,WG DYNAMIC,HEBDOMADAIRE,FGP,DIVERSIFIÉ,,75% MBI + 25% MASI RB,-,ATTIJARIWAFA BANK,16,"['mohamed.berrada1@attijariwafa.com', 'h.nokra@attijariwafa.com', 'g.mrini@attijariwafa.com', 'n.ouhatta@attijariwafa.com']",192315700959.16,"416, rue Mustapha EL Maani – Casablanca – Maroc",,,,WAFA GESTION,+212 522 453 838,"['asfim@asfim.ma', 'r.elhonsali@asfim.ma', 'k.bensouda@attijariwafa.com', 'n.ouhatta@attijariwafa.com', 'mohamed.berrada1@attijariwafa.com', 'R.Hilali@attijariwafa.com']",,Monsieur,Monsieur,Reda HILALI,Directeur Général,CASABLANCA,001698382000048
395,,,2016-04-21,0.0,0.0,MIXTE,MA0000042541,FCP,WAFA GESTION,4254,0.02,WG EPARGNE,HEBDOMADAIRE,FGP,DIVERSIFIÉ,,90% MASI RB + 10% MBI GLOBAL,-,ATTIJARIWAFA BANK,16,"['mohamed.berrada1@attijariwafa.com', 'h.nokra@attijariwafa.com', 'g.mrini@attijariwafa.com', 'n.ouhatta@attijariwafa.com']",192315700959.16,"416, rue Mustapha EL Maani – Casablanca – Maroc",,,,WAFA GESTION,+212 522 453 838,"['asfim@asfim.ma', 'r.elhonsali@asfim.ma', 'k.bensouda@attijariwafa.com', 'n.ouhatta@attijariwafa.com', 'mohamed.berrada1@attijariwafa.com', 'R.Hilali@attijariwafa.com']",,Monsieur,Monsieur,Reda HILALI,Directeur Général,CASABLANCA,001698382000048
452,,,2018-11-02,0.0,0.0,DISTRIBUANT,MA0000041774,FCP,WAFA GESTION; ATTIJARIWAFA BANK,4177,0.02,WG EQUITY FUND,HEBDOMADAIRE,FNPP,ACTIONS,INSTITUTIONNELS,MASI,-,ATTIJARIWAFA BANK,16,"['mohamed.berrada1@attijariwafa.com', 'h.nokra@attijariwafa.com', 'g.mrini@attijariwafa.com', 'n.ouhatta@attijariwafa.com']",192315700959.16,"416, rue Mustapha EL Maani – Casablanca – Maroc",,,,WAFA GESTION,+212 522 453 838,"['asfim@asfim.ma', 'r.elhonsali@asfim.ma', 'k.bensouda@attijariwafa.com', 'n.ouhatta@attijariwafa.com', 'mohamed.berrada1@attijariwafa.com', 'R.Hilali@attijariwafa.com']",,Monsieur,Monsieur,Reda HILALI,Directeur Général,CASABLANCA,001698382000048
492,,,2020-02-07,0.03,0.015,MIXTE,MA0000042376,FCP,WAFA GESTION,4237,0.02,WG FRUCTI PATRIMOINE,HEBDOMADAIRE,FNPP,DIVERSIFIÉ,INSTITUTIONNELS,20% MASI RB + 80% MBI GLOBAL,-,ATTIJARIWAFA BANK,16,"['mohamed.berrada1@attijariwafa.com', 'h.nokra@attijariwafa.com', 'g.mrini@attijariwafa.com', 'n.ouhatta@attijariwafa.com']",192315700959.16,"416, rue Mustapha EL Maani – Casablanca – Maroc",,,,WAFA GESTION,+212 522 453 838,"['asfim@asfim.ma', 'r.elhonsali@asfim.ma', 'k.bensouda@attijariwafa.com', 'n.ouhatta@attijariwafa.com', 'mohamed.berrada1@attijariwafa.com', 'R.Hilali@attijariwafa.com']",,Monsieur,Monsieur,Reda HILALI,Directeur Général,CASABLANCA,001698382000048
394,,,2016-04-21,0.0,0.0,CAPITALISANT,MA0000042525,FCP,WAFA GESTION,4252,0.02,WG HORIZON,HEBDOMADAIRE,FGP,DIVERSIFIÉ,,75% MBI GLOBAL + 25% MASI RB,-,ATTIJARIWAFA BANK,16,"['mohamed.berrada1@attijariwafa.com', 'h.nokra@attijariwafa.com', 'g.mrini@attijariwafa.com', 'n.ouhatta@attijariwafa.com']",192315700959.16,"416, rue Mustapha EL Maani – Casablanca – Maroc",,,,WAFA GESTION,+212 522 453 838,"['asfim@asfim.ma', 'r.elhonsali@asfim.ma', 'k.bensouda@attijariwafa.com', 'n.ouhatta@attijariwafa.com', 'mohamed.berrada1@attijariwafa.com', 'R.Hilali@attijariwafa.com']",,Monsieur,Monsieur,Reda HILALI,Directeur Général,CASABLANCA,001698382000048
592,,,2023-12-01,0.02,0.02,CAPITALISANT,MA0000042319,FCP,WAFA GESTION; ATTIJARIWAFA BANK,4231,0.015,WG LOW VOLATILITY FACTOR FUND,HEBDOMADAIRE,FGP,ACTIONS,,MASI,-,ATTIJARIWAFA BANK,16,"['mohamed.berrada1@attijariwafa.com', 'h.nokra@attijariwafa.com', 'g.mrini@attijariwafa.com', 'n.ouhatta@attijariwafa.com']",192315700959.16,"416, rue Mustapha EL Maani – Casablanca – Maroc",,,,WAFA GESTION,+212 522 453 838,"['asfim@asfim.ma', 'r.elhonsali@asfim.ma', 'k.bensouda@attijariwafa.com', 'n.ouhatta@attijariwafa.com', 'mohamed.berrada1@attijariwafa.com', 'R.Hilali@attijariwafa.com']",,Monsieur,Monsieur,Reda HILALI,Directeur Général,CASABLANCA,001698382000048
594,,,2023-12-01,0.02,0.02,CAPITALISANT,MA0000042335,FCP,WAFA GESTION; ATTIJARIWAFA BANK,4233,0.015,WG MOMENTUM FACTOR FUND,HEBDOMADAIRE,FGP,ACTIONS,,MASI,-,ATTIJARIWAFA BANK,16,"['mohamed.berrada1@attijariwafa.com', 'h.nokra@attijariwafa.com', 'g.mrini@attijariwafa.com', 'n.ouhatta@attijariwafa.com']",192315700959.16,"416, rue Mustapha EL Maani – Casablanca – Maroc",,,,WAFA GESTION,+212 522 453 838,"['asfim@asfim.ma', 'r.elhonsali@asfim.ma', 'k.bensouda@attijariwafa.com', 'n.ouhatta@attijariwafa.com', 'mohamed.berrada1@attijariwafa.com', 'R.Hilali@attijariwafa.com']",,Monsieur,Monsieur,Reda HILALI,Directeur Général,CASABLANCA,001698382000048
398,,,2016-12-01,0.01,0.01,CAPITALISANT,MA0000041386,FCP,WAFA GESTION,4138,0.01,WG MONETAIRE,QUOTIDIENNE,FGP,MONÉTAIRE,,TMP MARCHE INTERBANCAIRE,"]0  0,5]",ATTIJARIWAFA BANK,16,"['mohamed.berrada1@attijariwafa.com', 'h.nokra@attijariwafa.com', 'g.mrini@attijariwafa.com', 'n.ouhatta@attijariwafa.com']",192315700959.16,"416, rue Mustapha EL Maani – Casablanca – Maroc",,,,WAFA GESTION,+212 522 453 838,"['asfim@asfim.ma', 'r.elhonsali@asfim.ma', 'k.bensouda@attijariwafa.com', 'n.ouhatta@attijariwafa.com', 'mohamed.berrada1@attijariwafa.com', 'R.Hilali@attijariwafa.com']",,Monsieur,Monsieur,Reda HILALI,Directeur Général,CASABLANCA,001698382000048
375,,,2001-06-15,0.0,0.0,MIXTE,MA0000040388,SICAV,WAFA GESTION,4038,0.0125,WG OBLIGATIONS,QUOTIDIENNE,FGP,OMLT,,MBI MT,[1.1  5[,ATTIJARIWAFA BANK,16,"['mohamed.berrada1@attijariwafa.com', 'h.nokra@attijariwafa.com', 'g.mrini@attijariwafa.com', 'n.ouhatta@attijariwafa.com']",192315700959.16,"416, rue Mustapha EL Maani – Casablanca – Maroc",,,,WAFA GESTION,+212 522 453 838,"['asfim@asfim.ma', 'r.elhonsali@asfim.ma', 'k.bensouda@attijariwafa.com', 'n.ouhatta@attijariwafa.com', 'mohamed.berrada1@attijariwafa.com', 'R.Hilali@attijariwafa.com']",,Monsieur,Monsieur,Reda HILALI,Directeur Général,CASABLANCA,001698382000048
541,,,2021-06-04,0.03,0.015,CAPITALISANT,MA0000041782,FCP,WAFA GESTION,4178,0.02,WG OPPORTUNITES,HEBDOMADAIRE,FNPP,DIVERSIFIÉ,INTITUTIONNELS,80% MBI MT + 20% MASI RB,-,ATTIJARIWAFA BANK,16,"['mohamed.berrada1@attijariwafa.com', 'h.nokra@attijariwafa.com', 'g.mrini@attijariwafa.com', 'n.ouhatta@attijariwafa.com']",192315700959.16,"416, rue Mustapha EL Maani – Casablanca – Maroc",,,,WAFA GESTION,+212 522 453 838,"['asfim@asfim.ma', 'r.elhonsali@asfim.ma', 'k.bensouda@attijariwafa.com', 'n.ouhatta@attijariwafa.com', 'mohamed.berrada1@attijariwafa.com', 'R.Hilali@attijariwafa.com']",,Monsieur,Monsieur,Reda HILALI,Directeur Général,CASABLANCA,001698382000048
397,,,2016-04-21,0.0,0.0,CAPITALISANT,MA0000042277,FCP,WAFA GESTION,4227,0.02,WG PERFORMANCE,HEBDOMADAIRE,FGP,DIVERSIFIÉ,,15% MASI + 85% MBI MT,-,ATTIJARIWAFA BANK,16,"['mohamed.berrada1@attijariwafa.com', 'h.nokra@attijariwafa.com', 'g.mrini@attijariwafa.com', 'n.ouhatta@attijariwafa.com']",192315700959.16,"416, rue Mustapha EL Maani – Casablanca – Maroc",,,,WAFA GESTION,+212 522 453 838,"['asfim@asfim.ma', 'r.elhonsali@asfim.ma', 'k.bensouda@attijariwafa.com', 'n.ouhatta@attijariwafa.com', 'mohamed.berrada1@attijariwafa.com', 'R.Hilali@attijariwafa.com']",,Monsieur,Monsieur,Reda HILALI,Directeur Général,CASABLANCA,001698382000048
464,,,2019-07-15,0.03,0.015,MIXTE,MA0000042392,FCP,WAFA GESTION,4239,0.02,WG RENDEMENT,QUOTIDIENNE,FGP,DIVERSIFIÉ,,30% MASI RENTABILITE + 70% MBI GLOBAL,-,ATTIJARIWAFA BANK,16,"['mohamed.berrada1@attijariwafa.com', 'h.nokra@attijariwafa.com', 'g.mrini@attijariwafa.com', 'n.ouhatta@attijariwafa.com']",192315700959.16,"416, rue Mustapha EL Maani – Casablanca – Maroc",,,,WAFA GESTION,+212 522 453 838,"['asfim@asfim.ma', 'r.elhonsali@asfim.ma', 'k.bensouda@attijariwafa.com', 'n.ouhatta@attijariwafa.com', 'mohamed.berrada1@attijariwafa.com', 'R.Hilali@attijariwafa.com']",,Monsieur,Monsieur,Reda HILALI,Directeur Général,CASABLANCA,001698382000048
396,,,2016-04-21,0.002,0.001,MIXTE,MA0000042251,FCP,WAFA GESTION,4225,0.02,WG SERENITE,HEBDOMADAIRE,FGP,DIVERSIFIÉ,,40% MASI RB + 60% MBI MT,-,ATTIJARIWAFA BANK,16,"['mohamed.berrada1@attijariwafa.com', 'h.nokra@attijariwafa.com', 'g.mrini@attijariwafa.com', 'n.ouhatta@attijariwafa.com']",192315700959.16,"416, rue Mustapha EL Maani – Casablanca – Maroc",,,,WAFA GESTION,+212 522 453 838,"['asfim@asfim.ma', 'r.elhonsali@asfim.ma', 'k.bensouda@attijariwafa.com', 'n.ouhatta@attijariwafa.com', 'mohamed.berrada1@attijariwafa.com', 'R.Hilali@attijariwafa.com']",,Monsieur,Monsieur,Reda HILALI,Directeur Général,CASABLANCA,001698382000048
549,,,2021-10-08,0.0,0.0,CAPITALISANT,MA0000039067,FCP,WAFA GESTION,3906,0.01,WG TAYSSIR,HEBDOMADAIRE,FGP,ACTIONS,,MASI RB,-,ATTIJARIWAFA BANK,16,"['mohamed.berrada1@attijariwafa.com', 'h.nokra@attijariwafa.com', 'g.mrini@attijariwafa.com', 'n.ouhatta@attijariwafa.com']",192315700959.16,"416, rue Mustapha EL Maani – Casablanca – Maroc",,,,WAFA GESTION,+212 522 453 838,"['asfim@asfim.ma', 'r.elhonsali@asfim.ma', 'k.bensouda@attijariwafa.com', 'n.ouhatta@attijariwafa.com', 'mohamed.berrada1@attijariwafa.com', 'R.Hilali@attijariwafa.com']",,Monsieur,Monsieur,Reda HILALI,Directeur Général,CASABLANCA,001698382000048
548,,,2021-10-05,0.0,0.0,MIXTE,MA0000039059,FCP,WAFA GESTION,3905,0.01,WG VALEURS,QUOTIDIENNE,FGP,ACTIONS,,MASI RB,-,ATTIJARIWAFA BANK,16,"['mohamed.berrada1@attijariwafa.com', 'h.nokra@attijariwafa.com', 'g.mrini@attijariwafa.com', 'n.ouhatta@attijariwafa.com']",192315700959.16,"416, rue Mustapha EL Maani – Casablanca – Maroc",,,,WAFA GESTION,+212 522 453 838,"['asfim@asfim.ma', 'r.elhonsali@asfim.ma', 'k.bensouda@attijariwafa.com', 'n.ouhatta@attijariwafa.com', 'mohamed.berrada1@attijariwafa.com', 'R.Hilali@attijariwafa.com']",,Monsieur,Monsieur,Reda HILALI,Directeur Général,CASABLANCA,001698382000048
593,,,2023-12-01,0.02,0.02,CAPITALISANT,MA0000042327,FCP,WAFA GESTION; ATTIJARIWAFA BANK,4232,0.015,WG VALUE FACTOR FUND,HEBDOMADAIRE,FGP,ACTIONS,,MASI,-,ATTIJARIWAFA BANK,16,"['mohamed.berrada1@attijariwafa.com', 'h.nokra@attijariwafa.com', 'g.mrini@attijariwafa.com', 'n.ouhatta@attijariwafa.com']",192315700959.16,"416, rue Mustapha EL Maani – Casablanca – Maroc",,,,WAFA GESTION,+212 522 453 838,"['asfim@asfim.ma', 'r.elhonsali@asfim.ma', 'k.bensouda@attijariwafa.com', 'n.ouhatta@attijariwafa.com', 'mohamed.berrada1@attijariwafa.com', 'R.Hilali@attijariwafa.com']",,Monsieur,Monsieur,Reda HILALI,Directeur Général,CASABLANCA,001698382000048
13,,,2009-11-19,0.02,0.015,CAPITALISANT,MA0000041980,FCP,WINEO GESTION,4198,0.02,WINEO ACTIONS,HEBDOMADAIRE,FGP,ACTIONS,,MASI,-,CIH BANK,17,"['m.mqirage@wineo.ma', 'a.maazouz@wineo.ma', 'h.ettaouchi@wineo.ma']",7294129444.46,"12, rue Assakhaoui. Quartier de l'Hippodrome. Casablanca",,,,WINEO GESTION,+212 522 944 884,"['asfim@asfim.ma', 'r.elhonsali@asfim.ma', 'r.aboudou@wineo.ma', 'j.essahel@wineo.ma', 'm.mqirage@wineo.ma', 'o.chaoui@wineo.ma']",,Monsieur,Monsieur,Othman CHAOUI ROQAI,Directeur Général,CASABLANCA,000081124000009
546,,,2021-09-07,0.005,0.005,MIXTE,MA0000041972,FCP,WINEO GESTION,4197,0.02,WINEO AL AMINE,QUOTIDIENNE,FGP,ACTIONS,,-,-,ATTIJARIWAFA BANK,17,"['m.mqirage@wineo.ma', 'a.maazouz@wineo.ma', 'h.ettaouchi@wineo.ma']",7294129444.46,"12, rue Assakhaoui. Quartier de l'Hippodrome. Casablanca",,,,WINEO GESTION,+212 522 944 884,"['asfim@asfim.ma', 'r.elhonsali@asfim.ma', 'r.aboudou@wineo.ma', 'j.essahel@wineo.ma', 'm.mqirage@wineo.ma', 'o.chaoui@wineo.ma']",,Monsieur,Monsieur,Othman CHAOUI ROQAI,Directeur Général,CASABLANCA,000081124000009
14,,,2015-01-28,0.005,0.0025,CAPITALISANT,MA0000037665,FCP,WINEO GESTION,3766,0.02,WINEO AMANA,HEBDOMADAIRE,FNPP,DIVERSIFIÉ,INSTITUTIONNELS,50% MASI + 50% MBI,-,CIH BANK,17,"['m.mqirage@wineo.ma', 'a.maazouz@wineo.ma', 'h.ettaouchi@wineo.ma']",7294129444.46,"12, rue Assakhaoui. Quartier de l'Hippodrome. Casablanca",,,,WINEO GESTION,+212 522 944 884,"['asfim@asfim.ma', 'r.elhonsali@asfim.ma', 'r.aboudou@wineo.ma', 'j.essahel@wineo.ma', 'm.mqirage@wineo.ma', 'o.chaoui@wineo.ma']",,Monsieur,Monsieur,Othman CHAOUI ROQAI,Directeur Général,CASABLANCA,000081124000009
17,,,2009-11-19,0.0,0.0,CAPITALISANT,MA0000041998,FCP,WINEO GESTION,4199,0.006500000000000001,WINEO CASH,QUOTIDIENNE,FGP,MONÉTAIRE,,-,"[0  0,5[",CIH BANK,17,"['m.mqirage@wineo.ma', 'a.maazouz@wineo.ma', 'h.ettaouchi@wineo.ma']",7294129444.46,"12, rue Assakhaoui. Quartier de l'Hippodrome. Casablanca",,,,WINEO GESTION,+212 522 944 884,"['asfim@asfim.ma', 'r.elhonsali@asfim.ma', 'r.aboudou@wineo.ma', 'j.essahel@wineo.ma', 'm.mqirage@wineo.ma', 'o.chaoui@wineo.ma']",,Monsieur,Monsieur,Othman CHAOUI ROQAI,Directeur Général,CASABLANCA,000081124000009
12,,,2015-01-28,0.03,0.03,MIXTE,MA0000042004,FCP,WINEO GESTION,4200,0.02,WINEO DELTA,HEBDOMADAIRE,FGP,DIVERSIFIÉ,,50% MBI MT + 50% MASI,-,CIH BANK,17,"['m.mqirage@wineo.ma', 'a.maazouz@wineo.ma', 'h.ettaouchi@wineo.ma']",7294129444.46,"12, rue Assakhaoui. Quartier de l'Hippodrome. Casablanca",,,,WINEO GESTION,+212 522 944 884,"['asfim@asfim.ma', 'r.elhonsali@asfim.ma', 'r.aboudou@wineo.ma', 'j.essahel@wineo.ma', 'm.mqirage@wineo.ma', 'o.chaoui@wineo.ma']",,Monsieur,Monsieur,Othman CHAOUI ROQAI,Directeur Général,CASABLANCA,000081124000009
606,,,2024-07-12,0.02,0.015,DISTRIBUANT,MA0000042517,FCP,WINEO GESTION,4251,0.02,WINEO DIVIDENDES ET CROISSANCE,HEBDOMADAIRE,FGP,ACTIONS,,MASI,-,ATTIJARIWAFA BANK,17,"['m.mqirage@wineo.ma', 'a.maazouz@wineo.ma', 'h.ettaouchi@wineo.ma']",7294129444.46,"12, rue Assakhaoui. Quartier de l'Hippodrome. Casablanca",,,,WINEO GESTION,+212 522 944 884,"['asfim@asfim.ma', 'r.elhonsali@asfim.ma', 'r.aboudou@wineo.ma', 'j.essahel@wineo.ma', 'm.mqirage@wineo.ma', 'o.chaoui@wineo.ma']",,Monsieur,Monsieur,Othman CHAOUI ROQAI,Directeur Général,CASABLANCA,000081124000009
472,,,2019-09-06,0.03,0.03,MIXTE,MA0000042632,FCP,WINEO GESTION,4263,0.02,WINEO EQUINOXE,QUOTIDIENNE,FGP,DIVERSIFIÉ,,50% MBI + 50% MASI,-,CIH BANK,17,"['m.mqirage@wineo.ma', 'a.maazouz@wineo.ma', 'h.ettaouchi@wineo.ma']",7294129444.46,"12, rue Assakhaoui. Quartier de l'Hippodrome. Casablanca",,,,WINEO GESTION,+212 522 944 884,"['asfim@asfim.ma', 'r.elhonsali@asfim.ma', 'r.aboudou@wineo.ma', 'j.essahel@wineo.ma', 'm.mqirage@wineo.ma', 'o.chaoui@wineo.ma']",,Monsieur,Monsieur,Othman CHAOUI ROQAI,Directeur Général,CASABLANCA,000081124000009
16,,,2009-11-19,0.005,0.0025,CAPITALISANT,MA0000042012,FCP,WINEO GESTION,4201,0.009000000000000001,WINEO OBLIG,HEBDOMADAIRE,FGP,OMLT,,MBI,"[1,1  5,1[",CIH BANK,17,"['m.mqirage@wineo.ma', 'a.maazouz@wineo.ma', 'h.ettaouchi@wineo.ma']",7294129444.46,"12, rue Assakhaoui. Quartier de l'Hippodrome. Casablanca",,,,WINEO GESTION,+212 522 944 884,"['asfim@asfim.ma', 'r.elhonsali@asfim.ma', 'r.aboudou@wineo.ma', 'j.essahel@wineo.ma', 'm.mqirage@wineo.ma', 'o.chaoui@wineo.ma']",,Monsieur,Monsieur,Othman CHAOUI ROQAI,Directeur Général,CASABLANCA,000081124000009
18,,,2013-11-01,0.0,0.0,CAPITALISANT,MA0000042020,FCP,WINEO GESTION,4202,0.02,WINEO OBLIG CT,QUOTIDIENNE,FGP,OCT,,MBI CT,[0.5  1.1[,CIH BANK,17,"['m.mqirage@wineo.ma', 'a.maazouz@wineo.ma', 'h.ettaouchi@wineo.ma']",7294129444.46,"12, rue Assakhaoui. Quartier de l'Hippodrome. Casablanca",,,,WINEO GESTION,+212 522 944 884,"['asfim@asfim.ma', 'r.elhonsali@asfim.ma', 'r.aboudou@wineo.ma', 'j.essahel@wineo.ma', 'm.mqirage@wineo.ma', 'o.chaoui@wineo.ma']",,Monsieur,Monsieur,Othman CHAOUI ROQAI,Directeur Général,CASABLANCA,000081124000009
15,,,2013-11-01,0.03,0.03,CAPITALISANT,MA0000042038,FCP,WINEO GESTION,4203,0.02,WINEO OBLIG SECURITE,HEBDOMADAIRE,FGP,OMLT,,MBI MLT,[1.1  5.1[,CIH BANK,17,"['m.mqirage@wineo.ma', 'a.maazouz@wineo.ma', 'h.ettaouchi@wineo.ma']",7294129444.46,"12, rue Assakhaoui. Quartier de l'Hippodrome. Casablanca",,,,WINEO GESTION,+212 522 944 884,"['asfim@asfim.ma', 'r.elhonsali@asfim.ma', 'r.aboudou@wineo.ma', 'j.essahel@wineo.ma', 'm.mqirage@wineo.ma', 'o.chaoui@wineo.ma']",,Monsieur,Monsieur,Othman CHAOUI ROQAI,Directeur Général,CASABLANCA,000081124000009
600,,,2024-06-26,0.0,0.0,CAPITALISANT,MA0000042491,FCP,WINEO GESTION,4249,0.02,WINEO OCT PLUS,QUOTIDIENNE,FGP,OCT,,MBI CT,"]0,5 1,1]",ATTIJARIWAFA BANK,17,"['m.mqirage@wineo.ma', 'a.maazouz@wineo.ma', 'h.ettaouchi@wineo.ma']",7294129444.46,"12, rue Assakhaoui. Quartier de l'Hippodrome. Casablanca",,,,WINEO GESTION,+212 522 944 884,"['asfim@asfim.ma', 'r.elhonsali@asfim.ma', 'r.aboudou@wineo.ma', 'j.essahel@wineo.ma', 'm.mqirage@wineo.ma', 'o.chaoui@wineo.ma']",,Monsieur,Monsieur,Othman CHAOUI ROQAI,Directeur Général,CASABLANCA,000081124000009
569,,,2022-09-30,0.0,0.0,CAPITALISANT,MA0000039299,FCP,WINEO GESTION,3929,0.02,WINEO SECUR RENDEMENT,HEBDOMADAIRE,FNPP,OMLT,,MBI GLOBAL,"]1,1   7]",CDG,17,"['m.mqirage@wineo.ma', 'a.maazouz@wineo.ma', 'h.ettaouchi@wineo.ma']",7294129444.46,"12, rue Assakhaoui. Quartier de l'Hippodrome. Casablanca",,,,WINEO GESTION,+212 522 944 884,"['asfim@asfim.ma', 'r.elhonsali@asfim.ma', 'r.aboudou@wineo.ma', 'j.essahel@wineo.ma', 'm.mqirage@wineo.ma', 'o.chaoui@wineo.ma']",,Monsieur,Monsieur,Othman CHAOUI ROQAI,Directeur Général,CASABLANCA,000081124000009
